pesada,fecha_dia,fecha,matricula_letra,tipo_residuo,tipo_residuo_desc,subtipo_residuo,subtipo_residuo_desc,peso_neto,peso_bruto,tara,balanza,medio_transp,medio_transp_desc,trayecto,trayecto_desc,tipo_recorrido,tipo_recorrido_desc,tipo_volcado_desc,nomenclatura_circuito,municipio,lugar_salida,lugar_salida_desc,permiso,nro_permiso,permiso_id,tipo_permiso,tipo_permiso_desc,peso_autorizado,destino_volcado,destino_volcado_desc,tipo_pesada,tipo_pesada_desc,basura_propia,fmod,viaje_fecha,fecha_tara,sitio,sitio_desc,tipo_movimiento,tipo_movimiento_desc
3996241,30/11/23 00:00,30/11/23 08:28,SIM,1,TIPO DOMICILIARIO,1,ASIMILABLE A DOMICILIARIO,11590,28450,16860,5,1,COMPACTADOR LEVANTE LAT.,,,,,SIN PERMISO,,,,,,,,,,,34,ETRA (Estacion de Transferencia),1,AUTOMATICA,NO,16/01/24 10:41,29/11/23 00:00,30/11/23 08:39,2,ETRA,1,DESCARGA
3996243,30/11/23 00:00,30/11/23 08:30,SIM,1,TIPO DOMICILIARIO,1,ASIMILABLE A DOMICILIARIO,8660,26070,17410,5,1,COMPACTADOR LEVANTE LAT.,,,,,SIN PERMISO,,,,,,,,,,,34,ETRA (Estacion de Transferencia),1,AUTOMATICA,NO,16/01/24 10:41,29/11/23 00:00,30/11/23 08:40,2,ETRA,1,DESCARGA
3996253,30/11/23 00:00,30/11/23 08:36,SIM,1,TIPO DOMICILIARIO,1,ASIMILABLE A DOMICILIARIO,6090,25020,18930,5,50,COMPACTADOR LAT.CAJA DESM,,,,,SIN PERMISO,,,,,,,,,,,34,ETRA (Estacion de Transferencia),1,AUTOMATICA,NO,16/01/24 10:41,30/11/23 00:00,30/11/23 08:53,2,ETRA,1,DESCARGA
3996276,30/11/23 00:00,30/11/23 08:56,SIM,1,TIPO DOMICILIARIO,1,ASIMILABLE A DOMICILIARIO,7920,24720,16800,5,1,COMPACTADOR LEVANTE LAT.,,,,,SIN PERMISO,,,,,,,,,,,34,ETRA (Estacion de Transferencia),1,AUTOMATICA,NO,16/01/24 10:41,30/11/23 00:00,30/11/23 09:15,2,ETRA,1,DESCARGA
3996298,30/11/23 00:00,30/11/23 09:21,SIM,1,TIPO DOMICILIARIO,1,ASIMILABLE A DOMICILIARIO,9740,26890,17150,5,1,COMPACTADOR LEVANTE LAT.,,,,,SIN PERMISO,,,,,,,,,,,34,ETRA (Estacion de Transferencia),1,AUTOMATICA,NO,16/01/24 10:41,30/11/23 00:00,30/11/23 09:30,2,ETRA,1,DESCARGA
3996303,30/11/23 00:00,30/11/23 09:11,SIM,1,TIPO DOMICILIARIO,1,ASIMILABLE A DOMICILIARIO,9880,27070,17190,5,50,COMPACTADOR LAT.CAJA DESM,,,,,SIN PERMISO,,,,,,,,,,,34,ETRA (Estacion de Transferencia),1,AUTOMATICA,NO,16/01/24 10:41,29/11/23 00:00,30/11/23 09:32,2,ETRA,1,DESCARGA
3996305,30/11/23 00:00,30/11/23 09:23,SIM,1,TIPO DOMICILIARIO,1,ASIMILABLE A DOMICILIARIO,3910,20750,16840,5,1,COMPACTADOR LEVANTE LAT.,,,,,SIN PERMISO,,,,,,,,,,,34,ETRA (Estacion de Transferencia),1,AUTOMATICA,NO,16/01/24 10:41,30/11/23 00:00,30/11/23 09:34,2,ETRA,1,DESCARGA
3996344,30/11/23 00:00,30/11/23 09:45,SIM,1,TIPO DOMICILIARIO,1,ASIMILABLE A DOMICILIARIO,13090,30540,17450,5,1,COMPACTADOR LEVANTE LAT.,,,,,SIN PERMISO,,,,,,,,,,,34,ETRA (Estacion de Transferencia),1,AUTOMATICA,NO,16/01/24 10:41,29/11/23 00:00,30/11/23 10:01,2,ETRA,1,DESCARGA
3996380,30/11/23 00:00,30/11/23 10:16,SIM,1,TIPO DOMICILIARIO,1,ASIMILABLE A DOMICILIARIO,9080,26500,17420,5,1,COMPACTADOR LEVANTE LAT.,,,,,SIN PERMISO,,,,,,,,,,,34,ETRA (Estacion de Transferencia),1,AUTOMATICA,NO,16/01/24 10:41,29/11/23 00:00,30/11/23 10:24,2,ETRA,1,DESCARGA
3996400,30/11/23 00:00,30/11/23 10:26,SIM,1,TIPO DOMICILIARIO,1,ASIMILABLE A DOMICILIARIO,6270,25250,18980,5,50,COMPACTADOR LAT.CAJA DESM,,,,,SIN PERMISO,,,,,,,,,,,34,ETRA (Estacion de Transferencia),1,AUTOMATICA,NO,16/01/24 10:41,29/11/23 00:00,30/11/23 10:37,2,ETRA,1,DESCARGA
3996471,30/11/23 00:00,30/11/23 11:14,SIM,1,TIPO DOMICILIARIO,1,ASIMILABLE A DOMICILIARIO,3600,14150,10550,5,16,GRÚA,,,,,SIN PERMISO,,,,,,,,,,,34,ETRA (Estacion de Transferencia),1,AUTOMATICA,NO,16/01/24 10:41,29/11/23 00:00,30/11/23 11:20,2,ETRA,1,DESCARGA
3996515,30/11/23 00:00,30/11/23 11:31,SIM,1,TIPO DOMICILIARIO,1,ASIMILABLE A DOMICILIARIO,7500,26430,18930,5,50,COMPACTADOR LAT.CAJA DESM,,,,,SIN PERMISO,,,,,,,,,,,34,ETRA (Estacion de Transferencia),1,AUTOMATICA,NO,16/01/24 10:41,29/11/23 00:00,30/11/23 11:46,2,ETRA,1,DESCARGA
3997243,01/12/23 00:00,01/12/23 08:31,SIM,1,TIPO DOMICILIARIO,1,ASIMILABLE A DOMICILIARIO,6540,25440,18900,5,50,COMPACTADOR LAT.CAJA DESM,,,,,SIN PERMISO,,,,,,,,,,,34,ETRA (Estacion de Transferencia),1,AUTOMATICA,NO,16/01/24 10:42,01/12/23 00:00,01/12/23 08:43,2,ETRA,1,DESCARGA
3997263,01/12/23 00:00,01/12/23 08:53,SIM,1,TIPO DOMICILIARIO,1,ASIMILABLE A DOMICILIARIO,6680,25660,18980,5,50,COMPACTADOR LAT.CAJA DESM,,,,,SIN PERMISO,,,,,,,,,,,34,ETRA (Estacion de Transferencia),1,AUTOMATICA,NO,16/01/24 10:42,01/12/23 00:00,01/12/23 09:02,2,ETRA,1,DESCARGA
3997265,01/12/23 00:00,01/12/23 08:41,SIM,1,TIPO DOMICILIARIO,1,ASIMILABLE A DOMICILIARIO,6310,25090,18780,5,50,COMPACTADOR LAT.CAJA DESM,,,,,SIN PERMISO,,,,,,,,,,,34,ETRA (Estacion de Transferencia),1,AUTOMATICA,NO,16/01/24 10:42,01/12/23 00:00,01/12/23 09:03,2,ETRA,1,DESCARGA
3997268,01/12/23 00:00,01/12/23 08:55,SIM,1,TIPO DOMICILIARIO,1,ASIMILABLE A DOMICILIARIO,7890,24780,16890,5,1,COMPACTADOR LEVANTE LAT.,,,,,SIN PERMISO,,,,,,,,,,,34,ETRA (Estacion de Transferencia),1,AUTOMATICA,NO,16/01/24 10:42,30/11/23 00:00,01/12/23 09:06,2,ETRA,1,DESCARGA
3997334,01/12/23 00:00,01/12/23 09:55,SIM,1,TIPO DOMICILIARIO,1,ASIMILABLE A DOMICILIARIO,2810,13310,10500,5,16,GRÚA,,,,,SIN PERMISO,,,,,,,,,,,34,ETRA (Estacion de Transferencia),1,AUTOMATICA,NO,16/01/24 10:42,01/12/23 00:00,01/12/23 10:03,2,ETRA,1,DESCARGA
3997347,01/12/23 00:00,01/12/23 10:00,SIM,1,TIPO DOMICILIARIO,1,ASIMILABLE A DOMICILIARIO,5670,24540,18870,5,50,COMPACTADOR LAT.CAJA DESM,,,,,SIN PERMISO,,,,,,,,,,,34,ETRA (Estacion de Transferencia),1,AUTOMATICA,NO,16/01/24 10:42,01/12/23 00:00,01/12/23 10:08,2,ETRA,1,DESCARGA
3997451,01/12/23 00:00,01/12/23 11:04,SIM,1,TIPO DOMICILIARIO,1,ASIMILABLE A DOMICILIARIO,7530,26850,19320,5,50,COMPACTADOR LAT.CAJA DESM,,,,,SIN PERMISO,,,,,,,,,,,34,ETRA (Estacion de Transferencia),1,AUTOMATICA,NO,16/01/24 10:42,30/11/23 00:00,01/12/23 11:14,2,ETRA,1,DESCARGA
3997476,01/12/23 00:00,01/12/23 11:21,SIM,1,TIPO DOMICILIARIO,1,ASIMILABLE A DOMICILIARIO,7420,26300,18880,5,50,COMPACTADOR LAT.CAJA DESM,,,,,SIN PERMISO,,,,,,,,,,,34,ETRA (Estacion de Transferencia),1,AUTOMATICA,NO,16/01/24 10:42,01/12/23 00:00,01/12/23 11:29,2,ETRA,1,DESCARGA
3997479,01/12/23 00:00,01/12/23 11:24,SIM,1,TIPO DOMICILIARIO,1,ASIMILABLE A DOMICILIARIO,9070,26020,16950,5,1,COMPACTADOR LEVANTE LAT.,,,,,SIN PERMISO,,,,,,,,,,,34,ETRA (Estacion de Transferencia),1,AUTOMATICA,NO,16/01/24 10:42,30/11/23 00:00,01/12/23 11:32,2,ETRA,1,DESCARGA
3998708,04/12/23 00:00,04/12/23 09:02,SIM,1,TIPO DOMICILIARIO,99,OTROS,8740,25920,17180,5,1,COMPACTADOR LEVANTE LAT.,,,,,SIN PERMISO,,,,,,,,,,,34,ETRA (Estacion de Transferencia),1,AUTOMATICA,NO,16/01/24 10:43,03/12/23 00:00,04/12/23 09:09,2,ETRA,1,DESCARGA
3998766,04/12/23 00:00,04/12/23 09:46,SIM,1,TIPO DOMICILIARIO,1,ASIMILABLE A DOMICILIARIO,6480,25230,18750,5,50,COMPACTADOR LAT.CAJA DESM,,,,,SIN PERMISO,,,,,,,,,,,34,ETRA (Estacion de Transferencia),1,AUTOMATICA,NO,16/01/24 10:43,04/12/23 00:00,04/12/23 09:55,2,ETRA,1,DESCARGA
3998786,04/12/23 00:00,04/12/23 10:06,SIM,1,TIPO DOMICILIARIO,1,ASIMILABLE A DOMICILIARIO,8300,25420,17120,5,1,COMPACTADOR LEVANTE LAT.,,,,,SIN PERMISO,,,,,,,,,,,34,ETRA (Estacion de Transferencia),1,AUTOMATICA,NO,16/01/24 10:43,04/12/23 00:00,04/12/23 10:13,2,ETRA,1,DESCARGA
3998792,04/12/23 00:00,04/12/23 10:09,SIM,1,TIPO DOMICILIARIO,1,ASIMILABLE A DOMICILIARIO,7960,26870,18910,5,50,COMPACTADOR LAT.CAJA DESM,,,,,SIN PERMISO,,,,,,,,,,,34,ETRA (Estacion de Transferencia),1,AUTOMATICA,NO,16/01/24 10:43,04/12/23 00:00,04/12/23 10:20,2,ETRA,1,DESCARGA
3998847,04/12/23 00:00,04/12/23 11:00,SIM,1,TIPO DOMICILIARIO,1,ASIMILABLE A DOMICILIARIO,6020,24880,18860,5,50,COMPACTADOR LAT.CAJA DESM,,,,,SIN PERMISO,,,,,,,,,,,34,ETRA (Estacion de Transferencia),1,AUTOMATICA,NO,16/01/24 10:43,04/12/23 00:00,04/12/23 11:10,2,ETRA,1,DESCARGA
3998871,04/12/23 00:00,04/12/23 11:14,SIM,1,TIPO DOMICILIARIO,1,ASIMILABLE A DOMICILIARIO,10850,27800,16950,5,1,COMPACTADOR LEVANTE LAT.,,,,,SIN PERMISO,,,,,,,,,,,34,ETRA (Estacion de Transferencia),1,AUTOMATICA,NO,16/01/24 10:43,04/12/23 00:00,04/12/23 11:21,2,ETRA,1,DESCARGA
3998873,04/12/23 00:00,04/12/23 11:15,SIM,1,TIPO DOMICILIARIO,1,ASIMILABLE A DOMICILIARIO,4690,23460,18770,5,50,COMPACTADOR LAT.CAJA DESM,,,,,SIN PERMISO,,,,,,,,,,,34,ETRA (Estacion de Transferencia),1,AUTOMATICA,NO,16/01/24 10:43,03/12/23 00:00,04/12/23 11:31,2,ETRA,1,DESCARGA
3998875,04/12/23 00:00,04/12/23 11:28,SIM,1,TIPO DOMICILIARIO,1,ASIMILABLE A DOMICILIARIO,7950,25020,17070,5,1,COMPACTADOR LEVANTE LAT.,,,,,SIN PERMISO,,,,,,,,,,,34,ETRA (Estacion de Transferencia),1,AUTOMATICA,NO,16/01/24 10:43,03/12/23 00:00,04/12/23 11:35,2,ETRA,1,DESCARGA
3998906,04/12/23 00:00,04/12/23 11:38,SIM,1,TIPO DOMICILIARIO,1,ASIMILABLE A DOMICILIARIO,9660,28400,18740,5,50,COMPACTADOR LAT.CAJA DESM,,,,,SIN PERMISO,,,,,,,,,,,34,ETRA (Estacion de Transferencia),1,AUTOMATICA,NO,16/01/24 10:43,04/12/23 00:00,04/12/23 11:49,2,ETRA,1,DESCARGA
3999245,04/12/23 00:00,04/12/23 16:14,SIM,1,TIPO DOMICILIARIO,1,ASIMILABLE A DOMICILIARIO,12080,29350,17270,5,1,COMPACTADOR LEVANTE LAT.,,,,,SIN PERMISO,,,,,,,,,,,34,ETRA (Estacion de Transferencia),1,AUTOMATICA,NO,16/01/24 10:43,03/12/23 00:00,04/12/23 16:21,2,ETRA,1,DESCARGA
3999252,04/12/23 00:00,04/12/23 16:18,SIM,1,TIPO DOMICILIARIO,1,ASIMILABLE A DOMICILIARIO,10210,27060,16850,5,1,COMPACTADOR LEVANTE LAT.,,,,,SIN PERMISO,,,,,,,,,,,34,ETRA (Estacion de Transferencia),1,AUTOMATICA,NO,16/01/24 10:43,04/12/23 00:00,04/12/23 16:26,2,ETRA,1,DESCARGA
3999278,04/12/23 00:00,04/12/23 16:38,SIM,1,TIPO DOMICILIARIO,1,ASIMILABLE A DOMICILIARIO,8860,25800,16940,5,1,COMPACTADOR LEVANTE LAT.,,,,,SIN PERMISO,,,,,,,,,,,34,ETRA (Estacion de Transferencia),1,AUTOMATICA,NO,16/01/24 10:43,03/12/23 00:00,04/12/23 16:48,2,ETRA,1,DESCARGA
3999283,04/12/23 00:00,04/12/23 16:45,SIM,1,TIPO DOMICILIARIO,1,ASIMILABLE A DOMICILIARIO,14460,31610,17150,5,1,COMPACTADOR LEVANTE LAT.,,,,,SIN PERMISO,,,,,,,,,,,34,ETRA (Estacion de Transferencia),1,AUTOMATICA,NO,16/01/24 10:43,04/12/23 00:00,04/12/23 16:53,2,ETRA,1,DESCARGA
3999286,04/12/23 00:00,04/12/23 16:46,SIM,1,TIPO DOMICILIARIO,1,ASIMILABLE A DOMICILIARIO,9730,26970,17240,5,1,COMPACTADOR LEVANTE LAT.,,,,,SIN PERMISO,,,,,,,,,,,34,ETRA (Estacion de Transferencia),1,AUTOMATICA,NO,16/01/24 10:43,03/12/23 00:00,04/12/23 16:55,2,ETRA,1,DESCARGA
3999294,04/12/23 00:00,04/12/23 16:54,SIM,1,TIPO DOMICILIARIO,1,ASIMILABLE A DOMICILIARIO,9760,27360,17600,5,1,COMPACTADOR LEVANTE LAT.,,,,,SIN PERMISO,,,,,,,,,,,34,ETRA (Estacion de Transferencia),1,AUTOMATICA,NO,16/01/24 10:43,04/12/23 00:00,04/12/23 17:01,2,ETRA,1,DESCARGA
3999376,04/12/23 00:00,04/12/23 17:58,SIM,1,TIPO DOMICILIARIO,1,ASIMILABLE A DOMICILIARIO,9460,26740,17280,5,1,COMPACTADOR LEVANTE LAT.,,,,,SIN PERMISO,,,,,,,,,,,34,ETRA (Estacion de Transferencia),1,AUTOMATICA,NO,16/01/24 10:43,03/12/23 00:00,04/12/23 18:06,2,ETRA,1,DESCARGA
3999402,04/12/23 00:00,04/12/23 18:50,SIM,1,TIPO DOMICILIARIO,1,ASIMILABLE A DOMICILIARIO,10370,27850,17480,5,1,COMPACTADOR LEVANTE LAT.,,,,,SIN PERMISO,,,,,,,,,,,34,ETRA (Estacion de Transferencia),1,AUTOMATICA,NO,16/01/24 10:43,04/12/23 00:00,04/12/23 18:57,2,ETRA,1,DESCARGA
3999428,04/12/23 00:00,04/12/23 19:08,SIM,1,TIPO DOMICILIARIO,1,ASIMILABLE A DOMICILIARIO,11030,27980,16950,5,1,COMPACTADOR LEVANTE LAT.,,,,,SIN PERMISO,,,,,,,,,,,34,ETRA (Estacion de Transferencia),1,AUTOMATICA,NO,16/01/24 10:43,04/12/23 00:00,04/12/23 19:18,2,ETRA,1,DESCARGA
3999437,04/12/23 00:00,04/12/23 19:15,SIM,1,TIPO DOMICILIARIO,1,ASIMILABLE A DOMICILIARIO,13280,30690,17410,5,1,COMPACTADOR LEVANTE LAT.,,,,,SIN PERMISO,,,,,,,,,,,34,ETRA (Estacion de Transferencia),1,AUTOMATICA,NO,16/01/24 10:43,04/12/23 00:00,04/12/23 19:23,2,ETRA,1,DESCARGA
3999623,05/12/23 00:00,05/12/23 08:33,SIM,1,TIPO DOMICILIARIO,1,ASIMILABLE A DOMICILIARIO,9400,26520,17120,5,1,COMPACTADOR LEVANTE LAT.,,,,,SIN PERMISO,,,,,,,,,,,34,ETRA (Estacion de Transferencia),1,AUTOMATICA,NO,16/01/24 10:43,05/12/23 00:00,05/12/23 08:42,2,ETRA,1,DESCARGA
3999642,05/12/23 00:00,05/12/23 08:45,SIM,1,TIPO DOMICILIARIO,1,ASIMILABLE A DOMICILIARIO,10900,27980,17080,5,1,COMPACTADOR LEVANTE LAT.,,,,,SIN PERMISO,,,,,,,,,,,34,ETRA (Estacion de Transferencia),1,AUTOMATICA,NO,16/01/24 10:43,04/12/23 00:00,05/12/23 08:53,2,ETRA,1,DESCARGA
3999644,05/12/23 00:00,05/12/23 08:43,SIM,1,TIPO DOMICILIARIO,1,ASIMILABLE A DOMICILIARIO,11810,28930,17120,5,1,COMPACTADOR LEVANTE LAT.,,,,,SIN PERMISO,,,,,,,,,,,34,ETRA (Estacion de Transferencia),1,AUTOMATICA,NO,16/01/24 10:43,04/12/23 00:00,05/12/23 08:54,2,ETRA,1,DESCARGA
3999651,05/12/23 00:00,05/12/23 08:50,SIM,1,TIPO DOMICILIARIO,99,OTROS,6930,25910,18980,5,50,COMPACTADOR LAT.CAJA DESM,,,,,SIN PERMISO,,,,,,,,,,,34,ETRA (Estacion de Transferencia),1,AUTOMATICA,NO,16/01/24 10:43,04/12/23 00:00,05/12/23 08:59,2,ETRA,1,DESCARGA
3999656,05/12/23 00:00,05/12/23 08:55,SIM,1,TIPO DOMICILIARIO,1,ASIMILABLE A DOMICILIARIO,8920,25940,17020,5,1,COMPACTADOR LEVANTE LAT.,,,,,SIN PERMISO,,,,,,,,,,,34,ETRA (Estacion de Transferencia),1,AUTOMATICA,NO,16/01/24 10:43,04/12/23 00:00,05/12/23 09:02,2,ETRA,1,DESCARGA
3999661,05/12/23 00:00,05/12/23 08:52,SIM,1,TIPO DOMICILIARIO,1,ASIMILABLE A DOMICILIARIO,9580,28510,18930,5,50,COMPACTADOR LAT.CAJA DESM,,,,,SIN PERMISO,,,,,,,,,,,34,ETRA (Estacion de Transferencia),1,AUTOMATICA,NO,16/01/24 10:43,04/12/23 00:00,05/12/23 09:06,2,ETRA,1,DESCARGA
3999672,05/12/23 00:00,05/12/23 08:59,SIM,1,TIPO DOMICILIARIO,1,ASIMILABLE A DOMICILIARIO,9490,28230,18740,5,50,COMPACTADOR LAT.CAJA DESM,,,,,SIN PERMISO,,,,,,,,,,,34,ETRA (Estacion de Transferencia),1,AUTOMATICA,NO,16/01/24 10:43,05/12/23 00:00,05/12/23 09:18,2,ETRA,1,DESCARGA
3999721,05/12/23 00:00,05/12/23 09:49,SIM,1,TIPO DOMICILIARIO,1,ASIMILABLE A DOMICILIARIO,11510,28880,17370,5,1,COMPACTADOR LEVANTE LAT.,,,,,SIN PERMISO,,,,,,,,,,,34,ETRA (Estacion de Transferencia),1,AUTOMATICA,NO,16/01/24 10:43,04/12/23 00:00,05/12/23 09:57,2,ETRA,1,DESCARGA
3999794,05/12/23 00:00,05/12/23 10:43,SIM,1,TIPO DOMICILIARIO,99,OTROS,7130,25980,18850,5,50,COMPACTADOR LAT.CAJA DESM,,,,,SIN PERMISO,,,,,,,,,,,34,ETRA (Estacion de Transferencia),1,AUTOMATICA,NO,16/01/24 10:43,04/12/23 00:00,05/12/23 10:52,2,ETRA,1,DESCARGA
3999800,05/12/23 00:00,05/12/23 10:49,SIM,1,TIPO DOMICILIARIO,1,ASIMILABLE A DOMICILIARIO,12140,29330,17190,5,1,COMPACTADOR LEVANTE LAT.,,,,,SIN PERMISO,,,,,,,,,,,34,ETRA (Estacion de Transferencia),1,AUTOMATICA,NO,16/01/24 10:43,04/12/23 00:00,05/12/23 10:56,2,ETRA,1,DESCARGA
3999808,05/12/23 00:00,05/12/23 09:37,SIM,1,TIPO DOMICILIARIO,99,OTROS,10470,28030,17560,5,1,COMPACTADOR LEVANTE LAT.,,,,,SIN PERMISO,,,,,,,,,,,34,ETRA (Estacion de Transferencia),1,AUTOMATICA,NO,16/01/24 10:43,05/12/23 00:00,05/12/23 11:03,2,ETRA,1,DESCARGA
3999829,05/12/23 00:00,05/12/23 11:07,SIM,1,TIPO DOMICILIARIO,1,ASIMILABLE A DOMICILIARIO,9370,28360,18990,5,50,COMPACTADOR LAT.CAJA DESM,,,,,SIN PERMISO,,,,,,,,,,,34,ETRA (Estacion de Transferencia),1,AUTOMATICA,NO,16/01/24 10:43,04/12/23 00:00,05/12/23 11:19,2,ETRA,1,DESCARGA
3999864,05/12/23 00:00,05/12/23 11:22,SIM,1,TIPO DOMICILIARIO,1,ASIMILABLE A DOMICILIARIO,7600,26280,18680,5,50,COMPACTADOR LAT.CAJA DESM,,,,,SIN PERMISO,,,,,,,,,,,34,ETRA (Estacion de Transferencia),1,AUTOMATICA,NO,16/01/24 10:43,04/12/23 00:00,05/12/23 11:37,2,ETRA,1,DESCARGA
3999870,05/12/23 00:00,05/12/23 11:35,SIM,1,TIPO DOMICILIARIO,1,ASIMILABLE A DOMICILIARIO,10520,27550,17030,5,1,COMPACTADOR LEVANTE LAT.,,,,,SIN PERMISO,,,,,,,,,,,34,ETRA (Estacion de Transferencia),1,AUTOMATICA,NO,16/01/24 10:43,05/12/23 00:00,05/12/23 11:41,2,ETRA,1,DESCARGA
3999873,05/12/23 00:00,05/12/23 11:36,SIM,1,TIPO DOMICILIARIO,1,ASIMILABLE A DOMICILIARIO,9420,26810,17390,5,1,COMPACTADOR LEVANTE LAT.,,,,,SIN PERMISO,,,,,,,,,,,34,ETRA (Estacion de Transferencia),1,AUTOMATICA,NO,16/01/24 10:43,04/12/23 00:00,05/12/23 11:42,2,ETRA,1,DESCARGA
4000197,05/12/23 00:00,05/12/23 15:14,SIM,1,TIPO DOMICILIARIO,1,ASIMILABLE A DOMICILIARIO,7650,24630,16980,5,1,COMPACTADOR LEVANTE LAT.,,,,,SIN PERMISO,,,,,,,,,,,34,ETRA (Estacion de Transferencia),1,AUTOMATICA,NO,16/01/24 10:43,05/12/23 00:00,05/12/23 15:24,2,ETRA,1,DESCARGA
4000280,05/12/23 00:00,05/12/23 16:18,SIM,1,TIPO DOMICILIARIO,1,ASIMILABLE A DOMICILIARIO,8800,25820,17020,5,1,COMPACTADOR LEVANTE LAT.,,,,,SIN PERMISO,,,,,,,,,,,34,ETRA (Estacion de Transferencia),1,AUTOMATICA,NO,16/01/24 10:43,05/12/23 00:00,05/12/23 16:30,2,ETRA,1,DESCARGA
4000309,05/12/23 00:00,05/12/23 16:47,SIM,1,TIPO DOMICILIARIO,1,ASIMILABLE A DOMICILIARIO,9290,26350,17060,5,1,COMPACTADOR LEVANTE LAT.,,,,,SIN PERMISO,,,,,,,,,,,34,ETRA (Estacion de Transferencia),1,AUTOMATICA,NO,16/01/24 10:43,04/12/23 00:00,05/12/23 16:56,2,ETRA,1,DESCARGA
4000344,05/12/23 00:00,05/12/23 17:16,SIM,1,TIPO DOMICILIARIO,1,ASIMILABLE A DOMICILIARIO,2600,13060,10460,5,16,GRÚA,,,,,SIN PERMISO,,,,,,,,,,,34,ETRA (Estacion de Transferencia),1,AUTOMATICA,NO,16/01/24 10:43,05/12/23 00:00,05/12/23 17:22,2,ETRA,1,DESCARGA
4000392,05/12/23 00:00,05/12/23 17:58,SIM,1,TIPO DOMICILIARIO,1,ASIMILABLE A DOMICILIARIO,14140,31230,17090,5,1,COMPACTADOR LEVANTE LAT.,,,,,SIN PERMISO,,,,,,,,,,,34,ETRA (Estacion de Transferencia),1,AUTOMATICA,NO,16/01/24 10:43,05/12/23 00:00,05/12/23 18:07,2,ETRA,1,DESCARGA
4000397,05/12/23 00:00,05/12/23 18:09,SIM,1,TIPO DOMICILIARIO,1,ASIMILABLE A DOMICILIARIO,8750,25740,16990,5,1,COMPACTADOR LEVANTE LAT.,,,,,SIN PERMISO,,,,,,,,,,,34,ETRA (Estacion de Transferencia),1,AUTOMATICA,NO,16/01/24 10:43,04/12/23 00:00,05/12/23 18:16,2,ETRA,1,DESCARGA
4000412,05/12/23 00:00,05/12/23 18:34,SIM,1,TIPO DOMICILIARIO,1,ASIMILABLE A DOMICILIARIO,10710,26920,16210,5,1,COMPACTADOR LEVANTE LAT.,,,,,SIN PERMISO,,,,,,,,,,,34,ETRA (Estacion de Transferencia),1,AUTOMATICA,NO,16/01/24 10:43,05/12/23 00:00,05/12/23 18:42,2,ETRA,1,DESCARGA
4000423,05/12/23 00:00,05/12/23 18:54,SIM,1,TIPO DOMICILIARIO,1,ASIMILABLE A DOMICILIARIO,7740,24870,17130,5,1,COMPACTADOR LEVANTE LAT.,,,,,SIN PERMISO,,,,,,,,,,,34,ETRA (Estacion de Transferencia),1,AUTOMATICA,NO,16/01/24 10:43,04/12/23 00:00,05/12/23 19:02,2,ETRA,1,DESCARGA
4000431,05/12/23 00:00,05/12/23 18:58,SIM,1,TIPO DOMICILIARIO,1,ASIMILABLE A DOMICILIARIO,2890,19880,16990,5,1,COMPACTADOR LEVANTE LAT.,,,,,SIN PERMISO,,,,,,,,,,,34,ETRA (Estacion de Transferencia),1,AUTOMATICA,NO,16/01/24 10:43,05/12/23 00:00,05/12/23 19:06,2,ETRA,1,DESCARGA
4000593,06/12/23 00:00,06/12/23 08:26,SIM,1,TIPO DOMICILIARIO,1,ASIMILABLE A DOMICILIARIO,6610,22980,16370,5,1,COMPACTADOR LEVANTE LAT.,,,,,SIN PERMISO,,,,,,,,,,,34,ETRA (Estacion de Transferencia),1,AUTOMATICA,NO,16/01/24 10:44,05/12/23 00:00,06/12/23 08:41,2,ETRA,1,DESCARGA
4000623,06/12/23 00:00,06/12/23 08:58,SIM,1,TIPO DOMICILIARIO,99,OTROS,9830,27060,17230,5,1,COMPACTADOR LEVANTE LAT.,,,,,SIN PERMISO,,,,,,,,,,,34,ETRA (Estacion de Transferencia),1,AUTOMATICA,NO,16/01/24 10:44,05/12/23 00:00,06/12/23 09:06,2,ETRA,1,DESCARGA
4000637,06/12/23 00:00,06/12/23 09:08,SIM,1,TIPO DOMICILIARIO,1,ASIMILABLE A DOMICILIARIO,5940,24810,18870,5,50,COMPACTADOR LAT.CAJA DESM,,,,,SIN PERMISO,,,,,,,,,,,34,ETRA (Estacion de Transferencia),1,AUTOMATICA,NO,16/01/24 10:44,05/12/23 00:00,06/12/23 09:24,2,ETRA,1,DESCARGA
4000784,06/12/23 00:00,06/12/23 10:32,SIM,1,TIPO DOMICILIARIO,1,ASIMILABLE A DOMICILIARIO,11630,29260,17630,5,1,COMPACTADOR LEVANTE LAT.,,,,,SIN PERMISO,,,,,,,,,,,34,ETRA (Estacion de Transferencia),1,AUTOMATICA,NO,16/01/24 10:44,06/12/23 00:00,06/12/23 10:39,2,ETRA,1,DESCARGA
4000794,06/12/23 00:00,06/12/23 10:42,SIM,1,TIPO DOMICILIARIO,1,ASIMILABLE A DOMICILIARIO,1740,12250,10510,5,16,GRÚA,,,,,SIN PERMISO,,,,,,,,,,,34,ETRA (Estacion de Transferencia),1,AUTOMATICA,NO,16/01/24 10:44,06/12/23 00:00,06/12/23 10:45,2,ETRA,1,DESCARGA
4000800,06/12/23 00:00,06/12/23 10:34,SIM,1,TIPO DOMICILIARIO,1,ASIMILABLE A DOMICILIARIO,8510,27900,19390,5,50,COMPACTADOR LAT.CAJA DESM,,,,,SIN PERMISO,,,,,,,,,,,34,ETRA (Estacion de Transferencia),1,AUTOMATICA,NO,16/01/24 10:44,05/12/23 00:00,06/12/23 10:50,2,ETRA,1,DESCARGA
4000834,06/12/23 00:00,06/12/23 11:02,SIM,1,TIPO DOMICILIARIO,1,ASIMILABLE A DOMICILIARIO,7870,24870,17000,5,1,COMPACTADOR LEVANTE LAT.,,,,,SIN PERMISO,,,,,,,,,,,34,ETRA (Estacion de Transferencia),1,AUTOMATICA,NO,16/01/24 10:44,05/12/23 00:00,06/12/23 11:11,2,ETRA,1,DESCARGA
4000842,06/12/23 00:00,06/12/23 11:11,SIM,1,TIPO DOMICILIARIO,1,ASIMILABLE A DOMICILIARIO,8930,25990,17060,5,1,COMPACTADOR LEVANTE LAT.,,,,,SIN PERMISO,,,,,,,,,,,34,ETRA (Estacion de Transferencia),1,AUTOMATICA,NO,16/01/24 10:44,06/12/23 00:00,06/12/23 11:17,2,ETRA,1,DESCARGA
4000844,06/12/23 00:00,06/12/23 10:58,SIM,1,TIPO DOMICILIARIO,1,ASIMILABLE A DOMICILIARIO,5020,23910,18890,5,50,COMPACTADOR LAT.CAJA DESM,,,,,SIN PERMISO,,,,,,,,,,,34,ETRA (Estacion de Transferencia),1,AUTOMATICA,NO,16/01/24 10:44,05/12/23 00:00,06/12/23 11:21,2,ETRA,1,DESCARGA
4000853,06/12/23 00:00,06/12/23 11:19,SIM,1,TIPO DOMICILIARIO,1,ASIMILABLE A DOMICILIARIO,6350,25240,18890,5,50,COMPACTADOR LAT.CAJA DESM,,,,,SIN PERMISO,,,,,,,,,,,34,ETRA (Estacion de Transferencia),1,AUTOMATICA,NO,16/01/24 10:44,06/12/23 00:00,06/12/23 11:27,2,ETRA,1,DESCARGA
4001226,06/12/23 00:00,06/12/23 16:33,SIM,1,TIPO DOMICILIARIO,1,ASIMILABLE A DOMICILIARIO,8070,25210,17140,5,1,COMPACTADOR LEVANTE LAT.,,,,,SIN PERMISO,,,,,,,,,,,34,ETRA (Estacion de Transferencia),1,AUTOMATICA,NO,16/01/24 10:44,05/12/23 00:00,06/12/23 16:39,2,ETRA,1,DESCARGA
4001234,06/12/23 00:00,06/12/23 16:39,SIM,1,TIPO DOMICILIARIO,1,ASIMILABLE A DOMICILIARIO,8520,24810,16290,5,1,COMPACTADOR LEVANTE LAT.,,,,,SIN PERMISO,,,,,,,,,,,34,ETRA (Estacion de Transferencia),1,AUTOMATICA,NO,16/01/24 10:44,06/12/23 00:00,06/12/23 16:46,2,ETRA,1,DESCARGA
4001240,06/12/23 00:00,06/12/23 16:41,SIM,1,TIPO DOMICILIARIO,1,ASIMILABLE A DOMICILIARIO,12180,29550,17370,5,1,COMPACTADOR LEVANTE LAT.,,,,,SIN PERMISO,,,,,,,,,,,34,ETRA (Estacion de Transferencia),1,AUTOMATICA,NO,16/01/24 10:44,05/12/23 00:00,06/12/23 16:50,2,ETRA,1,DESCARGA
4001261,06/12/23 00:00,06/12/23 17:01,SIM,1,TIPO DOMICILIARIO,1,ASIMILABLE A DOMICILIARIO,9620,26700,17080,5,1,COMPACTADOR LEVANTE LAT.,,,,,SIN PERMISO,,,,,,,,,,,34,ETRA (Estacion de Transferencia),1,AUTOMATICA,NO,16/01/24 10:44,05/12/23 00:00,06/12/23 17:10,2,ETRA,1,DESCARGA
4001265,06/12/23 00:00,06/12/23 17:07,SIM,1,TIPO DOMICILIARIO,1,ASIMILABLE A DOMICILIARIO,3180,13460,10280,5,16,GRÚA,,,,,SIN PERMISO,,,,,,,,,,,34,ETRA (Estacion de Transferencia),1,AUTOMATICA,NO,16/01/24 10:44,05/12/23 00:00,06/12/23 17:11,2,ETRA,1,DESCARGA
4001274,06/12/23 00:00,06/12/23 17:19,SIM,1,TIPO DOMICILIARIO,1,ASIMILABLE A DOMICILIARIO,5920,22450,16530,5,1,COMPACTADOR LEVANTE LAT.,,,,,SIN PERMISO,,,,,,,,,,,34,ETRA (Estacion de Transferencia),1,AUTOMATICA,NO,16/01/24 10:44,05/12/23 00:00,06/12/23 17:25,2,ETRA,1,DESCARGA
4001313,06/12/23 00:00,06/12/23 18:24,SIM,1,TIPO DOMICILIARIO,1,ASIMILABLE A DOMICILIARIO,12440,29940,17500,5,1,COMPACTADOR LEVANTE LAT.,,,,,SIN PERMISO,,,,,,,,,,,34,ETRA (Estacion de Transferencia),1,AUTOMATICA,NO,16/01/24 10:44,06/12/23 00:00,06/12/23 18:33,2,ETRA,1,DESCARGA
4001324,06/12/23 00:00,06/12/23 18:45,SIM,1,TIPO DOMICILIARIO,1,ASIMILABLE A DOMICILIARIO,9790,26080,16290,5,1,COMPACTADOR LEVANTE LAT.,,,,,SIN PERMISO,,,,,,,,,,,34,ETRA (Estacion de Transferencia),1,AUTOMATICA,NO,16/01/24 10:44,06/12/23 00:00,06/12/23 18:51,2,ETRA,1,DESCARGA
4001344,06/12/23 00:00,06/12/23 19:03,SIM,1,TIPO DOMICILIARIO,1,ASIMILABLE A DOMICILIARIO,4630,21700,17070,5,1,COMPACTADOR LEVANTE LAT.,,,,,SIN PERMISO,,,,,,,,,,,34,ETRA (Estacion de Transferencia),1,AUTOMATICA,NO,16/01/24 10:44,06/12/23 00:00,06/12/23 19:12,2,ETRA,1,DESCARGA
4001347,06/12/23 00:00,06/12/23 19:07,SIM,1,TIPO DOMICILIARIO,1,ASIMILABLE A DOMICILIARIO,3550,20060,16510,5,1,COMPACTADOR LEVANTE LAT.,,,,,SIN PERMISO,,,,,,,,,,,34,ETRA (Estacion de Transferencia),1,AUTOMATICA,NO,16/01/24 10:44,05/12/23 00:00,06/12/23 19:16,2,ETRA,1,DESCARGA
4001350,06/12/23 00:00,06/12/23 19:05,SIM,1,TIPO DOMICILIARIO,1,ASIMILABLE A DOMICILIARIO,6180,23360,17180,5,1,COMPACTADOR LEVANTE LAT.,,,,,SIN PERMISO,,,,,,,,,,,34,ETRA (Estacion de Transferencia),1,AUTOMATICA,NO,16/01/24 10:44,06/12/23 00:00,06/12/23 19:17,2,ETRA,1,DESCARGA
4001529,07/12/23 00:00,07/12/23 08:28,SIM,1,TIPO DOMICILIARIO,1,ASIMILABLE A DOMICILIARIO,7840,26750,18910,5,50,COMPACTADOR LAT.CAJA DESM,,,,,SIN PERMISO,,,,,,,,,,,34,ETRA (Estacion de Transferencia),1,AUTOMATICA,NO,16/01/24 10:44,07/12/23 00:00,07/12/23 08:46,2,ETRA,1,DESCARGA
4001541,07/12/23 00:00,07/12/23 08:39,SIM,1,TIPO DOMICILIARIO,1,ASIMILABLE A DOMICILIARIO,8940,27890,18950,5,50,COMPACTADOR LAT.CAJA DESM,,,,,SIN PERMISO,,,,,,,,,,,34,ETRA (Estacion de Transferencia),1,AUTOMATICA,NO,16/01/24 10:44,07/12/23 00:00,07/12/23 08:53,2,ETRA,1,DESCARGA
4001548,07/12/23 00:00,07/12/23 08:52,SIM,1,TIPO DOMICILIARIO,1,ASIMILABLE A DOMICILIARIO,10830,28230,17400,5,1,COMPACTADOR LEVANTE LAT.,,,,,SIN PERMISO,,,,,,,,,,,34,ETRA (Estacion de Transferencia),1,AUTOMATICA,NO,16/01/24 10:44,06/12/23 00:00,07/12/23 08:59,2,ETRA,1,DESCARGA
4001550,07/12/23 00:00,07/12/23 08:55,SIM,1,TIPO DOMICILIARIO,1,ASIMILABLE A DOMICILIARIO,6410,23650,17240,5,1,COMPACTADOR LEVANTE LAT.,,,,,SIN PERMISO,,,,,,,,,,,34,ETRA (Estacion de Transferencia),1,AUTOMATICA,NO,16/01/24 10:44,07/12/23 00:00,07/12/23 09:01,2,ETRA,1,DESCARGA
4001557,07/12/23 00:00,07/12/23 08:57,SIM,1,TIPO DOMICILIARIO,1,ASIMILABLE A DOMICILIARIO,8890,28030,19140,5,50,COMPACTADOR LAT.CAJA DESM,,,,,SIN PERMISO,,,,,,,,,,,34,ETRA (Estacion de Transferencia),1,AUTOMATICA,NO,16/01/24 10:44,07/12/23 00:00,07/12/23 09:06,2,ETRA,1,DESCARGA
4001560,07/12/23 00:00,07/12/23 08:59,SIM,1,TIPO DOMICILIARIO,1,ASIMILABLE A DOMICILIARIO,13960,31300,17340,5,1,COMPACTADOR LEVANTE LAT.,,,,,SIN PERMISO,,,,,,,,,,,34,ETRA (Estacion de Transferencia),1,AUTOMATICA,NO,16/01/24 10:44,07/12/23 00:00,07/12/23 09:07,2,ETRA,1,DESCARGA
4001565,07/12/23 00:00,07/12/23 09:02,SIM,1,TIPO DOMICILIARIO,1,ASIMILABLE A DOMICILIARIO,14100,31410,17310,5,1,COMPACTADOR LEVANTE LAT.,,,,,SIN PERMISO,,,,,,,,,,,34,ETRA (Estacion de Transferencia),1,AUTOMATICA,NO,16/01/24 10:44,07/12/23 00:00,07/12/23 09:11,2,ETRA,1,DESCARGA
4001569,07/12/23 00:00,07/12/23 09:04,SIM,1,TIPO DOMICILIARIO,1,ASIMILABLE A DOMICILIARIO,6780,24040,17260,5,1,COMPACTADOR LEVANTE LAT.,,,,,SIN PERMISO,,,,,,,,,,,34,ETRA (Estacion de Transferencia),1,AUTOMATICA,NO,16/01/24 10:44,06/12/23 00:00,07/12/23 09:13,2,ETRA,1,DESCARGA
4001571,07/12/23 00:00,07/12/23 09:05,SIM,1,TIPO DOMICILIARIO,1,ASIMILABLE A DOMICILIARIO,10700,27170,16470,5,1,COMPACTADOR LEVANTE LAT.,,,,,SIN PERMISO,,,,,,,,,,,34,ETRA (Estacion de Transferencia),1,AUTOMATICA,NO,16/01/24 10:44,06/12/23 00:00,07/12/23 09:15,2,ETRA,1,DESCARGA
4001580,07/12/23 00:00,07/12/23 09:10,SIM,1,TIPO DOMICILIARIO,1,ASIMILABLE A DOMICILIARIO,7500,26290,18790,5,50,COMPACTADOR LAT.CAJA DESM,,,,,SIN PERMISO,,,,,,,,,,,34,ETRA (Estacion de Transferencia),1,AUTOMATICA,NO,16/01/24 10:44,06/12/23 00:00,07/12/23 09:21,2,ETRA,1,DESCARGA
4001592,07/12/23 00:00,07/12/23 09:18,SIM,1,TIPO DOMICILIARIO,5,ASIMILABLE A DOMICILIARIO (ORIGEN EXTRANJERO),10900,29760,18860,5,50,COMPACTADOR LAT.CAJA DESM,,,,,SIN PERMISO,,,,,,,,,,,34,ETRA (Estacion de Transferencia),1,AUTOMATICA,NO,16/01/24 10:44,07/12/23 00:00,07/12/23 09:30,2,ETRA,1,DESCARGA
4001669,07/12/23 00:00,07/12/23 10:22,SIM,1,TIPO DOMICILIARIO,5,ASIMILABLE A DOMICILIARIO (ORIGEN EXTRANJERO),3500,22220,18720,5,50,COMPACTADOR LAT.CAJA DESM,,,,,SIN PERMISO,,,,,,,,,,,34,ETRA (Estacion de Transferencia),1,AUTOMATICA,NO,16/01/24 10:44,06/12/23 00:00,07/12/23 10:30,2,ETRA,1,DESCARGA
4001673,07/12/23 00:00,07/12/23 10:21,SIM,1,TIPO DOMICILIARIO,1,ASIMILABLE A DOMICILIARIO,4790,23510,18720,5,50,COMPACTADOR LAT.CAJA DESM,,,,,SIN PERMISO,,,,,,,,,,,34,ETRA (Estacion de Transferencia),1,AUTOMATICA,NO,16/01/24 10:44,06/12/23 00:00,07/12/23 10:33,2,ETRA,1,DESCARGA
4001676,07/12/23 00:00,07/12/23 10:23,SIM,1,TIPO DOMICILIARIO,1,ASIMILABLE A DOMICILIARIO,6920,25810,18890,5,50,COMPACTADOR LAT.CAJA DESM,,,,,SIN PERMISO,,,,,,,,,,,34,ETRA (Estacion de Transferencia),1,AUTOMATICA,NO,16/01/24 10:44,06/12/23 00:00,07/12/23 10:34,2,ETRA,1,DESCARGA
4001696,07/12/23 00:00,07/12/23 10:41,SIM,1,TIPO DOMICILIARIO,1,ASIMILABLE A DOMICILIARIO,6970,24270,17300,5,1,COMPACTADOR LEVANTE LAT.,,,,,SIN PERMISO,,,,,,,,,,,34,ETRA (Estacion de Transferencia),1,AUTOMATICA,NO,16/01/24 10:44,07/12/23 00:00,07/12/23 10:48,2,ETRA,1,DESCARGA
4001739,07/12/23 00:00,07/12/23 10:57,SIM,1,TIPO DOMICILIARIO,1,ASIMILABLE A DOMICILIARIO,6710,25550,18840,5,50,COMPACTADOR LAT.CAJA DESM,,,,,SIN PERMISO,,,,,,,,,,,34,ETRA (Estacion de Transferencia),1,AUTOMATICA,NO,16/01/24 10:44,06/12/23 00:00,07/12/23 11:13,2,ETRA,1,DESCARGA
4001742,07/12/23 00:00,07/12/23 11:07,SIM,1,TIPO DOMICILIARIO,1,ASIMILABLE A DOMICILIARIO,4980,21430,16450,5,1,COMPACTADOR LEVANTE LAT.,,,,,SIN PERMISO,,,,,,,,,,,34,ETRA (Estacion de Transferencia),1,AUTOMATICA,NO,16/01/24 10:44,06/12/23 00:00,07/12/23 11:14,2,ETRA,1,DESCARGA
4001758,07/12/23 00:00,07/12/23 11:16,SIM,1,TIPO DOMICILIARIO,1,ASIMILABLE A DOMICILIARIO,9930,26360,16430,5,1,COMPACTADOR LEVANTE LAT.,,,,,SIN PERMISO,,,,,,,,,,,34,ETRA (Estacion de Transferencia),1,AUTOMATICA,NO,16/01/24 10:44,06/12/23 00:00,07/12/23 11:23,2,ETRA,1,DESCARGA
4001776,07/12/23 00:00,07/12/23 11:26,SIM,1,TIPO DOMICILIARIO,1,ASIMILABLE A DOMICILIARIO,9090,26410,17320,5,1,COMPACTADOR LEVANTE LAT.,,,,,SIN PERMISO,,,,,,,,,,,34,ETRA (Estacion de Transferencia),1,AUTOMATICA,NO,16/01/24 10:44,07/12/23 00:00,07/12/23 11:34,2,ETRA,1,DESCARGA
4002144,07/12/23 00:00,07/12/23 16:07,SIM,1,TIPO DOMICILIARIO,1,ASIMILABLE A DOMICILIARIO,8640,25890,17250,5,1,COMPACTADOR LEVANTE LAT.,,,,,SIN PERMISO,,,,,,,,,,,34,ETRA (Estacion de Transferencia),1,AUTOMATICA,NO,16/01/24 10:44,06/12/23 00:00,07/12/23 16:15,2,ETRA,1,DESCARGA
4002157,07/12/23 00:00,07/12/23 16:22,SIM,1,TIPO DOMICILIARIO,1,ASIMILABLE A DOMICILIARIO,7670,24890,17220,5,1,COMPACTADOR LEVANTE LAT.,,,,,SIN PERMISO,,,,,,,,,,,34,ETRA (Estacion de Transferencia),1,AUTOMATICA,NO,16/01/24 10:44,07/12/23 00:00,07/12/23 16:29,2,ETRA,1,DESCARGA
4002173,07/12/23 00:00,07/12/23 16:41,SIM,1,TIPO DOMICILIARIO,1,ASIMILABLE A DOMICILIARIO,7940,25280,17340,5,1,COMPACTADOR LEVANTE LAT.,,,,,SIN PERMISO,,,,,,,,,,,34,ETRA (Estacion de Transferencia),1,AUTOMATICA,NO,16/01/24 10:44,07/12/23 00:00,07/12/23 16:51,2,ETRA,1,DESCARGA
4002189,07/12/23 00:00,07/12/23 16:40,SIM,1,TIPO DOMICILIARIO,1,ASIMILABLE A DOMICILIARIO,8720,25930,17210,5,1,COMPACTADOR LEVANTE LAT.,,,,,SIN PERMISO,,,,,,,,,,,34,ETRA (Estacion de Transferencia),1,AUTOMATICA,NO,16/01/24 10:44,07/12/23 00:00,07/12/23 17:04,2,ETRA,1,DESCARGA
4002194,07/12/23 00:00,07/12/23 17:03,SIM,1,TIPO DOMICILIARIO,1,ASIMILABLE A DOMICILIARIO,7730,24000,16270,5,1,COMPACTADOR LEVANTE LAT.,,,,,SIN PERMISO,,,,,,,,,,,34,ETRA (Estacion de Transferencia),1,AUTOMATICA,NO,16/01/24 10:44,06/12/23 00:00,07/12/23 17:09,2,ETRA,1,DESCARGA
4002221,07/12/23 00:00,07/12/23 17:32,SIM,1,TIPO DOMICILIARIO,1,ASIMILABLE A DOMICILIARIO,10770,28010,17240,5,1,COMPACTADOR LEVANTE LAT.,,,,,SIN PERMISO,,,,,,,,,,,34,ETRA (Estacion de Transferencia),1,AUTOMATICA,NO,16/01/24 10:44,07/12/23 00:00,07/12/23 17:41,2,ETRA,1,DESCARGA
4002236,07/12/23 00:00,07/12/23 17:44,SIM,1,TIPO DOMICILIARIO,1,ASIMILABLE A DOMICILIARIO,13260,30700,17440,5,1,COMPACTADOR LEVANTE LAT.,,,,,SIN PERMISO,,,,,,,,,,,34,ETRA (Estacion de Transferencia),1,AUTOMATICA,NO,16/01/24 10:44,06/12/23 00:00,07/12/23 17:50,2,ETRA,1,DESCARGA
4002250,07/12/23 00:00,07/12/23 18:00,SIM,1,TIPO DOMICILIARIO,1,ASIMILABLE A DOMICILIARIO,14940,32630,17690,5,1,COMPACTADOR LEVANTE LAT.,,,,,SIN PERMISO,,,,,,,,,,,34,ETRA (Estacion de Transferencia),1,AUTOMATICA,NO,16/01/24 10:44,06/12/23 00:00,07/12/23 18:13,2,ETRA,1,DESCARGA
4002265,07/12/23 00:00,07/12/23 18:30,SIM,1,TIPO DOMICILIARIO,1,ASIMILABLE A DOMICILIARIO,5240,22450,17210,5,1,COMPACTADOR LEVANTE LAT.,,,,,SIN PERMISO,,,,,,,,,,,34,ETRA (Estacion de Transferencia),1,AUTOMATICA,NO,16/01/24 10:44,07/12/23 00:00,07/12/23 18:37,2,ETRA,1,DESCARGA
4002270,07/12/23 00:00,07/12/23 18:38,SIM,1,TIPO DOMICILIARIO,1,ASIMILABLE A DOMICILIARIO,11630,28830,17200,5,1,COMPACTADOR LEVANTE LAT.,,,,,SIN PERMISO,,,,,,,,,,,34,ETRA (Estacion de Transferencia),1,AUTOMATICA,NO,16/01/24 10:44,06/12/23 00:00,07/12/23 18:46,2,ETRA,1,DESCARGA
4002297,07/12/23 00:00,07/12/23 19:09,SIM,1,TIPO DOMICILIARIO,1,ASIMILABLE A DOMICILIARIO,8660,25000,16340,5,1,COMPACTADOR LEVANTE LAT.,,,,,SIN PERMISO,,,,,,,,,,,34,ETRA (Estacion de Transferencia),1,AUTOMATICA,NO,16/01/24 10:44,07/12/23 00:00,07/12/23 19:24,2,ETRA,1,DESCARGA
4002302,07/12/23 00:00,07/12/23 19:14,SIM,1,TIPO DOMICILIARIO,1,ASIMILABLE A DOMICILIARIO,8720,26040,17320,5,1,COMPACTADOR LEVANTE LAT.,,,,,SIN PERMISO,,,,,,,,,,,34,ETRA (Estacion de Transferencia),1,AUTOMATICA,NO,16/01/24 10:44,07/12/23 00:00,07/12/23 19:25,2,ETRA,1,DESCARGA
4002462,08/12/23 00:00,08/12/23 08:26,SIM,1,TIPO DOMICILIARIO,99,OTROS,7580,26660,19080,5,50,COMPACTADOR LAT.CAJA DESM,,,,,SIN PERMISO,,,,,,,,,,,34,ETRA (Estacion de Transferencia),1,AUTOMATICA,NO,16/01/24 10:44,08/12/23 00:00,08/12/23 08:36,2,ETRA,1,DESCARGA
4002473,08/12/23 00:00,08/12/23 08:42,SIM,1,TIPO DOMICILIARIO,1,ASIMILABLE A DOMICILIARIO,2770,13270,10500,5,16,GRÚA,,,,,SIN PERMISO,,,,,,,,,,,34,ETRA (Estacion de Transferencia),1,AUTOMATICA,NO,16/01/24 10:44,07/12/23 00:00,08/12/23 08:45,2,ETRA,1,DESCARGA
4002499,08/12/23 00:00,08/12/23 08:54,SIM,1,TIPO DOMICILIARIO,1,ASIMILABLE A DOMICILIARIO,6250,23570,17320,5,1,COMPACTADOR LEVANTE LAT.,,,,,SIN PERMISO,,,,,,,,,,,34,ETRA (Estacion de Transferencia),1,AUTOMATICA,NO,16/01/24 10:44,08/12/23 00:00,08/12/23 09:00,2,ETRA,1,DESCARGA
4002502,08/12/23 00:00,08/12/23 08:55,SIM,1,TIPO DOMICILIARIO,99,OTROS,7310,24560,17250,5,1,COMPACTADOR LEVANTE LAT.,,,,,SIN PERMISO,,,,,,,,,,,34,ETRA (Estacion de Transferencia),1,AUTOMATICA,NO,16/01/24 10:44,08/12/23 00:00,08/12/23 09:02,2,ETRA,1,DESCARGA
4002527,08/12/23 00:00,08/12/23 09:13,SIM,1,TIPO DOMICILIARIO,1,ASIMILABLE A DOMICILIARIO,5280,21760,16480,5,1,COMPACTADOR LEVANTE LAT.,,,,,SIN PERMISO,,,,,,,,,,,34,ETRA (Estacion de Transferencia),1,AUTOMATICA,NO,16/01/24 10:44,07/12/23 00:00,08/12/23 09:22,2,ETRA,1,DESCARGA
4002538,08/12/23 00:00,08/12/23 09:11,SIM,1,TIPO DOMICILIARIO,1,ASIMILABLE A DOMICILIARIO,11340,29990,18650,5,50,COMPACTADOR LAT.CAJA DESM,,,,,SIN PERMISO,,,,,,,,,,,34,ETRA (Estacion de Transferencia),1,AUTOMATICA,NO,16/01/24 10:44,08/12/23 00:00,08/12/23 09:28,2,ETRA,1,DESCARGA
4002541,08/12/23 00:00,08/12/23 09:17,SIM,1,TIPO DOMICILIARIO,1,ASIMILABLE A DOMICILIARIO,6220,24990,18770,5,50,COMPACTADOR LAT.CAJA DESM,,,,,SIN PERMISO,,,,,,,,,,,34,ETRA (Estacion de Transferencia),1,AUTOMATICA,NO,16/01/24 10:44,07/12/23 00:00,08/12/23 09:30,2,ETRA,1,DESCARGA
4002573,08/12/23 00:00,08/12/23 09:22,SIM,1,TIPO DOMICILIARIO,1,ASIMILABLE A DOMICILIARIO,11870,29240,17370,5,1,COMPACTADOR LEVANTE LAT.,,,,,SIN PERMISO,,,,,,,,,,,34,ETRA (Estacion de Transferencia),1,AUTOMATICA,NO,16/01/24 10:44,07/12/23 00:00,08/12/23 09:52,2,ETRA,1,DESCARGA
4002606,08/12/23 00:00,08/12/23 10:11,SIM,1,TIPO DOMICILIARIO,99,OTROS,7370,26300,18930,5,50,COMPACTADOR LAT.CAJA DESM,,,,,SIN PERMISO,,,,,,,,,,,34,ETRA (Estacion de Transferencia),1,AUTOMATICA,NO,16/01/24 10:44,07/12/23 00:00,08/12/23 10:18,2,ETRA,1,DESCARGA
4002656,08/12/23 00:00,08/12/23 10:37,SIM,1,TIPO DOMICILIARIO,1,ASIMILABLE A DOMICILIARIO,5970,23020,17050,5,1,COMPACTADOR LEVANTE LAT.,,,,,SIN PERMISO,,,,,,,,,,,34,ETRA (Estacion de Transferencia),1,AUTOMATICA,NO,16/01/24 10:44,08/12/23 00:00,08/12/23 10:47,2,ETRA,1,DESCARGA
4002664,08/12/23 00:00,08/12/23 10:48,SIM,1,TIPO DOMICILIARIO,1,ASIMILABLE A DOMICILIARIO,2480,12980,10500,5,16,GRÚA,,,,,SIN PERMISO,,,,,,,,,,,34,ETRA (Estacion de Transferencia),1,AUTOMATICA,NO,16/01/24 10:44,07/12/23 00:00,08/12/23 10:51,2,ETRA,1,DESCARGA
4002667,08/12/23 00:00,08/12/23 10:45,SIM,1,TIPO DOMICILIARIO,99,OTROS,9200,26460,17260,5,1,COMPACTADOR LEVANTE LAT.,,,,,SIN PERMISO,,,,,,,,,,,34,ETRA (Estacion de Transferencia),1,AUTOMATICA,NO,16/01/24 10:44,07/12/23 00:00,08/12/23 10:53,2,ETRA,1,DESCARGA
4002681,08/12/23 00:00,08/12/23 10:50,SIM,1,TIPO DOMICILIARIO,1,ASIMILABLE A DOMICILIARIO,9120,28370,19250,5,50,COMPACTADOR LAT.CAJA DESM,,,,,SIN PERMISO,,,,,,,,,,,34,ETRA (Estacion de Transferencia),1,AUTOMATICA,NO,16/01/24 10:44,08/12/23 00:00,08/12/23 11:01,2,ETRA,1,DESCARGA
4002683,08/12/23 00:00,08/12/23 10:58,SIM,1,TIPO DOMICILIARIO,1,ASIMILABLE A DOMICILIARIO,6470,23780,17310,5,1,COMPACTADOR LEVANTE LAT.,,,,,SIN PERMISO,,,,,,,,,,,34,ETRA (Estacion de Transferencia),1,AUTOMATICA,NO,16/01/24 10:44,07/12/23 00:00,08/12/23 11:03,2,ETRA,1,DESCARGA
4002722,08/12/23 00:00,08/12/23 11:17,SIM,1,TIPO DOMICILIARIO,99,OTROS,4410,23400,18990,5,50,COMPACTADOR LAT.CAJA DESM,,,,,SIN PERMISO,,,,,,,,,,,34,ETRA (Estacion de Transferencia),1,AUTOMATICA,NO,16/01/24 10:44,08/12/23 00:00,08/12/23 11:27,2,ETRA,1,DESCARGA
4002725,08/12/23 00:00,08/12/23 11:22,SIM,1,TIPO DOMICILIARIO,1,ASIMILABLE A DOMICILIARIO,5360,21820,16460,5,1,COMPACTADOR LEVANTE LAT.,,,,,SIN PERMISO,,,,,,,,,,,34,ETRA (Estacion de Transferencia),1,AUTOMATICA,NO,16/01/24 10:44,08/12/23 00:00,08/12/23 11:28,2,ETRA,1,DESCARGA
4002741,08/12/23 00:00,08/12/23 11:23,SIM,1,TIPO DOMICILIARIO,1,ASIMILABLE A DOMICILIARIO,5170,24050,18880,5,50,COMPACTADOR LAT.CAJA DESM,,,,,SIN PERMISO,,,,,,,,,,,34,ETRA (Estacion de Transferencia),1,AUTOMATICA,NO,16/01/24 10:44,08/12/23 00:00,08/12/23 11:37,2,ETRA,1,DESCARGA
4003130,08/12/23 00:00,08/12/23 16:19,SIM,1,TIPO DOMICILIARIO,1,ASIMILABLE A DOMICILIARIO,9600,26960,17360,5,1,COMPACTADOR LEVANTE LAT.,,,,,SIN PERMISO,,,,,,,,,,,34,ETRA (Estacion de Transferencia),1,AUTOMATICA,NO,16/01/24 10:44,07/12/23 00:00,08/12/23 16:26,2,ETRA,1,DESCARGA
4003145,08/12/23 00:00,08/12/23 16:37,SIM,1,TIPO DOMICILIARIO,1,ASIMILABLE A DOMICILIARIO,8910,26050,17140,5,1,COMPACTADOR LEVANTE LAT.,,,,,SIN PERMISO,,,,,,,,,,,34,ETRA (Estacion de Transferencia),1,AUTOMATICA,NO,16/01/24 10:44,07/12/23 00:00,08/12/23 16:44,2,ETRA,1,DESCARGA
4003161,08/12/23 00:00,08/12/23 16:44,SIM,1,TIPO DOMICILIARIO,99,OTROS,10400,27560,17160,5,1,COMPACTADOR LEVANTE LAT.,,,,,SIN PERMISO,,,,,,,,,,,34,ETRA (Estacion de Transferencia),1,AUTOMATICA,NO,16/01/24 10:44,08/12/23 00:00,08/12/23 16:55,2,ETRA,1,DESCARGA
4003165,08/12/23 00:00,08/12/23 16:56,SIM,1,TIPO DOMICILIARIO,1,ASIMILABLE A DOMICILIARIO,2090,12360,10270,5,16,GRÚA,,,,,SIN PERMISO,,,,,,,,,,,34,ETRA (Estacion de Transferencia),1,AUTOMATICA,NO,16/01/24 10:44,07/12/23 00:00,08/12/23 16:59,2,ETRA,1,DESCARGA
4003170,08/12/23 00:00,08/12/23 16:54,SIM,1,TIPO DOMICILIARIO,1,ASIMILABLE A DOMICILIARIO,15870,33070,17200,5,1,COMPACTADOR LEVANTE LAT.,,,,,SIN PERMISO,,,,,,,,,,,34,ETRA (Estacion de Transferencia),1,AUTOMATICA,NO,16/01/24 10:44,07/12/23 00:00,08/12/23 17:02,2,ETRA,1,DESCARGA
4003221,08/12/23 00:00,08/12/23 18:00,SIM,1,TIPO DOMICILIARIO,1,ASIMILABLE A DOMICILIARIO,7860,25220,17360,5,1,COMPACTADOR LEVANTE LAT.,,,,,SIN PERMISO,,,,,,,,,,,34,ETRA (Estacion de Transferencia),1,AUTOMATICA,NO,16/01/24 10:44,08/12/23 00:00,08/12/23 18:06,2,ETRA,1,DESCARGA
4003262,08/12/23 00:00,08/12/23 18:58,SIM,1,TIPO DOMICILIARIO,1,ASIMILABLE A DOMICILIARIO,5030,22210,17180,5,1,COMPACTADOR LEVANTE LAT.,,,,,SIN PERMISO,,,,,,,,,,,34,ETRA (Estacion de Transferencia),1,AUTOMATICA,NO,16/01/24 10:44,08/12/23 00:00,08/12/23 19:04,2,ETRA,1,DESCARGA
4003272,08/12/23 00:00,08/12/23 19:14,SIM,1,TIPO DOMICILIARIO,1,ASIMILABLE A DOMICILIARIO,5960,23320,17360,5,1,COMPACTADOR LEVANTE LAT.,,,,,SIN PERMISO,,,,,,,,,,,34,ETRA (Estacion de Transferencia),1,AUTOMATICA,NO,16/01/24 10:44,07/12/23 00:00,08/12/23 19:19,2,ETRA,1,DESCARGA
4003289,08/12/23 00:00,08/12/23 19:35,SIM,1,TIPO DOMICILIARIO,99,OTROS,12040,29280,17240,5,1,COMPACTADOR LEVANTE LAT.,,,,,SIN PERMISO,,,,,,,,,,,34,ETRA (Estacion de Transferencia),1,AUTOMATICA,NO,16/01/24 10:44,08/12/23 00:00,08/12/23 19:42,2,ETRA,1,DESCARGA
4003439,09/12/23 00:00,09/12/23 08:32,SIM,1,TIPO DOMICILIARIO,1,ASIMILABLE A DOMICILIARIO,8290,27530,19240,5,50,COMPACTADOR LAT.CAJA DESM,,,,,SIN PERMISO,,,,,,,,,,,34,ETRA (Estacion de Transferencia),1,AUTOMATICA,NO,16/01/24 10:44,08/12/23 00:00,09/12/23 08:44,2,ETRA,1,DESCARGA
4003455,09/12/23 00:00,09/12/23 08:53,SIM,1,TIPO DOMICILIARIO,1,ASIMILABLE A DOMICILIARIO,7620,24860,17240,5,1,COMPACTADOR LEVANTE LAT.,,,,,SIN PERMISO,,,,,,,,,,,34,ETRA (Estacion de Transferencia),1,AUTOMATICA,NO,16/01/24 10:44,08/12/23 00:00,09/12/23 09:00,2,ETRA,1,DESCARGA
4003456,09/12/23 00:00,09/12/23 08:54,SIM,1,TIPO DOMICILIARIO,99,OTROS,9600,28760,19160,5,50,COMPACTADOR LAT.CAJA DESM,,,,,SIN PERMISO,,,,,,,,,,,34,ETRA (Estacion de Transferencia),1,AUTOMATICA,NO,16/01/24 10:44,09/12/23 00:00,09/12/23 09:02,2,ETRA,1,DESCARGA
4003465,09/12/23 00:00,09/12/23 08:59,SIM,1,TIPO DOMICILIARIO,1,ASIMILABLE A DOMICILIARIO,8870,28110,19240,5,50,COMPACTADOR LAT.CAJA DESM,,,,,SIN PERMISO,,,,,,,,,,,34,ETRA (Estacion de Transferencia),1,AUTOMATICA,NO,16/01/24 10:44,09/12/23 00:00,09/12/23 09:11,2,ETRA,1,DESCARGA
4003474,09/12/23 00:00,09/12/23 09:02,SIM,1,TIPO DOMICILIARIO,1,ASIMILABLE A DOMICILIARIO,9220,28090,18870,5,50,COMPACTADOR LAT.CAJA DESM,,,,,SIN PERMISO,,,,,,,,,,,34,ETRA (Estacion de Transferencia),1,AUTOMATICA,NO,16/01/24 10:44,08/12/23 00:00,09/12/23 09:15,2,ETRA,1,DESCARGA
4003477,09/12/23 00:00,09/12/23 08:57,SIM,1,TIPO DOMICILIARIO,5,ASIMILABLE A DOMICILIARIO (ORIGEN EXTRANJERO),9580,28290,18710,5,50,COMPACTADOR LAT.CAJA DESM,,,,,SIN PERMISO,,,,,,,,,,,34,ETRA (Estacion de Transferencia),1,AUTOMATICA,NO,16/01/24 10:44,09/12/23 00:00,09/12/23 09:16,2,ETRA,1,DESCARGA
4003480,09/12/23 00:00,09/12/23 09:09,SIM,1,TIPO DOMICILIARIO,1,ASIMILABLE A DOMICILIARIO,7690,24160,16470,5,1,COMPACTADOR LEVANTE LAT.,,,,,SIN PERMISO,,,,,,,,,,,34,ETRA (Estacion de Transferencia),1,AUTOMATICA,NO,16/01/24 10:44,09/12/23 00:00,09/12/23 09:17,2,ETRA,1,DESCARGA
4003496,09/12/23 00:00,09/12/23 09:23,SIM,1,TIPO DOMICILIARIO,1,ASIMILABLE A DOMICILIARIO,4010,14520,10510,5,16,GRÚA,,,,,SIN PERMISO,,,,,,,,,,,34,ETRA (Estacion de Transferencia),1,AUTOMATICA,NO,16/01/24 10:44,08/12/23 00:00,09/12/23 09:27,2,ETRA,1,DESCARGA
4003507,09/12/23 00:00,09/12/23 09:27,SIM,1,TIPO DOMICILIARIO,1,ASIMILABLE A DOMICILIARIO,12190,29480,17290,5,1,COMPACTADOR LEVANTE LAT.,,,,,SIN PERMISO,,,,,,,,,,,34,ETRA (Estacion de Transferencia),1,AUTOMATICA,NO,16/01/24 10:44,08/12/23 00:00,09/12/23 09:35,2,ETRA,1,DESCARGA
4003523,09/12/23 00:00,09/12/23 09:37,SIM,1,TIPO DOMICILIARIO,1,ASIMILABLE A DOMICILIARIO,5440,22460,17020,5,1,COMPACTADOR LEVANTE LAT.,,,,,SIN PERMISO,,,,,,,,,,,34,ETRA (Estacion de Transferencia),1,AUTOMATICA,NO,16/01/24 10:44,08/12/23 00:00,09/12/23 09:44,2,ETRA,1,DESCARGA
4003585,09/12/23 00:00,09/12/23 10:16,SIM,1,TIPO DOMICILIARIO,1,ASIMILABLE A DOMICILIARIO,8310,27670,19360,5,50,COMPACTADOR LAT.CAJA DESM,,,,,SIN PERMISO,,,,,,,,,,,34,ETRA (Estacion de Transferencia),1,AUTOMATICA,NO,16/01/24 10:44,08/12/23 00:00,09/12/23 10:31,2,ETRA,1,DESCARGA
4003588,09/12/23 00:00,09/12/23 10:25,SIM,1,TIPO DOMICILIARIO,1,ASIMILABLE A DOMICILIARIO,5350,22570,17220,5,1,COMPACTADOR LEVANTE LAT.,,,,,SIN PERMISO,,,,,,,,,,,34,ETRA (Estacion de Transferencia),1,AUTOMATICA,NO,16/01/24 10:44,09/12/23 00:00,09/12/23 10:33,2,ETRA,1,DESCARGA
4003594,09/12/23 00:00,09/12/23 10:19,SIM,1,TIPO DOMICILIARIO,99,OTROS,1790,20570,18780,5,50,COMPACTADOR LAT.CAJA DESM,,,,,SIN PERMISO,,,,,,,,,,,34,ETRA (Estacion de Transferencia),1,AUTOMATICA,NO,16/01/24 10:44,09/12/23 00:00,09/12/23 10:36,2,ETRA,1,DESCARGA
4003599,09/12/23 00:00,09/12/23 10:28,SIM,1,TIPO DOMICILIARIO,1,ASIMILABLE A DOMICILIARIO,5000,23860,18860,5,50,COMPACTADOR LAT.CAJA DESM,,,,,SIN PERMISO,,,,,,,,,,,34,ETRA (Estacion de Transferencia),1,AUTOMATICA,NO,16/01/24 10:44,09/12/23 00:00,09/12/23 10:39,2,ETRA,1,DESCARGA
4003618,09/12/23 00:00,09/12/23 10:40,SIM,1,TIPO DOMICILIARIO,1,ASIMILABLE A DOMICILIARIO,13880,30850,16970,5,1,COMPACTADOR LEVANTE LAT.,,,,,SIN PERMISO,,,,,,,,,,,34,ETRA (Estacion de Transferencia),1,AUTOMATICA,NO,16/01/24 10:44,08/12/23 00:00,09/12/23 10:50,2,ETRA,1,DESCARGA
4003645,09/12/23 00:00,09/12/23 10:57,SIM,1,TIPO DOMICILIARIO,1,ASIMILABLE A DOMICILIARIO,8650,27400,18750,5,50,COMPACTADOR LAT.CAJA DESM,,,,,SIN PERMISO,,,,,,,,,,,34,ETRA (Estacion de Transferencia),1,AUTOMATICA,NO,16/01/24 10:44,08/12/23 00:00,09/12/23 11:08,2,ETRA,1,DESCARGA
4003649,09/12/23 00:00,09/12/23 10:59,SIM,1,TIPO DOMICILIARIO,99,OTROS,7800,26610,18810,5,50,COMPACTADOR LAT.CAJA DESM,,,,,SIN PERMISO,,,,,,,,,,,34,ETRA (Estacion de Transferencia),1,AUTOMATICA,NO,16/01/24 10:44,09/12/23 00:00,09/12/23 11:09,2,ETRA,1,DESCARGA
4003658,09/12/23 00:00,09/12/23 11:04,SIM,1,TIPO DOMICILIARIO,5,ASIMILABLE A DOMICILIARIO (ORIGEN EXTRANJERO),7300,26000,18700,5,50,COMPACTADOR LAT.CAJA DESM,,,,,SIN PERMISO,,,,,,,,,,,34,ETRA (Estacion de Transferencia),1,AUTOMATICA,NO,16/01/24 10:44,09/12/23 00:00,09/12/23 11:16,2,ETRA,1,DESCARGA
4003688,09/12/23 00:00,09/12/23 11:30,SIM,1,TIPO DOMICILIARIO,1,ASIMILABLE A DOMICILIARIO,2830,20060,17230,5,1,COMPACTADOR LEVANTE LAT.,,,,,SIN PERMISO,,,,,,,,,,,34,ETRA (Estacion de Transferencia),1,AUTOMATICA,NO,16/01/24 10:44,09/12/23 00:00,09/12/23 11:36,2,ETRA,1,DESCARGA
4003701,09/12/23 00:00,09/12/23 11:08,SIM,1,TIPO DOMICILIARIO,1,ASIMILABLE A DOMICILIARIO,1930,22850,20920,5,1,COMPACTADOR LEVANTE LAT.,,,,,SIN PERMISO,,,,,,,,,,,34,ETRA (Estacion de Transferencia),1,AUTOMATICA,NO,16/01/24 10:44,08/12/23 00:00,09/12/23 11:46,2,ETRA,1,DESCARGA
4003711,09/12/23 00:00,09/12/23 11:49,SIM,1,TIPO DOMICILIARIO,1,ASIMILABLE A DOMICILIARIO,10720,28000,17280,5,1,COMPACTADOR LEVANTE LAT.,,,,,SIN PERMISO,,,,,,,,,,,34,ETRA (Estacion de Transferencia),1,AUTOMATICA,NO,16/01/24 10:44,09/12/23 00:00,09/12/23 11:55,2,ETRA,1,DESCARGA
4003923,09/12/23 00:00,09/12/23 15:41,SIM,1,TIPO DOMICILIARIO,1,ASIMILABLE A DOMICILIARIO,8140,25720,17580,5,1,COMPACTADOR LEVANTE LAT.,,,,,SIN PERMISO,,,,,,,,,,,34,ETRA (Estacion de Transferencia),1,AUTOMATICA,NO,16/01/24 10:44,08/12/23 00:00,09/12/23 15:49,2,ETRA,1,DESCARGA
4003927,09/12/23 00:00,09/12/23 15:53,SIM,1,TIPO DOMICILIARIO,1,ASIMILABLE A DOMICILIARIO,6850,23060,16210,5,1,COMPACTADOR LEVANTE LAT.,,,,,SIN PERMISO,,,,,,,,,,,34,ETRA (Estacion de Transferencia),1,AUTOMATICA,NO,16/01/24 10:44,09/12/23 00:00,09/12/23 16:00,2,ETRA,1,DESCARGA
4003932,09/12/23 00:00,09/12/23 16:03,SIM,1,TIPO DOMICILIARIO,1,ASIMILABLE A DOMICILIARIO,5700,22850,17150,5,1,COMPACTADOR LEVANTE LAT.,,,,,SIN PERMISO,,,,,,,,,,,34,ETRA (Estacion de Transferencia),1,AUTOMATICA,NO,16/01/24 10:44,08/12/23 00:00,09/12/23 16:10,2,ETRA,1,DESCARGA
4003947,09/12/23 00:00,09/12/23 16:29,SIM,1,TIPO DOMICILIARIO,1,ASIMILABLE A DOMICILIARIO,8080,24870,16790,5,1,COMPACTADOR LEVANTE LAT.,,,,,SIN PERMISO,,,,,,,,,,,34,ETRA (Estacion de Transferencia),1,AUTOMATICA,NO,16/01/24 10:44,08/12/23 00:00,09/12/23 16:35,2,ETRA,1,DESCARGA
4003958,09/12/23 00:00,09/12/23 16:43,SIM,1,TIPO DOMICILIARIO,1,ASIMILABLE A DOMICILIARIO,8710,25910,17200,5,1,COMPACTADOR LEVANTE LAT.,,,,,SIN PERMISO,,,,,,,,,,,34,ETRA (Estacion de Transferencia),1,AUTOMATICA,NO,16/01/24 10:44,08/12/23 00:00,09/12/23 16:54,2,ETRA,1,DESCARGA
4003968,09/12/23 00:00,09/12/23 17:06,SIM,1,TIPO DOMICILIARIO,1,ASIMILABLE A DOMICILIARIO,9850,26150,16300,5,1,COMPACTADOR LEVANTE LAT.,,,,,SIN PERMISO,,,,,,,,,,,34,ETRA (Estacion de Transferencia),1,AUTOMATICA,NO,16/01/24 10:44,09/12/23 00:00,09/12/23 17:14,2,ETRA,1,DESCARGA
4003974,09/12/23 00:00,09/12/23 17:23,SIM,1,TIPO DOMICILIARIO,1,ASIMILABLE A DOMICILIARIO,9250,26800,17550,5,1,COMPACTADOR LEVANTE LAT.,,,,,SIN PERMISO,,,,,,,,,,,34,ETRA (Estacion de Transferencia),1,AUTOMATICA,NO,16/01/24 10:44,08/12/23 00:00,09/12/23 17:29,2,ETRA,1,DESCARGA
4003988,09/12/23 00:00,09/12/23 17:54,SIM,1,TIPO DOMICILIARIO,1,ASIMILABLE A DOMICILIARIO,11450,27670,16220,5,1,COMPACTADOR LEVANTE LAT.,,,,,SIN PERMISO,,,,,,,,,,,34,ETRA (Estacion de Transferencia),1,AUTOMATICA,NO,16/01/24 10:44,09/12/23 00:00,09/12/23 18:02,2,ETRA,1,DESCARGA
4004017,09/12/23 00:00,09/12/23 18:59,SIM,1,TIPO DOMICILIARIO,1,ASIMILABLE A DOMICILIARIO,4320,20680,16360,5,1,COMPACTADOR LEVANTE LAT.,,,,,SIN PERMISO,,,,,,,,,,,34,ETRA (Estacion de Transferencia),1,AUTOMATICA,NO,16/01/24 10:44,08/12/23 00:00,09/12/23 19:05,2,ETRA,1,DESCARGA
4004019,09/12/23 00:00,09/12/23 19:01,SIM,1,TIPO DOMICILIARIO,1,ASIMILABLE A DOMICILIARIO,7390,24150,16760,5,1,COMPACTADOR LEVANTE LAT.,,,,,SIN PERMISO,,,,,,,,,,,34,ETRA (Estacion de Transferencia),1,AUTOMATICA,NO,16/01/24 10:44,09/12/23 00:00,09/12/23 19:07,2,ETRA,1,DESCARGA
4004021,09/12/23 00:00,09/12/23 19:02,SIM,1,TIPO DOMICILIARIO,1,ASIMILABLE A DOMICILIARIO,10200,27410,17210,5,1,COMPACTADOR LEVANTE LAT.,,,,,SIN PERMISO,,,,,,,,,,,34,ETRA (Estacion de Transferencia),1,AUTOMATICA,NO,16/01/24 10:44,09/12/23 00:00,09/12/23 19:08,2,ETRA,1,DESCARGA
4004051,10/12/23 00:00,10/12/23 08:33,SIM,1,TIPO DOMICILIARIO,1,ASIMILABLE A DOMICILIARIO,12550,29850,17300,5,1,COMPACTADOR LEVANTE LAT.,,,,,SIN PERMISO,,,,,,,,,,,34,ETRA (Estacion de Transferencia),1,AUTOMATICA,NO,16/01/24 10:45,10/12/23 00:00,10/12/23 08:40,2,ETRA,1,DESCARGA
4004068,10/12/23 00:00,10/12/23 09:44,SIM,1,TIPO DOMICILIARIO,1,ASIMILABLE A DOMICILIARIO,7290,23660,16370,5,1,COMPACTADOR LEVANTE LAT.,,,,,SIN PERMISO,,,,,,,,,,,34,ETRA (Estacion de Transferencia),1,AUTOMATICA,NO,16/01/24 10:45,09/12/23 00:00,10/12/23 09:51,2,ETRA,1,DESCARGA
4004075,10/12/23 00:00,10/12/23 10:08,SIM,1,TIPO DOMICILIARIO,1,ASIMILABLE A DOMICILIARIO,8200,26930,18730,5,50,COMPACTADOR LAT.CAJA DESM,,,,,SIN PERMISO,,,,,,,,,,,34,ETRA (Estacion de Transferencia),1,AUTOMATICA,NO,16/01/24 10:45,10/12/23 00:00,10/12/23 10:26,2,ETRA,1,DESCARGA
4004088,10/12/23 00:00,10/12/23 11:25,SIM,1,TIPO DOMICILIARIO,1,ASIMILABLE A DOMICILIARIO,14460,31740,17280,5,1,COMPACTADOR LEVANTE LAT.,,,,,SIN PERMISO,,,,,,,,,,,34,ETRA (Estacion de Transferencia),1,AUTOMATICA,NO,16/01/24 10:45,09/12/23 00:00,10/12/23 11:36,2,ETRA,1,DESCARGA
4004093,10/12/23 00:00,10/12/23 11:33,SIM,1,TIPO DOMICILIARIO,1,ASIMILABLE A DOMICILIARIO,8510,27270,18760,5,50,COMPACTADOR LAT.CAJA DESM,,,,,SIN PERMISO,,,,,,,,,,,34,ETRA (Estacion de Transferencia),1,AUTOMATICA,NO,16/01/24 10:45,09/12/23 00:00,10/12/23 11:48,2,ETRA,1,DESCARGA
4004105,10/12/23 00:00,10/12/23 12:09,SIM,1,TIPO DOMICILIARIO,1,ASIMILABLE A DOMICILIARIO,7560,26270,18710,5,50,COMPACTADOR LAT.CAJA DESM,,,,,SIN PERMISO,,,,,,,,,,,34,ETRA (Estacion de Transferencia),1,AUTOMATICA,NO,16/01/24 10:45,10/12/23 00:00,10/12/23 12:25,2,ETRA,1,DESCARGA
4004261,11/12/23 00:00,11/12/23 08:19,SIM,1,TIPO DOMICILIARIO,99,OTROS,7620,26460,18840,5,50,COMPACTADOR LAT.CAJA DESM,,,,,SIN PERMISO,,,,,,,,,,,34,ETRA (Estacion de Transferencia),1,AUTOMATICA,NO,16/01/24 10:45,11/12/23 00:00,11/12/23 08:27,2,ETRA,1,DESCARGA
4004314,11/12/23 00:00,11/12/23 09:03,SIM,1,TIPO DOMICILIARIO,99,OTROS,11530,28860,17330,5,1,COMPACTADOR LEVANTE LAT.,,,,,SIN PERMISO,,,,,,,,,,,34,ETRA (Estacion de Transferencia),1,AUTOMATICA,NO,16/01/24 10:45,10/12/23 00:00,11/12/23 09:10,2,ETRA,1,DESCARGA
4004316,11/12/23 00:00,11/12/23 08:56,SIM,1,TIPO DOMICILIARIO,1,ASIMILABLE A DOMICILIARIO,4760,23650,18890,5,50,COMPACTADOR LAT.CAJA DESM,,,,,SIN PERMISO,,,,,,,,,,,34,ETRA (Estacion de Transferencia),1,AUTOMATICA,NO,16/01/24 10:45,11/12/23 00:00,11/12/23 09:11,2,ETRA,1,DESCARGA
4004317,11/12/23 00:00,11/12/23 09:04,SIM,1,TIPO DOMICILIARIO,1,ASIMILABLE A DOMICILIARIO,10200,27050,16850,5,1,COMPACTADOR LEVANTE LAT.,,,,,SIN PERMISO,,,,,,,,,,,34,ETRA (Estacion de Transferencia),1,AUTOMATICA,NO,16/01/24 10:45,10/12/23 00:00,11/12/23 09:12,2,ETRA,1,DESCARGA
4004326,11/12/23 00:00,11/12/23 09:02,SIM,1,TIPO DOMICILIARIO,1,ASIMILABLE A DOMICILIARIO,6980,25700,18720,5,50,COMPACTADOR LAT.CAJA DESM,,,,,SIN PERMISO,,,,,,,,,,,34,ETRA (Estacion de Transferencia),1,AUTOMATICA,NO,16/01/24 10:45,10/12/23 00:00,11/12/23 09:18,2,ETRA,1,DESCARGA
4004329,11/12/23 00:00,11/12/23 09:07,SIM,1,TIPO DOMICILIARIO,1,ASIMILABLE A DOMICILIARIO,7660,24880,17220,5,1,COMPACTADOR LEVANTE LAT.,,,,,SIN PERMISO,,,,,,,,,,,34,ETRA (Estacion de Transferencia),1,AUTOMATICA,NO,16/01/24 10:45,10/12/23 00:00,11/12/23 09:20,2,ETRA,1,DESCARGA
4004373,11/12/23 00:00,11/12/23 09:37,SIM,1,TIPO DOMICILIARIO,1,ASIMILABLE A DOMICILIARIO,13560,31000,17440,5,1,COMPACTADOR LEVANTE LAT.,,,,,SIN PERMISO,,,,,,,,,,,34,ETRA (Estacion de Transferencia),1,AUTOMATICA,NO,16/01/24 10:45,10/12/23 00:00,11/12/23 09:53,2,ETRA,1,DESCARGA
4004378,11/12/23 00:00,11/12/23 09:47,SIM,1,TIPO DOMICILIARIO,99,OTROS,8910,27910,19000,5,50,COMPACTADOR LAT.CAJA DESM,,,,,SIN PERMISO,,,,,,,,,,,34,ETRA (Estacion de Transferencia),1,AUTOMATICA,NO,16/01/24 10:45,11/12/23 00:00,11/12/23 09:57,2,ETRA,1,DESCARGA
4004417,11/12/23 00:00,11/12/23 10:18,SIM,1,TIPO DOMICILIARIO,1,ASIMILABLE A DOMICILIARIO,4080,14560,10480,5,16,GRÚA,,,,,SIN PERMISO,,,,,,,,,,,34,ETRA (Estacion de Transferencia),1,AUTOMATICA,NO,16/01/24 10:45,11/12/23 00:00,11/12/23 10:25,2,ETRA,1,DESCARGA
4004493,11/12/23 00:00,11/12/23 10:46,SIM,1,TIPO DOMICILIARIO,1,ASIMILABLE A DOMICILIARIO,7630,26350,18720,5,50,COMPACTADOR LAT.CAJA DESM,,,,,SIN PERMISO,,,,,,,,,,,34,ETRA (Estacion de Transferencia),1,AUTOMATICA,NO,16/01/24 10:45,10/12/23 00:00,11/12/23 11:03,2,ETRA,1,DESCARGA
4004543,11/12/23 00:00,11/12/23 11:08,SIM,1,TIPO DOMICILIARIO,1,ASIMILABLE A DOMICILIARIO,11510,28380,16870,5,1,COMPACTADOR LEVANTE LAT.,,,,,SIN PERMISO,,,,,,,,,,,34,ETRA (Estacion de Transferencia),1,AUTOMATICA,NO,16/01/24 10:45,10/12/23 00:00,11/12/23 11:20,2,ETRA,1,DESCARGA
4004556,11/12/23 00:00,11/12/23 11:31,SIM,1,TIPO DOMICILIARIO,99,OTROS,12190,29570,17380,5,1,COMPACTADOR LEVANTE LAT.,,,,,SIN PERMISO,,,,,,,,,,,34,ETRA (Estacion de Transferencia),1,AUTOMATICA,NO,16/01/24 10:45,10/12/23 00:00,11/12/23 11:40,2,ETRA,1,DESCARGA
4004557,11/12/23 00:00,11/12/23 11:30,SIM,1,TIPO DOMICILIARIO,99,OTROS,7410,26460,19050,5,50,COMPACTADOR LAT.CAJA DESM,,,,,SIN PERMISO,,,,,,,,,,,34,ETRA (Estacion de Transferencia),1,AUTOMATICA,NO,16/01/24 10:45,11/12/23 00:00,11/12/23 11:40,2,ETRA,1,DESCARGA
4004961,11/12/23 00:00,11/12/23 16:03,SIM,1,TIPO DOMICILIARIO,1,ASIMILABLE A DOMICILIARIO,7410,24200,16790,5,1,COMPACTADOR LEVANTE LAT.,,,,,SIN PERMISO,,,,,,,,,,,34,ETRA (Estacion de Transferencia),1,AUTOMATICA,NO,16/01/24 10:45,11/12/23 00:00,11/12/23 16:10,2,ETRA,1,DESCARGA
4004982,11/12/23 00:00,11/12/23 16:09,SIM,1,TIPO DOMICILIARIO,1,ASIMILABLE A DOMICILIARIO,9060,26230,17170,5,1,COMPACTADOR LEVANTE LAT.,,,,,SIN PERMISO,,,,,,,,,,,34,ETRA (Estacion de Transferencia),1,AUTOMATICA,NO,16/01/24 10:45,11/12/23 00:00,11/12/23 16:27,2,ETRA,1,DESCARGA
4004984,11/12/23 00:00,11/12/23 16:12,SIM,1,TIPO DOMICILIARIO,99,OTROS,10500,27900,17400,5,1,COMPACTADOR LEVANTE LAT.,,,,,SIN PERMISO,,,,,,,,,,,34,ETRA (Estacion de Transferencia),1,AUTOMATICA,NO,16/01/24 10:45,10/12/23 00:00,11/12/23 16:29,2,ETRA,1,DESCARGA
4004998,11/12/23 00:00,11/12/23 16:31,SIM,1,TIPO DOMICILIARIO,1,ASIMILABLE A DOMICILIARIO,12560,29390,16830,5,1,COMPACTADOR LEVANTE LAT.,,,,,SIN PERMISO,,,,,,,,,,,34,ETRA (Estacion de Transferencia),1,AUTOMATICA,NO,16/01/24 10:45,11/12/23 00:00,11/12/23 16:41,2,ETRA,1,DESCARGA
4004999,11/12/23 00:00,11/12/23 16:38,SIM,1,TIPO DOMICILIARIO,1,ASIMILABLE A DOMICILIARIO,9050,25450,16400,5,1,COMPACTADOR LEVANTE LAT.,,,,,SIN PERMISO,,,,,,,,,,,34,ETRA (Estacion de Transferencia),1,AUTOMATICA,NO,16/01/24 10:45,11/12/23 00:00,11/12/23 16:43,2,ETRA,1,DESCARGA
4005002,11/12/23 00:00,11/12/23 16:33,SIM,1,TIPO DOMICILIARIO,1,ASIMILABLE A DOMICILIARIO,10930,27770,16840,5,1,COMPACTADOR LEVANTE LAT.,,,,,SIN PERMISO,,,,,,,,,,,34,ETRA (Estacion de Transferencia),1,AUTOMATICA,NO,16/01/24 10:45,11/12/23 00:00,11/12/23 16:45,2,ETRA,1,DESCARGA
4005011,11/12/23 00:00,11/12/23 16:48,SIM,1,TIPO DOMICILIARIO,1,ASIMILABLE A DOMICILIARIO,12220,28770,16550,5,1,COMPACTADOR LEVANTE LAT.,,,,,SIN PERMISO,,,,,,,,,,,34,ETRA (Estacion de Transferencia),1,AUTOMATICA,NO,16/01/24 10:45,11/12/23 00:00,11/12/23 16:57,2,ETRA,1,DESCARGA
4005055,11/12/23 00:00,11/12/23 17:20,SIM,1,TIPO DOMICILIARIO,1,ASIMILABLE A DOMICILIARIO,8220,25080,16860,5,1,COMPACTADOR LEVANTE LAT.,,,,,SIN PERMISO,,,,,,,,,,,34,ETRA (Estacion de Transferencia),1,AUTOMATICA,NO,16/01/24 10:45,11/12/23 00:00,11/12/23 17:32,2,ETRA,1,DESCARGA
4005073,11/12/23 00:00,11/12/23 17:43,SIM,1,TIPO DOMICILIARIO,1,ASIMILABLE A DOMICILIARIO,7770,25090,17320,5,1,COMPACTADOR LEVANTE LAT.,,,,,SIN PERMISO,,,,,,,,,,,34,ETRA (Estacion de Transferencia),1,AUTOMATICA,NO,16/01/24 10:45,10/12/23 00:00,11/12/23 17:49,2,ETRA,1,DESCARGA
4005074,11/12/23 00:00,11/12/23 17:42,SIM,1,TIPO DOMICILIARIO,1,ASIMILABLE A DOMICILIARIO,16540,33470,16930,5,1,COMPACTADOR LEVANTE LAT.,,,,,SIN PERMISO,,,,,,,,,,,34,ETRA (Estacion de Transferencia),1,AUTOMATICA,NO,16/01/24 10:45,11/12/23 00:00,11/12/23 17:50,2,ETRA,1,DESCARGA
4005076,11/12/23 00:00,11/12/23 17:44,SIM,1,TIPO DOMICILIARIO,1,ASIMILABLE A DOMICILIARIO,9660,26390,16730,5,1,COMPACTADOR LEVANTE LAT.,,,,,SIN PERMISO,,,,,,,,,,,34,ETRA (Estacion de Transferencia),1,AUTOMATICA,NO,16/01/24 10:45,10/12/23 00:00,11/12/23 17:52,2,ETRA,1,DESCARGA
4005125,11/12/23 00:00,11/12/23 18:34,SIM,1,TIPO DOMICILIARIO,99,OTROS,11390,28890,17500,5,1,COMPACTADOR LEVANTE LAT.,,,,,SIN PERMISO,,,,,,,,,,,34,ETRA (Estacion de Transferencia),1,AUTOMATICA,NO,16/01/24 10:45,11/12/23 00:00,11/12/23 18:42,2,ETRA,1,DESCARGA
4005131,11/12/23 00:00,11/12/23 18:51,SIM,1,TIPO DOMICILIARIO,1,ASIMILABLE A DOMICILIARIO,10020,26980,16960,5,1,COMPACTADOR LEVANTE LAT.,,,,,SIN PERMISO,,,,,,,,,,,34,ETRA (Estacion de Transferencia),1,AUTOMATICA,NO,16/01/24 10:45,11/12/23 00:00,11/12/23 18:59,2,ETRA,1,DESCARGA
4005137,11/12/23 00:00,11/12/23 18:58,SIM,1,TIPO DOMICILIARIO,1,ASIMILABLE A DOMICILIARIO,9920,26830,16910,5,1,COMPACTADOR LEVANTE LAT.,,,,,SIN PERMISO,,,,,,,,,,,34,ETRA (Estacion de Transferencia),1,AUTOMATICA,NO,16/01/24 10:45,10/12/23 00:00,11/12/23 19:07,2,ETRA,1,DESCARGA
4005145,11/12/23 00:00,11/12/23 19:12,SIM,1,TIPO DOMICILIARIO,1,ASIMILABLE A DOMICILIARIO,8230,24620,16390,5,1,COMPACTADOR LEVANTE LAT.,,,,,SIN PERMISO,,,,,,,,,,,34,ETRA (Estacion de Transferencia),1,AUTOMATICA,NO,16/01/24 10:45,11/12/23 00:00,11/12/23 19:18,2,ETRA,1,DESCARGA
4005148,11/12/23 00:00,11/12/23 19:11,SIM,1,TIPO DOMICILIARIO,1,ASIMILABLE A DOMICILIARIO,11080,28080,17000,5,1,COMPACTADOR LEVANTE LAT.,,,,,SIN PERMISO,,,,,,,,,,,34,ETRA (Estacion de Transferencia),1,AUTOMATICA,NO,16/01/24 10:45,11/12/23 00:00,11/12/23 19:21,2,ETRA,1,DESCARGA
4005150,11/12/23 00:00,11/12/23 19:09,SIM,1,TIPO DOMICILIARIO,1,ASIMILABLE A DOMICILIARIO,11450,28110,16660,5,1,COMPACTADOR LEVANTE LAT.,,,,,SIN PERMISO,,,,,,,,,,,34,ETRA (Estacion de Transferencia),1,AUTOMATICA,NO,16/01/24 10:45,11/12/23 00:00,11/12/23 19:22,2,ETRA,1,DESCARGA
4005158,11/12/23 00:00,11/12/23 19:24,SIM,1,TIPO DOMICILIARIO,1,ASIMILABLE A DOMICILIARIO,8850,26160,17310,5,1,COMPACTADOR LEVANTE LAT.,,,,,SIN PERMISO,,,,,,,,,,,34,ETRA (Estacion de Transferencia),1,AUTOMATICA,NO,16/01/24 10:45,10/12/23 00:00,11/12/23 19:30,2,ETRA,1,DESCARGA
4005316,12/12/23 00:00,12/12/23 08:08,SIM,1,TIPO DOMICILIARIO,1,ASIMILABLE A DOMICILIARIO,7340,26160,18820,5,50,COMPACTADOR LAT.CAJA DESM,,,,,SIN PERMISO,,,,,,,,,,,34,ETRA (Estacion de Transferencia),1,AUTOMATICA,NO,16/01/24 10:45,12/12/23 00:00,12/12/23 08:22,2,ETRA,1,DESCARGA
4005324,12/12/23 00:00,12/12/23 08:18,SIM,1,TIPO DOMICILIARIO,99,OTROS,6890,25820,18930,5,50,COMPACTADOR LAT.CAJA DESM,,,,,SIN PERMISO,,,,,,,,,,,34,ETRA (Estacion de Transferencia),1,AUTOMATICA,NO,16/01/24 10:45,12/12/23 00:00,12/12/23 08:28,2,ETRA,1,DESCARGA
4005334,12/12/23 00:00,12/12/23 08:31,SIM,1,TIPO DOMICILIARIO,1,ASIMILABLE A DOMICILIARIO,10310,27000,16690,5,1,COMPACTADOR LEVANTE LAT.,,,,,SIN PERMISO,,,,,,,,,,,34,ETRA (Estacion de Transferencia),1,AUTOMATICA,NO,16/01/24 10:45,12/12/23 00:00,12/12/23 08:37,2,ETRA,1,DESCARGA
4005357,12/12/23 00:00,12/12/23 08:43,SIM,1,TIPO DOMICILIARIO,1,ASIMILABLE A DOMICILIARIO,7360,24250,16890,5,1,COMPACTADOR LEVANTE LAT.,,,,,SIN PERMISO,,,,,,,,,,,34,ETRA (Estacion de Transferencia),1,AUTOMATICA,NO,16/01/24 10:45,11/12/23 00:00,12/12/23 08:55,2,ETRA,1,DESCARGA
4005372,12/12/23 00:00,12/12/23 08:58,SIM,1,TIPO DOMICILIARIO,1,ASIMILABLE A DOMICILIARIO,12170,29710,17540,5,1,COMPACTADOR LEVANTE LAT.,,,,,SIN PERMISO,,,,,,,,,,,34,ETRA (Estacion de Transferencia),1,AUTOMATICA,NO,16/01/24 10:45,12/12/23 00:00,12/12/23 09:07,2,ETRA,1,DESCARGA
4005391,12/12/23 00:00,12/12/23 09:12,SIM,1,TIPO DOMICILIARIO,1,ASIMILABLE A DOMICILIARIO,8020,24350,16330,5,1,COMPACTADOR LEVANTE LAT.,,,,,SIN PERMISO,,,,,,,,,,,34,ETRA (Estacion de Transferencia),1,AUTOMATICA,NO,16/01/24 10:45,11/12/23 00:00,12/12/23 09:20,2,ETRA,1,DESCARGA
4005395,12/12/23 00:00,12/12/23 09:14,SIM,1,TIPO DOMICILIARIO,1,ASIMILABLE A DOMICILIARIO,11520,28270,16750,5,1,COMPACTADOR LEVANTE LAT.,,,,,SIN PERMISO,,,,,,,,,,,34,ETRA (Estacion de Transferencia),1,AUTOMATICA,NO,16/01/24 10:45,12/12/23 00:00,12/12/23 09:23,2,ETRA,1,DESCARGA
4005406,12/12/23 00:00,12/12/23 09:25,SIM,1,TIPO DOMICILIARIO,1,ASIMILABLE A DOMICILIARIO,9470,25840,16370,5,1,COMPACTADOR LEVANTE LAT.,,,,,SIN PERMISO,,,,,,,,,,,34,ETRA (Estacion de Transferencia),1,AUTOMATICA,NO,16/01/24 10:45,11/12/23 00:00,12/12/23 09:31,2,ETRA,1,DESCARGA
4005411,12/12/23 00:00,12/12/23 09:23,SIM,1,TIPO DOMICILIARIO,1,ASIMILABLE A DOMICILIARIO,4740,21880,17140,5,1,COMPACTADOR LEVANTE LAT.,,,,,SIN PERMISO,,,,,,,,,,,34,ETRA (Estacion de Transferencia),1,AUTOMATICA,NO,16/01/24 10:45,12/12/23 00:00,12/12/23 09:34,2,ETRA,1,DESCARGA
4005440,12/12/23 00:00,12/12/23 09:48,SIM,1,TIPO DOMICILIARIO,99,OTROS,5490,24660,19170,5,50,COMPACTADOR LAT.CAJA DESM,,,,,SIN PERMISO,,,,,,,,,,,34,ETRA (Estacion de Transferencia),1,AUTOMATICA,NO,16/01/24 10:45,11/12/23 00:00,12/12/23 09:57,2,ETRA,1,DESCARGA
4005473,12/12/23 00:00,12/12/23 10:05,SIM,1,TIPO DOMICILIARIO,1,ASIMILABLE A DOMICILIARIO,9190,26470,17280,5,1,COMPACTADOR LEVANTE LAT.,,,,,SIN PERMISO,,,,,,,,,,,34,ETRA (Estacion de Transferencia),1,AUTOMATICA,NO,16/01/24 10:45,11/12/23 00:00,12/12/23 10:13,2,ETRA,1,DESCARGA
4005479,12/12/23 00:00,12/12/23 10:02,SIM,1,TIPO DOMICILIARIO,1,ASIMILABLE A DOMICILIARIO,7220,26020,18800,5,50,COMPACTADOR LAT.CAJA DESM,,,,,SIN PERMISO,,,,,,,,,,,34,ETRA (Estacion de Transferencia),1,AUTOMATICA,NO,16/01/24 10:45,12/12/23 00:00,12/12/23 10:15,2,ETRA,1,DESCARGA
4005492,12/12/23 00:00,12/12/23 10:09,SIM,1,TIPO DOMICILIARIO,1,ASIMILABLE A DOMICILIARIO,7320,26060,18740,5,50,COMPACTADOR LAT.CAJA DESM,,,,,SIN PERMISO,,,,,,,,,,,34,ETRA (Estacion de Transferencia),1,AUTOMATICA,NO,16/01/24 10:45,12/12/23 00:00,12/12/23 10:20,2,ETRA,1,DESCARGA
4005517,12/12/23 00:00,12/12/23 10:23,SIM,1,TIPO DOMICILIARIO,1,ASIMILABLE A DOMICILIARIO,7940,24630,16690,5,1,COMPACTADOR LEVANTE LAT.,,,,,SIN PERMISO,,,,,,,,,,,34,ETRA (Estacion de Transferencia),1,AUTOMATICA,NO,16/01/24 10:45,12/12/23 00:00,12/12/23 10:30,2,ETRA,1,DESCARGA
4005584,12/12/23 00:00,12/12/23 11:08,SIM,1,TIPO DOMICILIARIO,1,ASIMILABLE A DOMICILIARIO,10090,26990,16900,5,1,COMPACTADOR LEVANTE LAT.,,,,,SIN PERMISO,,,,,,,,,,,34,ETRA (Estacion de Transferencia),1,AUTOMATICA,NO,16/01/24 10:45,12/12/23 00:00,12/12/23 11:19,2,ETRA,1,DESCARGA
4005589,12/12/23 00:00,12/12/23 11:13,SIM,1,TIPO DOMICILIARIO,1,ASIMILABLE A DOMICILIARIO,8260,24980,16720,5,1,COMPACTADOR LEVANTE LAT.,,,,,SIN PERMISO,,,,,,,,,,,34,ETRA (Estacion de Transferencia),1,AUTOMATICA,NO,16/01/24 10:45,11/12/23 00:00,12/12/23 11:21,2,ETRA,1,DESCARGA
4005603,12/12/23 00:00,12/12/23 11:17,SIM,1,TIPO DOMICILIARIO,99,OTROS,7610,26510,18900,5,50,COMPACTADOR LAT.CAJA DESM,,,,,SIN PERMISO,,,,,,,,,,,34,ETRA (Estacion de Transferencia),1,AUTOMATICA,NO,16/01/24 10:45,12/12/23 00:00,12/12/23 11:27,2,ETRA,1,DESCARGA
4005611,12/12/23 00:00,12/12/23 11:23,SIM,1,TIPO DOMICILIARIO,1,ASIMILABLE A DOMICILIARIO,10360,27910,17550,5,1,COMPACTADOR LEVANTE LAT.,,,,,SIN PERMISO,,,,,,,,,,,34,ETRA (Estacion de Transferencia),1,AUTOMATICA,NO,16/01/24 10:45,12/12/23 00:00,12/12/23 11:29,2,ETRA,1,DESCARGA
4005639,12/12/23 00:00,12/12/23 11:33,SIM,1,TIPO DOMICILIARIO,1,ASIMILABLE A DOMICILIARIO,8230,24580,16350,5,1,COMPACTADOR LEVANTE LAT.,,,,,SIN PERMISO,,,,,,,,,,,34,ETRA (Estacion de Transferencia),1,AUTOMATICA,NO,16/01/24 10:45,11/12/23 00:00,12/12/23 11:41,2,ETRA,1,DESCARGA
4005644,12/12/23 00:00,12/12/23 11:34,SIM,1,TIPO DOMICILIARIO,1,ASIMILABLE A DOMICILIARIO,4010,20680,16670,5,1,COMPACTADOR LEVANTE LAT.,,,,,SIN PERMISO,,,,,,,,,,,34,ETRA (Estacion de Transferencia),1,AUTOMATICA,NO,16/01/24 10:45,11/12/23 00:00,12/12/23 11:42,2,ETRA,1,DESCARGA
4005665,12/12/23 00:00,12/12/23 11:53,SIM,1,TIPO DOMICILIARIO,1,ASIMILABLE A DOMICILIARIO,2630,19720,17090,5,1,COMPACTADOR LEVANTE LAT.,,,,,SIN PERMISO,,,,,,,,,,,34,ETRA (Estacion de Transferencia),1,AUTOMATICA,NO,16/01/24 10:45,12/12/23 00:00,12/12/23 11:57,2,ETRA,1,DESCARGA
4006043,12/12/23 00:00,12/12/23 16:08,SIM,1,TIPO DOMICILIARIO,1,ASIMILABLE A DOMICILIARIO,8050,24850,16800,5,1,COMPACTADOR LEVANTE LAT.,,,,,SIN PERMISO,,,,,,,,,,,34,ETRA (Estacion de Transferencia),1,AUTOMATICA,NO,16/01/24 10:45,11/12/23 00:00,12/12/23 16:17,2,ETRA,1,DESCARGA
4006047,12/12/23 00:00,12/12/23 16:16,SIM,1,TIPO DOMICILIARIO,1,ASIMILABLE A DOMICILIARIO,8270,25100,16830,5,1,COMPACTADOR LEVANTE LAT.,,,,,SIN PERMISO,,,,,,,,,,,34,ETRA (Estacion de Transferencia),1,AUTOMATICA,NO,16/01/24 10:45,11/12/23 00:00,12/12/23 16:24,2,ETRA,1,DESCARGA
4006054,12/12/23 00:00,12/12/23 16:25,SIM,1,TIPO DOMICILIARIO,1,ASIMILABLE A DOMICILIARIO,7910,25400,17490,5,1,COMPACTADOR LEVANTE LAT.,,,,,SIN PERMISO,,,,,,,,,,,34,ETRA (Estacion de Transferencia),1,AUTOMATICA,NO,16/01/24 10:45,12/12/23 00:00,12/12/23 16:31,2,ETRA,1,DESCARGA
4006055,12/12/23 00:00,12/12/23 16:26,SIM,1,TIPO DOMICILIARIO,1,ASIMILABLE A DOMICILIARIO,12350,29750,17400,5,1,COMPACTADOR LEVANTE LAT.,,,,,SIN PERMISO,,,,,,,,,,,34,ETRA (Estacion de Transferencia),1,AUTOMATICA,NO,16/01/24 10:45,11/12/23 00:00,12/12/23 16:33,2,ETRA,1,DESCARGA
4006062,12/12/23 00:00,12/12/23 16:30,SIM,1,TIPO DOMICILIARIO,1,ASIMILABLE A DOMICILIARIO,7580,24610,17030,5,1,COMPACTADOR LEVANTE LAT.,,,,,SIN PERMISO,,,,,,,,,,,34,ETRA (Estacion de Transferencia),1,AUTOMATICA,NO,16/01/24 10:45,11/12/23 00:00,12/12/23 16:38,2,ETRA,1,DESCARGA
4006099,12/12/23 00:00,12/12/23 16:52,SIM,1,TIPO DOMICILIARIO,1,ASIMILABLE A DOMICILIARIO,7650,23990,16340,5,1,COMPACTADOR LEVANTE LAT.,,,,,SIN PERMISO,,,,,,,,,,,34,ETRA (Estacion de Transferencia),1,AUTOMATICA,NO,16/01/24 10:45,11/12/23 00:00,12/12/23 17:12,2,ETRA,1,DESCARGA
4006100,12/12/23 00:00,12/12/23 16:43,SIM,1,TIPO DOMICILIARIO,1,ASIMILABLE A DOMICILIARIO,3650,22610,18960,5,1,COMPACTADOR LEVANTE LAT.,,,,,SIN PERMISO,,,,,,,,,,,34,ETRA (Estacion de Transferencia),1,AUTOMATICA,NO,16/01/24 10:45,12/12/23 00:00,12/12/23 17:11,2,ETRA,1,DESCARGA
4006109,12/12/23 00:00,12/12/23 17:13,SIM,1,TIPO DOMICILIARIO,1,ASIMILABLE A DOMICILIARIO,7920,24680,16760,5,1,COMPACTADOR LEVANTE LAT.,,,,,SIN PERMISO,,,,,,,,,,,34,ETRA (Estacion de Transferencia),1,AUTOMATICA,NO,16/01/24 10:45,12/12/23 00:00,12/12/23 17:21,2,ETRA,1,DESCARGA
4006143,12/12/23 00:00,12/12/23 17:46,SIM,1,TIPO DOMICILIARIO,1,ASIMILABLE A DOMICILIARIO,15010,32440,17430,5,1,COMPACTADOR LEVANTE LAT.,,,,,SIN PERMISO,,,,,,,,,,,34,ETRA (Estacion de Transferencia),1,AUTOMATICA,NO,16/01/24 10:45,12/12/23 00:00,12/12/23 17:53,2,ETRA,1,DESCARGA
4006174,12/12/23 00:00,12/12/23 18:26,SIM,1,TIPO DOMICILIARIO,1,ASIMILABLE A DOMICILIARIO,12460,29740,17280,5,1,COMPACTADOR LEVANTE LAT.,,,,,SIN PERMISO,,,,,,,,,,,34,ETRA (Estacion de Transferencia),1,AUTOMATICA,NO,16/01/24 10:45,12/12/23 00:00,12/12/23 18:33,2,ETRA,1,DESCARGA
4006182,12/12/23 00:00,12/12/23 18:41,SIM,1,TIPO DOMICILIARIO,1,ASIMILABLE A DOMICILIARIO,4680,21080,16400,5,1,COMPACTADOR LEVANTE LAT.,,,,,SIN PERMISO,,,,,,,,,,,34,ETRA (Estacion de Transferencia),1,AUTOMATICA,NO,16/01/24 10:45,12/12/23 00:00,12/12/23 18:49,2,ETRA,1,DESCARGA
4006204,12/12/23 00:00,12/12/23 19:06,SIM,1,TIPO DOMICILIARIO,1,ASIMILABLE A DOMICILIARIO,8390,25160,16770,5,1,COMPACTADOR LEVANTE LAT.,,,,,SIN PERMISO,,,,,,,,,,,34,ETRA (Estacion de Transferencia),1,AUTOMATICA,NO,16/01/24 10:45,12/12/23 00:00,12/12/23 19:13,2,ETRA,1,DESCARGA
4006356,13/12/23 00:00,13/12/23 08:10,SIM,1,TIPO DOMICILIARIO,1,ASIMILABLE A DOMICILIARIO,6010,24880,18870,5,50,COMPACTADOR LAT.CAJA DESM,,,,,SIN PERMISO,,,,,,,,,,,34,ETRA (Estacion de Transferencia),1,AUTOMATICA,NO,16/01/24 10:46,12/12/23 00:00,13/12/23 08:18,2,ETRA,1,DESCARGA
4006366,13/12/23 00:00,13/12/23 08:08,SIM,1,TIPO DOMICILIARIO,1,ASIMILABLE A DOMICILIARIO,6990,25940,18950,5,50,COMPACTADOR LAT.CAJA DESM,,,,,SIN PERMISO,,,,,,,,,,,34,ETRA (Estacion de Transferencia),1,AUTOMATICA,NO,16/01/24 10:46,13/12/23 00:00,13/12/23 08:24,2,ETRA,1,DESCARGA
4006371,13/12/23 00:00,13/12/23 08:15,SIM,1,TIPO DOMICILIARIO,1,ASIMILABLE A DOMICILIARIO,7910,26760,18850,5,50,COMPACTADOR LAT.CAJA DESM,,,,,SIN PERMISO,,,,,,,,,,,34,ETRA (Estacion de Transferencia),1,AUTOMATICA,NO,16/01/24 10:46,13/12/23 00:00,13/12/23 08:27,2,ETRA,1,DESCARGA
4006399,13/12/23 00:00,13/12/23 08:34,SIM,1,TIPO DOMICILIARIO,5,ASIMILABLE A DOMICILIARIO (ORIGEN EXTRANJERO),10180,28940,18760,5,50,COMPACTADOR LAT.CAJA DESM,,,,,SIN PERMISO,,,,,,,,,,,34,ETRA (Estacion de Transferencia),1,AUTOMATICA,NO,16/01/24 10:46,13/12/23 00:00,13/12/23 08:47,2,ETRA,1,DESCARGA
4006402,13/12/23 00:00,13/12/23 08:40,SIM,1,TIPO DOMICILIARIO,99,OTROS,10980,27990,17010,5,1,COMPACTADOR LEVANTE LAT.,,,,,SIN PERMISO,,,,,,,,,,,34,ETRA (Estacion de Transferencia),1,AUTOMATICA,NO,16/01/24 10:46,13/12/23 00:00,13/12/23 08:48,2,ETRA,1,DESCARGA
4006424,13/12/23 00:00,13/12/23 08:51,SIM,1,TIPO DOMICILIARIO,1,ASIMILABLE A DOMICILIARIO,8430,27290,18860,5,50,COMPACTADOR LAT.CAJA DESM,,,,,SIN PERMISO,,,,,,,,,,,34,ETRA (Estacion de Transferencia),1,AUTOMATICA,NO,16/01/24 10:46,13/12/23 00:00,13/12/23 09:04,2,ETRA,1,DESCARGA
4006428,13/12/23 00:00,13/12/23 08:55,SIM,1,TIPO DOMICILIARIO,1,ASIMILABLE A DOMICILIARIO,12280,30440,18160,5,1,COMPACTADOR LEVANTE LAT.,,,,,SIN PERMISO,,,,,,,,,,,34,ETRA (Estacion de Transferencia),1,AUTOMATICA,NO,16/01/24 10:46,13/12/23 00:00,13/12/23 09:07,2,ETRA,1,DESCARGA
4006431,13/12/23 00:00,13/12/23 09:02,SIM,1,TIPO DOMICILIARIO,1,ASIMILABLE A DOMICILIARIO,2600,13130,10530,5,16,GRÚA,,,,,SIN PERMISO,,,,,,,,,,,34,ETRA (Estacion de Transferencia),1,AUTOMATICA,NO,16/01/24 10:46,13/12/23 00:00,13/12/23 09:08,2,ETRA,1,DESCARGA
4006434,13/12/23 00:00,13/12/23 09:03,SIM,1,TIPO DOMICILIARIO,1,ASIMILABLE A DOMICILIARIO,9400,26440,17040,5,1,COMPACTADOR LEVANTE LAT.,,,,,SIN PERMISO,,,,,,,,,,,34,ETRA (Estacion de Transferencia),1,AUTOMATICA,NO,16/01/24 10:46,12/12/23 00:00,13/12/23 09:10,2,ETRA,1,DESCARGA
4006436,13/12/23 00:00,13/12/23 09:05,SIM,1,TIPO DOMICILIARIO,1,ASIMILABLE A DOMICILIARIO,7170,23690,16520,5,1,COMPACTADOR LEVANTE LAT.,,,,,SIN PERMISO,,,,,,,,,,,34,ETRA (Estacion de Transferencia),1,AUTOMATICA,NO,16/01/24 10:46,12/12/23 00:00,13/12/23 09:11,2,ETRA,1,DESCARGA
4006461,13/12/23 00:00,13/12/23 09:15,SIM,1,TIPO DOMICILIARIO,1,ASIMILABLE A DOMICILIARIO,7840,25050,17210,5,1,COMPACTADOR LEVANTE LAT.,,,,,SIN PERMISO,,,,,,,,,,,34,ETRA (Estacion de Transferencia),1,AUTOMATICA,NO,16/01/24 10:46,12/12/23 00:00,13/12/23 09:24,2,ETRA,1,DESCARGA
4006507,13/12/23 00:00,13/12/23 09:44,SIM,1,TIPO DOMICILIARIO,1,ASIMILABLE A DOMICILIARIO,6570,25370,18800,5,50,COMPACTADOR LAT.CAJA DESM,,,,,SIN PERMISO,,,,,,,,,,,34,ETRA (Estacion de Transferencia),1,AUTOMATICA,NO,16/01/24 10:46,12/12/23 00:00,13/12/23 09:50,2,ETRA,1,DESCARGA
4006518,13/12/23 00:00,13/12/23 09:49,SIM,1,TIPO DOMICILIARIO,1,ASIMILABLE A DOMICILIARIO,7430,26260,18830,5,50,COMPACTADOR LAT.CAJA DESM,,,,,SIN PERMISO,,,,,,,,,,,34,ETRA (Estacion de Transferencia),1,AUTOMATICA,NO,16/01/24 10:46,12/12/23 00:00,13/12/23 10:02,2,ETRA,1,DESCARGA
4006528,13/12/23 00:00,13/12/23 09:57,SIM,1,TIPO DOMICILIARIO,1,ASIMILABLE A DOMICILIARIO,8050,25090,17040,5,1,COMPACTADOR LEVANTE LAT.,,,,,SIN PERMISO,,,,,,,,,,,34,ETRA (Estacion de Transferencia),1,AUTOMATICA,NO,16/01/24 10:46,12/12/23 00:00,13/12/23 10:07,2,ETRA,1,DESCARGA
4006556,13/12/23 00:00,13/12/23 10:17,SIM,1,TIPO DOMICILIARIO,5,ASIMILABLE A DOMICILIARIO (ORIGEN EXTRANJERO),9140,27900,18760,5,50,COMPACTADOR LAT.CAJA DESM,,,,,SIN PERMISO,,,,,,,,,,,34,ETRA (Estacion de Transferencia),1,AUTOMATICA,NO,16/01/24 10:46,12/12/23 00:00,13/12/23 10:27,2,ETRA,1,DESCARGA
4006575,13/12/23 00:00,13/12/23 10:31,SIM,1,TIPO DOMICILIARIO,1,ASIMILABLE A DOMICILIARIO,3690,20190,16500,5,1,COMPACTADOR LEVANTE LAT.,,,,,SIN PERMISO,,,,,,,,,,,34,ETRA (Estacion de Transferencia),1,AUTOMATICA,NO,16/01/24 10:46,12/12/23 00:00,13/12/23 10:38,2,ETRA,1,DESCARGA
4006589,13/12/23 00:00,13/12/23 10:35,SIM,1,TIPO DOMICILIARIO,1,ASIMILABLE A DOMICILIARIO,7190,26150,18960,5,50,COMPACTADOR LAT.CAJA DESM,,,,,SIN PERMISO,,,,,,,,,,,34,ETRA (Estacion de Transferencia),1,AUTOMATICA,NO,16/01/24 10:46,13/12/23 00:00,13/12/23 10:47,2,ETRA,1,DESCARGA
4006636,13/12/23 00:00,13/12/23 11:01,SIM,1,TIPO DOMICILIARIO,99,OTROS,9880,26900,17020,5,1,COMPACTADOR LEVANTE LAT.,,,,,SIN PERMISO,,,,,,,,,,,34,ETRA (Estacion de Transferencia),1,AUTOMATICA,NO,16/01/24 10:46,13/12/23 00:00,13/12/23 11:10,2,ETRA,1,DESCARGA
4006644,13/12/23 00:00,13/12/23 11:04,SIM,1,TIPO DOMICILIARIO,1,ASIMILABLE A DOMICILIARIO,11510,28340,16830,5,1,COMPACTADOR LEVANTE LAT.,,,,,SIN PERMISO,,,,,,,,,,,34,ETRA (Estacion de Transferencia),1,AUTOMATICA,NO,16/01/24 10:46,12/12/23 00:00,13/12/23 11:13,2,ETRA,1,DESCARGA
4006659,13/12/23 00:00,13/12/23 11:08,SIM,1,TIPO DOMICILIARIO,1,ASIMILABLE A DOMICILIARIO,13050,29450,16400,5,1,COMPACTADOR LEVANTE LAT.,,,,,SIN PERMISO,,,,,,,,,,,34,ETRA (Estacion de Transferencia),1,AUTOMATICA,NO,16/01/24 10:46,13/12/23 00:00,13/12/23 11:18,2,ETRA,1,DESCARGA
4006668,13/12/23 00:00,13/12/23 11:13,SIM,1,TIPO DOMICILIARIO,1,ASIMILABLE A DOMICILIARIO,2660,21870,19210,5,50,COMPACTADOR LAT.CAJA DESM,,,,,SIN PERMISO,,,,,,,,,,,34,ETRA (Estacion de Transferencia),1,AUTOMATICA,NO,16/01/24 10:46,12/12/23 00:00,13/12/23 11:21,2,ETRA,1,DESCARGA
4006670,13/12/23 00:00,13/12/23 11:12,SIM,1,TIPO DOMICILIARIO,1,ASIMILABLE A DOMICILIARIO,8610,28120,19510,5,50,COMPACTADOR LAT.CAJA DESM,,,,,SIN PERMISO,,,,,,,,,,,34,ETRA (Estacion de Transferencia),1,AUTOMATICA,NO,16/01/24 10:46,12/12/23 00:00,13/12/23 11:22,2,ETRA,1,DESCARGA
4006708,13/12/23 00:00,13/12/23 11:48,SIM,1,TIPO DOMICILIARIO,1,ASIMILABLE A DOMICILIARIO,6280,23310,17030,5,1,COMPACTADOR LEVANTE LAT.,,,,,SIN PERMISO,,,,,,,,,,,34,ETRA (Estacion de Transferencia),1,AUTOMATICA,NO,16/01/24 10:46,12/12/23 00:00,13/12/23 11:53,2,ETRA,1,DESCARGA
4006710,13/12/23 00:00,13/12/23 11:44,SIM,1,TIPO DOMICILIARIO,1,ASIMILABLE A DOMICILIARIO,9920,27560,17640,5,1,COMPACTADOR LEVANTE LAT.,,,,,SIN PERMISO,,,,,,,,,,,34,ETRA (Estacion de Transferencia),1,AUTOMATICA,NO,16/01/24 10:46,13/12/23 00:00,13/12/23 11:54,2,ETRA,1,DESCARGA
4007057,13/12/23 00:00,13/12/23 16:01,SIM,1,TIPO DOMICILIARIO,1,ASIMILABLE A DOMICILIARIO,8650,25660,17010,5,1,COMPACTADOR LEVANTE LAT.,,,,,SIN PERMISO,,,,,,,,,,,34,ETRA (Estacion de Transferencia),1,AUTOMATICA,NO,16/01/24 10:46,12/12/23 00:00,13/12/23 16:08,2,ETRA,1,DESCARGA
4007116,13/12/23 00:00,13/12/23 16:38,SIM,1,TIPO DOMICILIARIO,1,ASIMILABLE A DOMICILIARIO,11460,28280,16820,5,1,COMPACTADOR LEVANTE LAT.,,,,,SIN PERMISO,,,,,,,,,,,34,ETRA (Estacion de Transferencia),1,AUTOMATICA,NO,16/01/24 10:46,13/12/23 00:00,13/12/23 16:45,2,ETRA,1,DESCARGA
4007118,13/12/23 00:00,13/12/23 16:34,SIM,1,TIPO DOMICILIARIO,1,ASIMILABLE A DOMICILIARIO,7800,24670,16870,5,1,COMPACTADOR LEVANTE LAT.,,,,,SIN PERMISO,,,,,,,,,,,34,ETRA (Estacion de Transferencia),1,AUTOMATICA,NO,16/01/24 10:46,13/12/23 00:00,13/12/23 16:47,2,ETRA,1,DESCARGA
4007125,13/12/23 00:00,13/12/23 16:44,SIM,1,TIPO DOMICILIARIO,99,OTROS,10150,27080,16930,5,1,COMPACTADOR LEVANTE LAT.,,,,,SIN PERMISO,,,,,,,,,,,34,ETRA (Estacion de Transferencia),1,AUTOMATICA,NO,16/01/24 10:46,12/12/23 00:00,13/12/23 16:54,2,ETRA,1,DESCARGA
4007189,13/12/23 00:00,13/12/23 18:07,SIM,1,TIPO DOMICILIARIO,1,ASIMILABLE A DOMICILIARIO,11600,28550,16950,5,1,COMPACTADOR LEVANTE LAT.,,,,,SIN PERMISO,,,,,,,,,,,34,ETRA (Estacion de Transferencia),1,AUTOMATICA,NO,16/01/24 10:46,12/12/23 00:00,13/12/23 18:14,2,ETRA,1,DESCARGA
4007215,13/12/23 00:00,13/12/23 18:53,SIM,1,TIPO DOMICILIARIO,1,ASIMILABLE A DOMICILIARIO,10060,27240,17180,5,1,COMPACTADOR LEVANTE LAT.,,,,,SIN PERMISO,,,,,,,,,,,34,ETRA (Estacion de Transferencia),1,AUTOMATICA,NO,16/01/24 10:46,13/12/23 00:00,13/12/23 19:00,2,ETRA,1,DESCARGA
4007217,13/12/23 00:00,13/12/23 18:56,SIM,1,TIPO DOMICILIARIO,99,OTROS,11220,28220,17000,5,1,COMPACTADOR LEVANTE LAT.,,,,,SIN PERMISO,,,,,,,,,,,34,ETRA (Estacion de Transferencia),1,AUTOMATICA,NO,16/01/24 10:46,12/12/23 00:00,13/12/23 19:03,2,ETRA,1,DESCARGA
4007228,13/12/23 00:00,13/12/23 19:06,SIM,1,TIPO DOMICILIARIO,1,ASIMILABLE A DOMICILIARIO,6680,23640,16960,5,1,COMPACTADOR LEVANTE LAT.,,,,,SIN PERMISO,,,,,,,,,,,34,ETRA (Estacion de Transferencia),1,AUTOMATICA,NO,16/01/24 10:46,13/12/23 00:00,13/12/23 19:13,2,ETRA,1,DESCARGA
4007234,13/12/23 00:00,13/12/23 19:13,SIM,1,TIPO DOMICILIARIO,1,ASIMILABLE A DOMICILIARIO,4000,20800,16800,5,1,COMPACTADOR LEVANTE LAT.,,,,,SIN PERMISO,,,,,,,,,,,34,ETRA (Estacion de Transferencia),1,AUTOMATICA,NO,16/01/24 10:46,12/12/23 00:00,13/12/23 19:19,2,ETRA,1,DESCARGA
4007241,13/12/23 00:00,13/12/23 19:23,SIM,1,TIPO DOMICILIARIO,1,ASIMILABLE A DOMICILIARIO,10200,27530,17330,5,1,COMPACTADOR LEVANTE LAT.,,,,,SIN PERMISO,,,,,,,,,,,34,ETRA (Estacion de Transferencia),1,AUTOMATICA,NO,16/01/24 10:46,13/12/23 00:00,13/12/23 19:29,2,ETRA,1,DESCARGA
4007428,14/12/23 00:00,14/12/23 08:37,SIM,1,TIPO DOMICILIARIO,1,ASIMILABLE A DOMICILIARIO,8650,26040,17390,5,1,COMPACTADOR LEVANTE LAT.,,,,,SIN PERMISO,,,,,,,,,,,34,ETRA (Estacion de Transferencia),1,AUTOMATICA,NO,16/01/24 10:46,13/12/23 00:00,14/12/23 08:46,2,ETRA,1,DESCARGA
4007432,14/12/23 00:00,14/12/23 08:31,SIM,1,TIPO DOMICILIARIO,1,ASIMILABLE A DOMICILIARIO,11120,30090,18970,5,50,COMPACTADOR LAT.CAJA DESM,,,,,SIN PERMISO,,,,,,,,,,,34,ETRA (Estacion de Transferencia),1,AUTOMATICA,NO,16/01/24 10:46,13/12/23 00:00,14/12/23 08:47,2,ETRA,1,DESCARGA
4007451,14/12/23 00:00,14/12/23 08:56,SIM,1,TIPO DOMICILIARIO,1,ASIMILABLE A DOMICILIARIO,9420,26320,16900,5,1,COMPACTADOR LEVANTE LAT.,,,,,SIN PERMISO,,,,,,,,,,,34,ETRA (Estacion de Transferencia),1,AUTOMATICA,NO,16/01/24 10:46,13/12/23 00:00,14/12/23 09:03,2,ETRA,1,DESCARGA
4007459,14/12/23 00:00,14/12/23 08:54,SIM,1,TIPO DOMICILIARIO,1,ASIMILABLE A DOMICILIARIO,8520,27300,18780,5,50,COMPACTADOR LAT.CAJA DESM,,,,,SIN PERMISO,,,,,,,,,,,34,ETRA (Estacion de Transferencia),1,AUTOMATICA,NO,16/01/24 10:46,13/12/23 00:00,14/12/23 09:08,2,ETRA,1,DESCARGA
4007474,14/12/23 00:00,14/12/23 09:10,SIM,1,TIPO DOMICILIARIO,1,ASIMILABLE A DOMICILIARIO,12210,29370,17160,5,1,COMPACTADOR LEVANTE LAT.,,,,,SIN PERMISO,,,,,,,,,,,34,ETRA (Estacion de Transferencia),1,AUTOMATICA,NO,16/01/24 10:46,14/12/23 00:00,14/12/23 09:18,2,ETRA,1,DESCARGA
4007479,14/12/23 00:00,14/12/23 09:12,SIM,1,TIPO DOMICILIARIO,1,ASIMILABLE A DOMICILIARIO,9930,27280,17350,5,1,COMPACTADOR LEVANTE LAT.,,,,,SIN PERMISO,,,,,,,,,,,34,ETRA (Estacion de Transferencia),1,AUTOMATICA,NO,16/01/24 10:46,14/12/23 00:00,14/12/23 09:22,2,ETRA,1,DESCARGA
4007486,14/12/23 00:00,14/12/23 09:17,SIM,1,TIPO DOMICILIARIO,1,ASIMILABLE A DOMICILIARIO,9250,26320,17070,5,1,COMPACTADOR LEVANTE LAT.,,,,,SIN PERMISO,,,,,,,,,,,34,ETRA (Estacion de Transferencia),1,AUTOMATICA,NO,16/01/24 10:46,14/12/23 00:00,14/12/23 09:28,2,ETRA,1,DESCARGA
4007585,14/12/23 00:00,14/12/23 10:24,SIM,1,TIPO DOMICILIARIO,1,ASIMILABLE A DOMICILIARIO,7760,26580,18820,5,50,COMPACTADOR LAT.CAJA DESM,,,,,SIN PERMISO,,,,,,,,,,,34,ETRA (Estacion de Transferencia),1,AUTOMATICA,NO,16/01/24 10:46,14/12/23 00:00,14/12/23 10:37,2,ETRA,1,DESCARGA
4007637,14/12/23 00:00,14/12/23 10:54,SIM,1,TIPO DOMICILIARIO,1,ASIMILABLE A DOMICILIARIO,8900,25440,16540,5,1,COMPACTADOR LEVANTE LAT.,,,,,SIN PERMISO,,,,,,,,,,,34,ETRA (Estacion de Transferencia),1,AUTOMATICA,NO,16/01/24 10:46,14/12/23 00:00,14/12/23 10:59,2,ETRA,1,DESCARGA
4007661,14/12/23 00:00,14/12/23 10:50,SIM,1,TIPO DOMICILIARIO,1,ASIMILABLE A DOMICILIARIO,9460,28530,19070,5,50,COMPACTADOR LAT.CAJA DESM,,,,,SIN PERMISO,,,,,,,,,,,34,ETRA (Estacion de Transferencia),1,AUTOMATICA,NO,16/01/24 10:46,14/12/23 00:00,14/12/23 11:07,2,ETRA,1,DESCARGA
4007707,14/12/23 00:00,14/12/23 11:20,SIM,1,TIPO DOMICILIARIO,1,ASIMILABLE A DOMICILIARIO,8910,26300,17390,5,1,COMPACTADOR LEVANTE LAT.,,,,,SIN PERMISO,,,,,,,,,,,34,ETRA (Estacion de Transferencia),1,AUTOMATICA,NO,16/01/24 10:46,14/12/23 00:00,14/12/23 11:28,2,ETRA,1,DESCARGA
4007716,14/12/23 00:00,14/12/23 11:27,SIM,1,TIPO DOMICILIARIO,1,ASIMILABLE A DOMICILIARIO,7440,24360,16920,5,1,COMPACTADOR LEVANTE LAT.,,,,,SIN PERMISO,,,,,,,,,,,34,ETRA (Estacion de Transferencia),1,AUTOMATICA,NO,16/01/24 10:46,13/12/23 00:00,14/12/23 11:33,2,ETRA,1,DESCARGA
4007718,14/12/23 00:00,14/12/23 11:09,SIM,1,TIPO DOMICILIARIO,1,ASIMILABLE A DOMICILIARIO,12560,29900,17340,5,1,COMPACTADOR LEVANTE LAT.,,,,,SIN PERMISO,,,,,,,,,,,34,ETRA (Estacion de Transferencia),1,AUTOMATICA,NO,16/01/24 10:46,14/12/23 00:00,14/12/23 11:35,2,ETRA,1,DESCARGA
4007726,14/12/23 00:00,14/12/23 11:34,SIM,1,TIPO DOMICILIARIO,1,ASIMILABLE A DOMICILIARIO,4040,21170,17130,5,1,COMPACTADOR LEVANTE LAT.,,,,,SIN PERMISO,,,,,,,,,,,34,ETRA (Estacion de Transferencia),1,AUTOMATICA,NO,16/01/24 10:46,14/12/23 00:00,14/12/23 11:41,2,ETRA,1,DESCARGA
4008134,14/12/23 00:00,14/12/23 16:23,SIM,1,TIPO DOMICILIARIO,1,ASIMILABLE A DOMICILIARIO,10600,28050,17450,5,1,COMPACTADOR LEVANTE LAT.,,,,,SIN PERMISO,,,,,,,,,,,34,ETRA (Estacion de Transferencia),1,AUTOMATICA,NO,16/01/24 10:46,14/12/23 00:00,14/12/23 16:31,2,ETRA,1,DESCARGA
4008146,14/12/23 00:00,14/12/23 16:36,SIM,1,TIPO DOMICILIARIO,1,ASIMILABLE A DOMICILIARIO,9870,26590,16720,5,1,COMPACTADOR LEVANTE LAT.,,,,,SIN PERMISO,,,,,,,,,,,34,ETRA (Estacion de Transferencia),1,AUTOMATICA,NO,16/01/24 10:46,14/12/23 00:00,14/12/23 16:42,2,ETRA,1,DESCARGA
4008172,14/12/23 00:00,14/12/23 16:58,SIM,1,TIPO DOMICILIARIO,1,ASIMILABLE A DOMICILIARIO,12640,29880,17240,5,1,COMPACTADOR LEVANTE LAT.,,,,,SIN PERMISO,,,,,,,,,,,34,ETRA (Estacion de Transferencia),1,AUTOMATICA,NO,16/01/24 10:46,14/12/23 00:00,14/12/23 17:05,2,ETRA,1,DESCARGA
4008185,14/12/23 00:00,14/12/23 17:08,SIM,1,TIPO DOMICILIARIO,1,ASIMILABLE A DOMICILIARIO,10470,27070,16600,5,1,COMPACTADOR LEVANTE LAT.,,,,,SIN PERMISO,,,,,,,,,,,34,ETRA (Estacion de Transferencia),1,AUTOMATICA,NO,16/01/24 10:46,14/12/23 00:00,14/12/23 17:15,2,ETRA,1,DESCARGA
4008188,14/12/23 00:00,14/12/23 17:07,SIM,1,TIPO DOMICILIARIO,1,ASIMILABLE A DOMICILIARIO,9200,25990,16790,5,1,COMPACTADOR LEVANTE LAT.,,,,,SIN PERMISO,,,,,,,,,,,34,ETRA (Estacion de Transferencia),1,AUTOMATICA,NO,16/01/24 10:46,14/12/23 00:00,14/12/23 17:16,2,ETRA,1,DESCARGA
4008207,14/12/23 00:00,14/12/23 17:33,SIM,1,TIPO DOMICILIARIO,1,ASIMILABLE A DOMICILIARIO,9550,26550,17000,5,1,COMPACTADOR LEVANTE LAT.,,,,,SIN PERMISO,,,,,,,,,,,34,ETRA (Estacion de Transferencia),1,AUTOMATICA,NO,16/01/24 10:46,13/12/23 00:00,14/12/23 17:39,2,ETRA,1,DESCARGA
4008232,14/12/23 00:00,14/12/23 17:54,SIM,1,TIPO DOMICILIARIO,1,ASIMILABLE A DOMICILIARIO,7310,24290,16980,5,1,COMPACTADOR LEVANTE LAT.,,,,,SIN PERMISO,,,,,,,,,,,34,ETRA (Estacion de Transferencia),1,AUTOMATICA,NO,16/01/24 10:46,14/12/23 00:00,14/12/23 18:02,2,ETRA,1,DESCARGA
4008240,14/12/23 00:00,14/12/23 18:08,SIM,1,TIPO DOMICILIARIO,1,ASIMILABLE A DOMICILIARIO,7730,25160,17430,5,1,COMPACTADOR LEVANTE LAT.,,,,,SIN PERMISO,,,,,,,,,,,34,ETRA (Estacion de Transferencia),1,AUTOMATICA,NO,16/01/24 10:46,14/12/23 00:00,14/12/23 18:14,2,ETRA,1,DESCARGA
4008261,14/12/23 00:00,14/12/23 18:43,SIM,1,TIPO DOMICILIARIO,1,ASIMILABLE A DOMICILIARIO,5190,22180,16990,5,1,COMPACTADOR LEVANTE LAT.,,,,,SIN PERMISO,,,,,,,,,,,34,ETRA (Estacion de Transferencia),1,AUTOMATICA,NO,16/01/24 10:46,13/12/23 00:00,14/12/23 18:49,2,ETRA,1,DESCARGA
4008264,14/12/23 00:00,14/12/23 18:43,SIM,1,TIPO DOMICILIARIO,1,ASIMILABLE A DOMICILIARIO,11430,28150,16720,5,1,COMPACTADOR LEVANTE LAT.,,,,,SIN PERMISO,,,,,,,,,,,34,ETRA (Estacion de Transferencia),1,AUTOMATICA,NO,16/01/24 10:46,14/12/23 00:00,14/12/23 18:51,2,ETRA,1,DESCARGA
4008280,14/12/23 00:00,14/12/23 19:00,SIM,1,TIPO DOMICILIARIO,1,ASIMILABLE A DOMICILIARIO,8010,25240,17230,5,1,COMPACTADOR LEVANTE LAT.,,,,,SIN PERMISO,,,,,,,,,,,34,ETRA (Estacion de Transferencia),1,AUTOMATICA,NO,16/01/24 10:46,13/12/23 00:00,14/12/23 19:06,2,ETRA,1,DESCARGA
4008283,14/12/23 00:00,14/12/23 19:04,SIM,1,TIPO DOMICILIARIO,1,ASIMILABLE A DOMICILIARIO,7960,24560,16600,5,1,COMPACTADOR LEVANTE LAT.,,,,,SIN PERMISO,,,,,,,,,,,34,ETRA (Estacion de Transferencia),1,AUTOMATICA,NO,16/01/24 10:46,14/12/23 00:00,14/12/23 19:10,2,ETRA,1,DESCARGA
4008292,14/12/23 00:00,14/12/23 19:14,SIM,1,TIPO DOMICILIARIO,1,ASIMILABLE A DOMICILIARIO,8450,25240,16790,5,1,COMPACTADOR LEVANTE LAT.,,,,,SIN PERMISO,,,,,,,,,,,34,ETRA (Estacion de Transferencia),1,AUTOMATICA,NO,16/01/24 10:46,14/12/23 00:00,14/12/23 19:22,2,ETRA,1,DESCARGA
4008459,15/12/23 00:00,15/12/23 08:00,SIM,1,TIPO DOMICILIARIO,1,ASIMILABLE A DOMICILIARIO,8580,25420,16840,5,1,COMPACTADOR LEVANTE LAT.,,,,,SIN PERMISO,,,,,,,,,,,34,ETRA (Estacion de Transferencia),1,AUTOMATICA,NO,16/01/24 10:46,15/12/23 00:00,15/12/23 08:07,2,ETRA,1,DESCARGA
4008480,15/12/23 00:00,15/12/23 08:16,SIM,1,TIPO DOMICILIARIO,1,ASIMILABLE A DOMICILIARIO,6850,23460,16610,5,1,COMPACTADOR LEVANTE LAT.,,,,,SIN PERMISO,,,,,,,,,,,34,ETRA (Estacion de Transferencia),1,AUTOMATICA,NO,16/01/24 10:46,14/12/23 00:00,15/12/23 08:22,2,ETRA,1,DESCARGA
4008503,15/12/23 00:00,15/12/23 08:25,SIM,1,TIPO DOMICILIARIO,1,ASIMILABLE A DOMICILIARIO,8820,26060,17240,5,1,COMPACTADOR LEVANTE LAT.,,,,,SIN PERMISO,,,,,,,,,,,34,ETRA (Estacion de Transferencia),1,AUTOMATICA,NO,16/01/24 10:46,14/12/23 00:00,15/12/23 08:36,2,ETRA,1,DESCARGA
4008506,15/12/23 00:00,15/12/23 08:22,SIM,1,TIPO DOMICILIARIO,5,ASIMILABLE A DOMICILIARIO (ORIGEN EXTRANJERO),8370,27140,18770,5,50,COMPACTADOR LAT.CAJA DESM,,,,,SIN PERMISO,,,,,,,,,,,34,ETRA (Estacion de Transferencia),1,AUTOMATICA,NO,16/01/24 10:46,15/12/23 00:00,15/12/23 08:37,2,ETRA,1,DESCARGA
4008528,15/12/23 00:00,15/12/23 08:52,SIM,1,TIPO DOMICILIARIO,1,ASIMILABLE A DOMICILIARIO,8900,25770,16870,5,1,COMPACTADOR LEVANTE LAT.,,,,,SIN PERMISO,,,,,,,,,,,34,ETRA (Estacion de Transferencia),1,AUTOMATICA,NO,16/01/24 10:46,15/12/23 00:00,15/12/23 08:59,2,ETRA,1,DESCARGA
4008534,15/12/23 00:00,15/12/23 08:56,SIM,1,TIPO DOMICILIARIO,1,ASIMILABLE A DOMICILIARIO,11520,28890,17370,5,1,COMPACTADOR LEVANTE LAT.,,,,,SIN PERMISO,,,,,,,,,,,34,ETRA (Estacion de Transferencia),1,AUTOMATICA,NO,16/01/24 10:46,15/12/23 00:00,15/12/23 09:04,2,ETRA,1,DESCARGA
4008547,15/12/23 00:00,15/12/23 09:15,SIM,1,TIPO DOMICILIARIO,1,ASIMILABLE A DOMICILIARIO,4140,14600,10460,5,16,GRÚA,,,,,SIN PERMISO,,,,,,,,,,,34,ETRA (Estacion de Transferencia),1,AUTOMATICA,NO,16/01/24 10:46,14/12/23 00:00,15/12/23 09:19,2,ETRA,1,DESCARGA
4008556,15/12/23 00:00,15/12/23 09:11,SIM,1,TIPO DOMICILIARIO,1,ASIMILABLE A DOMICILIARIO,8210,27860,19650,5,50,COMPACTADOR LAT.CAJA DESM,,,,,SIN PERMISO,,,,,,,,,,,34,ETRA (Estacion de Transferencia),1,AUTOMATICA,NO,16/01/24 10:46,15/12/23 00:00,15/12/23 09:26,2,ETRA,1,DESCARGA
4008590,15/12/23 00:00,15/12/23 09:44,SIM,1,TIPO DOMICILIARIO,1,ASIMILABLE A DOMICILIARIO,2490,19310,16820,5,1,COMPACTADOR LEVANTE LAT.,,,,,SIN PERMISO,,,,,,,,,,,34,ETRA (Estacion de Transferencia),1,AUTOMATICA,NO,16/01/24 10:46,14/12/23 00:00,15/12/23 09:52,2,ETRA,1,DESCARGA
4008601,15/12/23 00:00,15/12/23 09:49,SIM,1,TIPO DOMICILIARIO,1,ASIMILABLE A DOMICILIARIO,8080,25440,17360,5,1,COMPACTADOR LEVANTE LAT.,,,,,SIN PERMISO,,,,,,,,,,,34,ETRA (Estacion de Transferencia),1,AUTOMATICA,NO,16/01/24 10:46,14/12/23 00:00,15/12/23 09:57,2,ETRA,1,DESCARGA
4008633,15/12/23 00:00,15/12/23 10:09,SIM,1,TIPO DOMICILIARIO,1,ASIMILABLE A DOMICILIARIO,10640,27880,17240,5,1,COMPACTADOR LEVANTE LAT.,,,,,SIN PERMISO,,,,,,,,,,,34,ETRA (Estacion de Transferencia),1,AUTOMATICA,NO,16/01/24 10:46,15/12/23 00:00,15/12/23 10:16,2,ETRA,1,DESCARGA
4008641,15/12/23 00:00,15/12/23 10:15,SIM,1,TIPO DOMICILIARIO,1,ASIMILABLE A DOMICILIARIO,10070,26850,16780,5,1,COMPACTADOR LEVANTE LAT.,,,,,SIN PERMISO,,,,,,,,,,,34,ETRA (Estacion de Transferencia),1,AUTOMATICA,NO,16/01/24 10:46,15/12/23 00:00,15/12/23 10:22,2,ETRA,1,DESCARGA
4008649,15/12/23 00:00,15/12/23 10:20,SIM,1,TIPO DOMICILIARIO,1,ASIMILABLE A DOMICILIARIO,7050,24320,17270,5,1,COMPACTADOR LEVANTE LAT.,,,,,SIN PERMISO,,,,,,,,,,,34,ETRA (Estacion de Transferencia),1,AUTOMATICA,NO,16/01/24 10:46,14/12/23 00:00,15/12/23 10:28,2,ETRA,1,DESCARGA
4008663,15/12/23 00:00,15/12/23 10:28,SIM,1,TIPO DOMICILIARIO,5,ASIMILABLE A DOMICILIARIO (ORIGEN EXTRANJERO),8390,27170,18780,5,50,COMPACTADOR LAT.CAJA DESM,,,,,SIN PERMISO,,,,,,,,,,,34,ETRA (Estacion de Transferencia),1,AUTOMATICA,NO,16/01/24 10:46,14/12/23 00:00,15/12/23 10:41,2,ETRA,1,DESCARGA
4008684,15/12/23 00:00,15/12/23 10:43,SIM,1,TIPO DOMICILIARIO,1,ASIMILABLE A DOMICILIARIO,11880,28470,16590,5,1,COMPACTADOR LEVANTE LAT.,,,,,SIN PERMISO,,,,,,,,,,,34,ETRA (Estacion de Transferencia),1,AUTOMATICA,NO,16/01/24 10:46,14/12/23 00:00,15/12/23 10:56,2,ETRA,1,DESCARGA
4008690,15/12/23 00:00,15/12/23 10:51,SIM,1,TIPO DOMICILIARIO,1,ASIMILABLE A DOMICILIARIO,1880,12380,10500,5,16,GRÚA,,,,,SIN PERMISO,,,,,,,,,,,34,ETRA (Estacion de Transferencia),1,AUTOMATICA,NO,16/01/24 10:46,14/12/23 00:00,15/12/23 11:00,2,ETRA,1,DESCARGA
4008691,15/12/23 00:00,15/12/23 10:54,SIM,1,TIPO DOMICILIARIO,1,ASIMILABLE A DOMICILIARIO,8230,25230,17000,5,1,COMPACTADOR LEVANTE LAT.,,,,,SIN PERMISO,,,,,,,,,,,34,ETRA (Estacion de Transferencia),1,AUTOMATICA,NO,16/01/24 10:46,14/12/23 00:00,15/12/23 11:00,2,ETRA,1,DESCARGA
4008736,15/12/23 00:00,15/12/23 11:18,SIM,1,TIPO DOMICILIARIO,1,ASIMILABLE A DOMICILIARIO,11140,28520,17380,5,1,COMPACTADOR LEVANTE LAT.,,,,,SIN PERMISO,,,,,,,,,,,34,ETRA (Estacion de Transferencia),1,AUTOMATICA,NO,16/01/24 10:46,14/12/23 00:00,15/12/23 11:26,2,ETRA,1,DESCARGA
4008742,15/12/23 00:00,15/12/23 11:13,SIM,1,TIPO DOMICILIARIO,1,ASIMILABLE A DOMICILIARIO,13260,30390,17130,5,1,COMPACTADOR LEVANTE LAT.,,,,,SIN PERMISO,,,,,,,,,,,34,ETRA (Estacion de Transferencia),1,AUTOMATICA,NO,16/01/24 10:46,14/12/23 00:00,15/12/23 11:27,2,ETRA,1,DESCARGA
4008768,15/12/23 00:00,15/12/23 11:28,SIM,1,TIPO DOMICILIARIO,1,ASIMILABLE A DOMICILIARIO,4760,22110,17350,5,1,COMPACTADOR LEVANTE LAT.,,,,,SIN PERMISO,,,,,,,,,,,34,ETRA (Estacion de Transferencia),1,AUTOMATICA,NO,16/01/24 10:46,14/12/23 00:00,15/12/23 11:36,2,ETRA,1,DESCARGA
4008787,15/12/23 00:00,15/12/23 11:33,SIM,1,TIPO DOMICILIARIO,1,ASIMILABLE A DOMICILIARIO,1120,18340,17220,5,1,COMPACTADOR LEVANTE LAT.,,,,,SIN PERMISO,,,,,,,,,,,34,ETRA (Estacion de Transferencia),1,AUTOMATICA,NO,16/01/24 10:46,15/12/23 00:00,15/12/23 11:42,2,ETRA,1,DESCARGA
4009209,15/12/23 00:00,15/12/23 16:42,SIM,1,TIPO DOMICILIARIO,1,ASIMILABLE A DOMICILIARIO,9070,25870,16800,5,1,COMPACTADOR LEVANTE LAT.,,,,,SIN PERMISO,,,,,,,,,,,34,ETRA (Estacion de Transferencia),1,AUTOMATICA,NO,16/01/24 10:46,15/12/23 00:00,15/12/23 16:51,2,ETRA,1,DESCARGA
4009214,15/12/23 00:00,15/12/23 16:49,SIM,1,TIPO DOMICILIARIO,1,ASIMILABLE A DOMICILIARIO,6050,23530,17480,5,1,COMPACTADOR LEVANTE LAT.,,,,,SIN PERMISO,,,,,,,,,,,34,ETRA (Estacion de Transferencia),1,AUTOMATICA,NO,16/01/24 10:46,14/12/23 00:00,15/12/23 16:56,2,ETRA,1,DESCARGA
4009225,15/12/23 00:00,15/12/23 16:55,SIM,1,TIPO DOMICILIARIO,1,ASIMILABLE A DOMICILIARIO,11340,28400,17060,5,1,COMPACTADOR LEVANTE LAT.,,,,,SIN PERMISO,,,,,,,,,,,34,ETRA (Estacion de Transferencia),1,AUTOMATICA,NO,16/01/24 10:46,15/12/23 00:00,15/12/23 17:02,2,ETRA,1,DESCARGA
4009236,15/12/23 00:00,15/12/23 17:04,SIM,1,TIPO DOMICILIARIO,1,ASIMILABLE A DOMICILIARIO,9750,26530,16780,5,1,COMPACTADOR LEVANTE LAT.,,,,,SIN PERMISO,,,,,,,,,,,34,ETRA (Estacion de Transferencia),1,AUTOMATICA,NO,16/01/24 10:46,14/12/23 00:00,15/12/23 17:13,2,ETRA,1,DESCARGA
4009242,15/12/23 00:00,15/12/23 17:10,SIM,1,TIPO DOMICILIARIO,1,ASIMILABLE A DOMICILIARIO,8400,24890,16490,5,1,COMPACTADOR LEVANTE LAT.,,,,,SIN PERMISO,,,,,,,,,,,34,ETRA (Estacion de Transferencia),1,AUTOMATICA,NO,16/01/24 10:46,15/12/23 00:00,15/12/23 17:16,2,ETRA,1,DESCARGA
4009267,15/12/23 00:00,15/12/23 17:25,SIM,1,TIPO DOMICILIARIO,1,ASIMILABLE A DOMICILIARIO,10700,27860,17160,5,1,COMPACTADOR LEVANTE LAT.,,,,,SIN PERMISO,,,,,,,,,,,34,ETRA (Estacion de Transferencia),1,AUTOMATICA,NO,16/01/24 10:46,15/12/23 00:00,15/12/23 17:36,2,ETRA,1,DESCARGA
4009320,15/12/23 00:00,15/12/23 18:44,SIM,1,TIPO DOMICILIARIO,1,ASIMILABLE A DOMICILIARIO,8390,25840,17450,5,1,COMPACTADOR LEVANTE LAT.,,,,,SIN PERMISO,,,,,,,,,,,34,ETRA (Estacion de Transferencia),1,AUTOMATICA,NO,16/01/24 10:46,14/12/23 00:00,15/12/23 18:50,2,ETRA,1,DESCARGA
4009324,15/12/23 00:00,15/12/23 18:52,SIM,1,TIPO DOMICILIARIO,1,ASIMILABLE A DOMICILIARIO,3720,20240,16520,5,1,COMPACTADOR LEVANTE LAT.,,,,,SIN PERMISO,,,,,,,,,,,34,ETRA (Estacion de Transferencia),1,AUTOMATICA,NO,16/01/24 10:46,15/12/23 00:00,15/12/23 18:58,2,ETRA,1,DESCARGA
4009335,15/12/23 00:00,15/12/23 19:00,SIM,1,TIPO DOMICILIARIO,1,ASIMILABLE A DOMICILIARIO,12600,29920,17320,5,1,COMPACTADOR LEVANTE LAT.,,,,,SIN PERMISO,,,,,,,,,,,34,ETRA (Estacion de Transferencia),1,AUTOMATICA,NO,16/01/24 10:46,14/12/23 00:00,15/12/23 19:10,2,ETRA,1,DESCARGA
4009342,15/12/23 00:00,15/12/23 19:09,SIM,1,TIPO DOMICILIARIO,1,ASIMILABLE A DOMICILIARIO,11720,28530,16810,5,1,COMPACTADOR LEVANTE LAT.,,,,,SIN PERMISO,,,,,,,,,,,34,ETRA (Estacion de Transferencia),1,AUTOMATICA,NO,16/01/24 10:46,15/12/23 00:00,15/12/23 19:15,2,ETRA,1,DESCARGA
4009347,15/12/23 00:00,15/12/23 19:11,SIM,1,TIPO DOMICILIARIO,1,ASIMILABLE A DOMICILIARIO,7690,24540,16850,5,1,COMPACTADOR LEVANTE LAT.,,,,,SIN PERMISO,,,,,,,,,,,34,ETRA (Estacion de Transferencia),1,AUTOMATICA,NO,16/01/24 10:46,14/12/23 00:00,15/12/23 19:23,2,ETRA,1,DESCARGA
4009469,16/12/23 00:00,16/12/23 07:25,SIM,1,TIPO DOMICILIARIO,1,ASIMILABLE A DOMICILIARIO,8540,25410,16870,5,1,COMPACTADOR LEVANTE LAT.,,,,,SIN PERMISO,,,,,,,,,,,34,ETRA (Estacion de Transferencia),1,AUTOMATICA,NO,16/01/24 10:46,16/12/23 00:00,16/12/23 07:39,2,ETRA,1,DESCARGA
4009482,16/12/23 00:00,16/12/23 07:38,SIM,1,TIPO DOMICILIARIO,1,ASIMILABLE A DOMICILIARIO,7110,24280,17170,5,1,COMPACTADOR LEVANTE LAT.,,,,,SIN PERMISO,,,,,,,,,,,34,ETRA (Estacion de Transferencia),1,AUTOMATICA,NO,16/01/24 10:46,15/12/23 00:00,16/12/23 07:50,2,ETRA,1,DESCARGA
4009517,16/12/23 00:00,16/12/23 08:17,SIM,1,TIPO DOMICILIARIO,1,ASIMILABLE A DOMICILIARIO,9550,26370,16820,5,1,COMPACTADOR LEVANTE LAT.,,,,,SIN PERMISO,,,,,,,,,,,34,ETRA (Estacion de Transferencia),1,AUTOMATICA,NO,16/01/24 10:46,15/12/23 00:00,16/12/23 08:25,2,ETRA,1,DESCARGA
4009535,16/12/23 00:00,16/12/23 08:27,SIM,1,TIPO DOMICILIARIO,1,ASIMILABLE A DOMICILIARIO,8410,27320,18910,5,50,COMPACTADOR LAT.CAJA DESM,,,,,SIN PERMISO,,,,,,,,,,,34,ETRA (Estacion de Transferencia),1,AUTOMATICA,NO,16/01/24 10:46,16/12/23 00:00,16/12/23 08:38,2,ETRA,1,DESCARGA
4009545,16/12/23 00:00,16/12/23 08:39,SIM,1,TIPO DOMICILIARIO,99,OTROS,7850,27110,19260,5,50,COMPACTADOR LAT.CAJA DESM,,,,,SIN PERMISO,,,,,,,,,,,34,ETRA (Estacion de Transferencia),1,AUTOMATICA,NO,16/01/24 10:46,16/12/23 00:00,16/12/23 08:46,2,ETRA,1,DESCARGA
4009546,16/12/23 00:00,16/12/23 08:40,SIM,1,TIPO DOMICILIARIO,1,ASIMILABLE A DOMICILIARIO,7890,24950,17060,5,1,COMPACTADOR LEVANTE LAT.,,,,,SIN PERMISO,,,,,,,,,,,34,ETRA (Estacion de Transferencia),1,AUTOMATICA,NO,16/01/24 10:46,16/12/23 00:00,16/12/23 08:49,2,ETRA,1,DESCARGA
4009574,16/12/23 00:00,16/12/23 09:00,SIM,1,TIPO DOMICILIARIO,1,ASIMILABLE A DOMICILIARIO,11360,28750,17390,5,1,COMPACTADOR LEVANTE LAT.,,,,,SIN PERMISO,,,,,,,,,,,34,ETRA (Estacion de Transferencia),1,AUTOMATICA,NO,16/01/24 10:46,15/12/23 00:00,16/12/23 09:09,2,ETRA,1,DESCARGA
4009605,16/12/23 00:00,16/12/23 09:24,SIM,1,TIPO DOMICILIARIO,1,ASIMILABLE A DOMICILIARIO,8360,25450,17090,5,1,COMPACTADOR LEVANTE LAT.,,,,,SIN PERMISO,,,,,,,,,,,34,ETRA (Estacion de Transferencia),1,AUTOMATICA,NO,16/01/24 10:46,15/12/23 00:00,16/12/23 09:31,2,ETRA,1,DESCARGA
4009608,16/12/23 00:00,16/12/23 09:20,SIM,1,TIPO DOMICILIARIO,1,ASIMILABLE A DOMICILIARIO,7750,26510,18760,5,50,COMPACTADOR LAT.CAJA DESM,,,,,SIN PERMISO,,,,,,,,,,,34,ETRA (Estacion de Transferencia),1,AUTOMATICA,NO,16/01/24 10:46,16/12/23 00:00,16/12/23 09:32,2,ETRA,1,DESCARGA
4009613,16/12/23 00:00,16/12/23 09:19,SIM,1,TIPO DOMICILIARIO,1,ASIMILABLE A DOMICILIARIO,9050,27810,18760,5,50,COMPACTADOR LAT.CAJA DESM,,,,,SIN PERMISO,,,,,,,,,,,34,ETRA (Estacion de Transferencia),1,AUTOMATICA,NO,16/01/24 10:46,15/12/23 00:00,16/12/23 09:36,2,ETRA,1,DESCARGA
4009645,16/12/23 00:00,16/12/23 09:44,SIM,1,TIPO DOMICILIARIO,1,ASIMILABLE A DOMICILIARIO,3860,14350,10490,5,16,GRÚA,,,,,SIN PERMISO,,,,,,,,,,,34,ETRA (Estacion de Transferencia),1,AUTOMATICA,NO,16/01/24 10:46,16/12/23 00:00,16/12/23 09:55,2,ETRA,1,DESCARGA
4009659,16/12/23 00:00,16/12/23 09:58,SIM,1,TIPO DOMICILIARIO,1,ASIMILABLE A DOMICILIARIO,8780,26120,17340,5,1,COMPACTADOR LEVANTE LAT.,,,,,SIN PERMISO,,,,,,,,,,,34,ETRA (Estacion de Transferencia),1,AUTOMATICA,NO,16/01/24 10:46,16/12/23 00:00,16/12/23 10:04,2,ETRA,1,DESCARGA
4009675,16/12/23 00:00,16/12/23 10:06,SIM,1,TIPO DOMICILIARIO,1,ASIMILABLE A DOMICILIARIO,10480,27630,17150,5,1,COMPACTADOR LEVANTE LAT.,,,,,SIN PERMISO,,,,,,,,,,,34,ETRA (Estacion de Transferencia),1,AUTOMATICA,NO,16/01/24 10:46,16/12/23 00:00,16/12/23 10:16,2,ETRA,1,DESCARGA
4009713,16/12/23 00:00,16/12/23 10:32,SIM,1,TIPO DOMICILIARIO,1,ASIMILABLE A DOMICILIARIO,8450,27350,18900,5,50,COMPACTADOR LAT.CAJA DESM,,,,,SIN PERMISO,,,,,,,,,,,34,ETRA (Estacion de Transferencia),1,AUTOMATICA,NO,16/01/24 10:46,16/12/23 00:00,16/12/23 10:46,2,ETRA,1,DESCARGA
4009739,16/12/23 00:00,16/12/23 10:59,SIM,1,TIPO DOMICILIARIO,1,ASIMILABLE A DOMICILIARIO,7800,24840,17040,5,1,COMPACTADOR LEVANTE LAT.,,,,,SIN PERMISO,,,,,,,,,,,34,ETRA (Estacion de Transferencia),1,AUTOMATICA,NO,16/01/24 10:46,16/12/23 00:00,16/12/23 11:05,2,ETRA,1,DESCARGA
4009750,16/12/23 00:00,16/12/23 11:03,SIM,1,TIPO DOMICILIARIO,99,OTROS,6130,24960,18830,5,50,COMPACTADOR LAT.CAJA DESM,,,,,SIN PERMISO,,,,,,,,,,,34,ETRA (Estacion de Transferencia),1,AUTOMATICA,NO,16/01/24 10:46,16/12/23 00:00,16/12/23 11:13,2,ETRA,1,DESCARGA
4009775,16/12/23 00:00,16/12/23 11:14,SIM,1,TIPO DOMICILIARIO,1,ASIMILABLE A DOMICILIARIO,6560,25360,18800,5,50,COMPACTADOR LAT.CAJA DESM,,,,,SIN PERMISO,,,,,,,,,,,34,ETRA (Estacion de Transferencia),1,AUTOMATICA,NO,16/01/24 10:46,16/12/23 00:00,16/12/23 11:26,2,ETRA,1,DESCARGA
4009796,16/12/23 00:00,16/12/23 11:31,SIM,1,TIPO DOMICILIARIO,1,ASIMILABLE A DOMICILIARIO,1870,18920,17050,5,1,COMPACTADOR LEVANTE LAT.,,,,,SIN PERMISO,,,,,,,,,,,34,ETRA (Estacion de Transferencia),1,AUTOMATICA,NO,16/01/24 10:46,15/12/23 00:00,16/12/23 11:36,2,ETRA,1,DESCARGA
4009802,16/12/23 00:00,16/12/23 11:34,SIM,1,TIPO DOMICILIARIO,1,ASIMILABLE A DOMICILIARIO,7180,23690,16510,5,1,COMPACTADOR LEVANTE LAT.,,,,,SIN PERMISO,,,,,,,,,,,34,ETRA (Estacion de Transferencia),1,AUTOMATICA,NO,16/01/24 10:46,16/12/23 00:00,16/12/23 11:40,2,ETRA,1,DESCARGA
4009836,16/12/23 00:00,16/12/23 11:45,SIM,1,TIPO DOMICILIARIO,1,ASIMILABLE A DOMICILIARIO,8490,25560,17070,5,1,COMPACTADOR LEVANTE LAT.,,,,,SIN PERMISO,,,,,,,,,,,34,ETRA (Estacion de Transferencia),1,AUTOMATICA,NO,16/01/24 10:46,15/12/23 00:00,16/12/23 12:01,2,ETRA,1,DESCARGA
4010044,16/12/23 00:00,16/12/23 15:51,SIM,1,TIPO DOMICILIARIO,1,ASIMILABLE A DOMICILIARIO,12860,30330,17470,5,1,COMPACTADOR LEVANTE LAT.,,,,,SIN PERMISO,,,,,,,,,,,34,ETRA (Estacion de Transferencia),1,AUTOMATICA,NO,16/01/24 10:46,16/12/23 00:00,16/12/23 15:57,2,ETRA,1,DESCARGA
4010055,16/12/23 00:00,16/12/23 16:25,SIM,1,TIPO DOMICILIARIO,1,ASIMILABLE A DOMICILIARIO,8820,24970,16150,5,1,COMPACTADOR LEVANTE LAT.,,,,,SIN PERMISO,,,,,,,,,,,34,ETRA (Estacion de Transferencia),1,AUTOMATICA,NO,16/01/24 10:46,16/12/23 00:00,16/12/23 16:32,2,ETRA,1,DESCARGA
4010066,16/12/23 00:00,16/12/23 16:40,SIM,1,TIPO DOMICILIARIO,1,ASIMILABLE A DOMICILIARIO,11050,27910,16860,5,1,COMPACTADOR LEVANTE LAT.,,,,,SIN PERMISO,,,,,,,,,,,34,ETRA (Estacion de Transferencia),1,AUTOMATICA,NO,16/01/24 10:46,16/12/23 00:00,16/12/23 16:48,2,ETRA,1,DESCARGA
4010073,16/12/23 00:00,16/12/23 17:07,SIM,1,TIPO DOMICILIARIO,1,ASIMILABLE A DOMICILIARIO,5250,22670,17420,5,1,COMPACTADOR LEVANTE LAT.,,,,,SIN PERMISO,,,,,,,,,,,34,ETRA (Estacion de Transferencia),1,AUTOMATICA,NO,16/01/24 10:46,15/12/23 00:00,16/12/23 17:13,2,ETRA,1,DESCARGA
4010081,16/12/23 00:00,16/12/23 17:19,SIM,1,TIPO DOMICILIARIO,1,ASIMILABLE A DOMICILIARIO,7700,25230,17530,5,1,COMPACTADOR LEVANTE LAT.,,,,,SIN PERMISO,,,,,,,,,,,34,ETRA (Estacion de Transferencia),1,AUTOMATICA,NO,16/01/24 10:46,16/12/23 00:00,16/12/23 17:29,2,ETRA,1,DESCARGA
4010083,16/12/23 00:00,16/12/23 17:34,SIM,1,TIPO DOMICILIARIO,1,ASIMILABLE A DOMICILIARIO,2740,12910,10170,5,16,GRÚA,,,,,SIN PERMISO,,,,,,,,,,,34,ETRA (Estacion de Transferencia),1,AUTOMATICA,NO,16/01/24 10:46,16/12/23 00:00,16/12/23 17:38,2,ETRA,1,DESCARGA
4010096,16/12/23 00:00,16/12/23 17:54,SIM,1,TIPO DOMICILIARIO,1,ASIMILABLE A DOMICILIARIO,12240,28900,16660,5,1,COMPACTADOR LEVANTE LAT.,,,,,SIN PERMISO,,,,,,,,,,,34,ETRA (Estacion de Transferencia),1,AUTOMATICA,NO,16/01/24 10:46,15/12/23 00:00,16/12/23 18:02,2,ETRA,1,DESCARGA
4010115,16/12/23 00:00,16/12/23 18:32,SIM,1,TIPO DOMICILIARIO,1,ASIMILABLE A DOMICILIARIO,6920,23340,16420,5,1,COMPACTADOR LEVANTE LAT.,,,,,SIN PERMISO,,,,,,,,,,,34,ETRA (Estacion de Transferencia),1,AUTOMATICA,NO,16/01/24 10:46,16/12/23 00:00,16/12/23 18:37,2,ETRA,1,DESCARGA
4010120,16/12/23 00:00,16/12/23 18:38,SIM,1,TIPO DOMICILIARIO,1,ASIMILABLE A DOMICILIARIO,2500,20060,17560,5,1,COMPACTADOR LEVANTE LAT.,,,,,SIN PERMISO,,,,,,,,,,,34,ETRA (Estacion de Transferencia),1,AUTOMATICA,NO,16/01/24 10:46,16/12/23 00:00,16/12/23 18:56,2,ETRA,1,DESCARGA
4010127,16/12/23 00:00,16/12/23 19:06,SIM,1,TIPO DOMICILIARIO,1,ASIMILABLE A DOMICILIARIO,6640,23510,16870,5,1,COMPACTADOR LEVANTE LAT.,,,,,SIN PERMISO,,,,,,,,,,,34,ETRA (Estacion de Transferencia),1,AUTOMATICA,NO,16/01/24 10:46,15/12/23 00:00,16/12/23 19:14,2,ETRA,1,DESCARGA
4010137,16/12/23 00:00,16/12/23 19:30,SIM,1,TIPO DOMICILIARIO,1,ASIMILABLE A DOMICILIARIO,10680,27470,16790,5,1,COMPACTADOR LEVANTE LAT.,,,,,SIN PERMISO,,,,,,,,,,,34,ETRA (Estacion de Transferencia),1,AUTOMATICA,NO,16/01/24 10:46,16/12/23 00:00,16/12/23 19:36,2,ETRA,1,DESCARGA
4010140,16/12/23 00:00,16/12/23 19:18,SIM,1,TIPO DOMICILIARIO,1,ASIMILABLE A DOMICILIARIO,7310,24980,17670,5,1,COMPACTADOR LEVANTE LAT.,,,,,SIN PERMISO,,,,,,,,,,,34,ETRA (Estacion de Transferencia),1,AUTOMATICA,NO,16/01/24 10:46,15/12/23 00:00,16/12/23 19:50,2,ETRA,1,DESCARGA
4010147,17/12/23 00:00,17/12/23 08:35,SIM,1,TIPO DOMICILIARIO,1,ASIMILABLE A DOMICILIARIO,9620,26250,16630,5,1,COMPACTADOR LEVANTE LAT.,,,,,SIN PERMISO,,,,,,,,,,,34,ETRA (Estacion de Transferencia),1,AUTOMATICA,NO,16/01/24 10:47,17/12/23 00:00,17/12/23 08:41,2,ETRA,1,DESCARGA
4010151,17/12/23 00:00,17/12/23 09:00,SIM,1,TIPO DOMICILIARIO,99,OTROS,7510,26400,18890,5,50,COMPACTADOR LAT.CAJA DESM,,,,,SIN PERMISO,,,,,,,,,,,34,ETRA (Estacion de Transferencia),1,AUTOMATICA,NO,16/01/24 10:47,17/12/23 00:00,17/12/23 09:19,2,ETRA,1,DESCARGA
4010152,17/12/23 00:00,17/12/23 09:13,SIM,1,TIPO DOMICILIARIO,1,ASIMILABLE A DOMICILIARIO,8980,26260,17280,5,1,COMPACTADOR LEVANTE LAT.,,,,,SIN PERMISO,,,,,,,,,,,34,ETRA (Estacion de Transferencia),1,AUTOMATICA,NO,16/01/24 10:47,17/12/23 00:00,17/12/23 09:20,2,ETRA,1,DESCARGA
4010158,17/12/23 00:00,17/12/23 09:37,SIM,1,TIPO DOMICILIARIO,1,ASIMILABLE A DOMICILIARIO,8070,27140,19070,5,50,COMPACTADOR LAT.CAJA DESM,,,,,SIN PERMISO,,,,,,,,,,,34,ETRA (Estacion de Transferencia),1,AUTOMATICA,NO,16/01/24 10:47,17/12/23 00:00,17/12/23 09:59,2,ETRA,1,DESCARGA
4010159,17/12/23 00:00,17/12/23 09:59,SIM,1,TIPO DOMICILIARIO,1,ASIMILABLE A DOMICILIARIO,8350,27070,18720,5,50,COMPACTADOR LAT.CAJA DESM,,,,,SIN PERMISO,,,,,,,,,,,34,ETRA (Estacion de Transferencia),1,AUTOMATICA,NO,16/01/24 10:47,17/12/23 00:00,17/12/23 10:11,2,ETRA,1,DESCARGA
4010164,17/12/23 00:00,17/12/23 10:29,SIM,1,TIPO DOMICILIARIO,1,ASIMILABLE A DOMICILIARIO,10550,27760,17210,5,1,COMPACTADOR LEVANTE LAT.,,,,,SIN PERMISO,,,,,,,,,,,34,ETRA (Estacion de Transferencia),1,AUTOMATICA,NO,16/01/24 10:47,16/12/23 00:00,17/12/23 10:37,2,ETRA,1,DESCARGA
4010170,17/12/23 00:00,17/12/23 11:02,SIM,1,TIPO DOMICILIARIO,1,ASIMILABLE A DOMICILIARIO,12080,28700,16620,5,1,COMPACTADOR LEVANTE LAT.,,,,,SIN PERMISO,,,,,,,,,,,34,ETRA (Estacion de Transferencia),1,AUTOMATICA,NO,16/01/24 10:47,16/12/23 00:00,17/12/23 11:08,2,ETRA,1,DESCARGA
4010176,17/12/23 00:00,17/12/23 11:29,SIM,1,TIPO DOMICILIARIO,1,ASIMILABLE A DOMICILIARIO,6790,24030,17240,5,1,COMPACTADOR LEVANTE LAT.,,,,,SIN PERMISO,,,,,,,,,,,34,ETRA (Estacion de Transferencia),1,AUTOMATICA,NO,16/01/24 10:47,16/12/23 00:00,17/12/23 11:35,2,ETRA,1,DESCARGA
4010181,17/12/23 00:00,17/12/23 11:42,SIM,1,TIPO DOMICILIARIO,1,ASIMILABLE A DOMICILIARIO,2290,19460,17170,5,1,COMPACTADOR LEVANTE LAT.,,,,,SIN PERMISO,,,,,,,,,,,34,ETRA (Estacion de Transferencia),1,AUTOMATICA,NO,16/01/24 10:47,16/12/23 00:00,17/12/23 11:50,2,ETRA,1,DESCARGA
4010182,17/12/23 00:00,17/12/23 11:39,SIM,1,TIPO DOMICILIARIO,1,ASIMILABLE A DOMICILIARIO,7410,26090,18680,5,50,COMPACTADOR LAT.CAJA DESM,,,,,SIN PERMISO,,,,,,,,,,,34,ETRA (Estacion de Transferencia),1,AUTOMATICA,NO,16/01/24 10:47,17/12/23 00:00,17/12/23 11:51,2,ETRA,1,DESCARGA
4010186,17/12/23 00:00,17/12/23 11:50,SIM,1,TIPO DOMICILIARIO,99,OTROS,8440,27420,18980,5,50,COMPACTADOR LAT.CAJA DESM,,,,,SIN PERMISO,,,,,,,,,,,34,ETRA (Estacion de Transferencia),1,AUTOMATICA,NO,16/01/24 10:47,17/12/23 00:00,17/12/23 12:09,2,ETRA,1,DESCARGA
4010368,18/12/23 00:00,18/12/23 08:43,SIM,1,TIPO DOMICILIARIO,1,ASIMILABLE A DOMICILIARIO,7890,27330,19440,5,50,COMPACTADOR LAT.CAJA DESM,,,,,SIN PERMISO,,,,,,,,,,,34,ETRA (Estacion de Transferencia),1,AUTOMATICA,NO,16/01/24 10:47,17/12/23 00:00,18/12/23 08:50,2,ETRA,1,DESCARGA
4010373,18/12/23 00:00,18/12/23 08:46,SIM,1,TIPO DOMICILIARIO,1,ASIMILABLE A DOMICILIARIO,4370,21250,16880,5,1,COMPACTADOR LEVANTE LAT.,,,,,SIN PERMISO,,,,,,,,,,,34,ETRA (Estacion de Transferencia),1,AUTOMATICA,NO,16/01/24 10:47,17/12/23 00:00,18/12/23 08:52,2,ETRA,1,DESCARGA
4010376,18/12/23 00:00,18/12/23 08:47,SIM,1,TIPO DOMICILIARIO,1,ASIMILABLE A DOMICILIARIO,9920,26820,16900,5,1,COMPACTADOR LEVANTE LAT.,,,,,SIN PERMISO,,,,,,,,,,,34,ETRA (Estacion de Transferencia),1,AUTOMATICA,NO,16/01/24 10:47,17/12/23 00:00,18/12/23 08:54,2,ETRA,1,DESCARGA
4010384,18/12/23 00:00,18/12/23 08:51,SIM,1,TIPO DOMICILIARIO,1,ASIMILABLE A DOMICILIARIO,5570,22430,16860,5,1,COMPACTADOR LEVANTE LAT.,,,,,SIN PERMISO,,,,,,,,,,,34,ETRA (Estacion de Transferencia),1,AUTOMATICA,NO,16/01/24 10:47,18/12/23 00:00,18/12/23 08:58,2,ETRA,1,DESCARGA
4010396,18/12/23 00:00,18/12/23 08:58,SIM,1,TIPO DOMICILIARIO,1,ASIMILABLE A DOMICILIARIO,4810,21910,17100,5,1,COMPACTADOR LEVANTE LAT.,,,,,SIN PERMISO,,,,,,,,,,,34,ETRA (Estacion de Transferencia),1,AUTOMATICA,NO,16/01/24 10:47,17/12/23 00:00,18/12/23 09:05,2,ETRA,1,DESCARGA
4010407,18/12/23 00:00,18/12/23 09:03,SIM,1,TIPO DOMICILIARIO,1,ASIMILABLE A DOMICILIARIO,10180,26810,16630,5,1,COMPACTADOR LEVANTE LAT.,,,,,SIN PERMISO,,,,,,,,,,,34,ETRA (Estacion de Transferencia),1,AUTOMATICA,NO,16/01/24 10:47,17/12/23 00:00,18/12/23 09:11,2,ETRA,1,DESCARGA
4010413,18/12/23 00:00,18/12/23 14:12,STP,1,TIPO DOMICILIARIO,1,ASIMILABLE A DOMICILIARIO,3110,22390,19280,5,10,COMPACTADOR CONVENCIONAL,,,,,SERVICIO DE EVALUACION DE LA CALIDAD Y CONTROL AMBIENTAL,,,,,,49248,61909,1,SERVICIO DE EVALUACION DE LA CALIDAD Y CONTROL AMBIENTAL,,34,ETRA (Estacion de Transferencia),1,AUTOMATICA,NO,16/01/24 10:47,,18/12/23 14:20,2,ETRA,1,DESCARGA
4010414,18/12/23 00:00,18/12/23 14:33,STP,1,TIPO DOMICILIARIO,1,ASIMILABLE A DOMICILIARIO,4000,16080,12080,5,11,COMPACTADOR LEVANTE TRAS.,,,,,SERVICIO DE EVALUACION DE LA CALIDAD Y CONTROL AMBIENTAL,,,,,,49248,61909,1,SERVICIO DE EVALUACION DE LA CALIDAD Y CONTROL AMBIENTAL,,34,ETRA (Estacion de Transferencia),1,AUTOMATICA,NO,16/01/24 10:47,,18/12/23 14:42,2,ETRA,1,DESCARGA
4010415,18/12/23 00:00,18/12/23 15:11,STP,1,TIPO DOMICILIARIO,1,ASIMILABLE A DOMICILIARIO,4990,17230,12240,5,11,COMPACTADOR LEVANTE TRAS.,,,,,SERVICIO DE EVALUACION DE LA CALIDAD Y CONTROL AMBIENTAL,,,,,,49248,61909,1,SERVICIO DE EVALUACION DE LA CALIDAD Y CONTROL AMBIENTAL,,34,ETRA (Estacion de Transferencia),1,AUTOMATICA,NO,16/01/24 10:47,,18/12/23 15:21,2,ETRA,1,DESCARGA
4010416,18/12/23 00:00,18/12/23 18:34,SCP,1,TIPO DOMICILIARIO,3,LIMPIEZA DE DEPOSITOS,660,2060,1400,5,3,CAJA CERRADA,,,,,SERVICIO DE EVALUACION DE LA CALIDAD Y CONTROL AMBIENTAL,,,,,,50011,62873,1,SERVICIO DE EVALUACION DE LA CALIDAD Y CONTROL AMBIENTAL,,34,ETRA (Estacion de Transferencia),1,AUTOMATICA,NO,16/01/24 10:47,,18/12/23 19:07,2,ETRA,1,DESCARGA
4010417,18/12/23 00:00,18/12/23 18:56,SDA,1,TIPO DOMICILIARIO,3,LIMPIEZA DE DEPOSITOS,1560,5100,3540,5,3,CAJA CERRADA,,,,,SERVICIO DE EVALUACION DE LA CALIDAD Y CONTROL AMBIENTAL,,,,,,50011,62873,1,SERVICIO DE EVALUACION DE LA CALIDAD Y CONTROL AMBIENTAL,,34,ETRA (Estacion de Transferencia),1,AUTOMATICA,NO,16/01/24 10:47,,18/12/23 19:09,2,ETRA,1,DESCARGA
4010418,18/12/23 00:00,18/12/23 19:16,SCR,1,TIPO DOMICILIARIO,3,LIMPIEZA DE DEPOSITOS,420,1850,1430,5,3,CAJA CERRADA,,,,,SERVICIO DE EVALUACION DE LA CALIDAD Y CONTROL AMBIENTAL,,,,,,50011,62873,1,SERVICIO DE EVALUACION DE LA CALIDAD Y CONTROL AMBIENTAL,,34,ETRA (Estacion de Transferencia),1,AUTOMATICA,NO,16/01/24 10:47,,18/12/23 19:29,2,ETRA,1,DESCARGA
4010419,18/12/23 00:00,18/12/23 19:31,STP,1,TIPO DOMICILIARIO,1,ASIMILABLE A DOMICILIARIO,3070,15320,12250,5,11,COMPACTADOR LEVANTE TRAS.,,,,,SERVICIO DE EVALUACION DE LA CALIDAD Y CONTROL AMBIENTAL,,,,,,49248,61909,1,SERVICIO DE EVALUACION DE LA CALIDAD Y CONTROL AMBIENTAL,,34,ETRA (Estacion de Transferencia),1,AUTOMATICA,NO,16/01/24 10:47,,18/12/23 19:37,2,ETRA,1,DESCARGA
4010420,18/12/23 00:00,18/12/23 19:51,SDA,1,TIPO DOMICILIARIO,3,LIMPIEZA DE DEPOSITOS,30,1500,1470,5,3,CAJA CERRADA,,,,,SERVICIO DE EVALUACION DE LA CALIDAD Y CONTROL AMBIENTAL,,,,,,51127,64019,1,SERVICIO DE EVALUACION DE LA CALIDAD Y CONTROL AMBIENTAL,,34,ETRA (Estacion de Transferencia),1,AUTOMATICA,NO,16/01/24 10:47,,18/12/23 19:57,2,ETRA,1,DESCARGA
4010421,18/12/23 00:00,18/12/23 19:54,STP,1,TIPO DOMICILIARIO,3,LIMPIEZA DE DEPOSITOS,6150,17240,11090,5,10,COMPACTADOR CONVENCIONAL,,,,,SERVICIO DE EVALUACION DE LA CALIDAD Y CONTROL AMBIENTAL,,,,,,49379,62056,1,SERVICIO DE EVALUACION DE LA CALIDAD Y CONTROL AMBIENTAL,,34,ETRA (Estacion de Transferencia),1,AUTOMATICA,NO,16/01/24 10:47,,18/12/23 19:59,2,ETRA,1,DESCARGA
4010422,18/12/23 00:00,18/12/23 19:53,STP,1,TIPO DOMICILIARIO,1,ASIMILABLE A DOMICILIARIO,2160,13970,11810,5,10,COMPACTADOR CONVENCIONAL,,,,,SERVICIO DE EVALUACION DE LA CALIDAD Y CONTROL AMBIENTAL,,,,,,49796,62578,1,SERVICIO DE EVALUACION DE LA CALIDAD Y CONTROL AMBIENTAL,,34,ETRA (Estacion de Transferencia),1,AUTOMATICA,NO,16/01/24 10:47,,18/12/23 20:02,2,ETRA,1,DESCARGA
4010423,18/12/23 00:00,18/12/23 19:56,STP,1,TIPO DOMICILIARIO,3,LIMPIEZA DE DEPOSITOS,5840,16750,10910,5,10,COMPACTADOR CONVENCIONAL,,,,,SERVICIO DE EVALUACION DE LA CALIDAD Y CONTROL AMBIENTAL,,,,,,49379,62056,1,SERVICIO DE EVALUACION DE LA CALIDAD Y CONTROL AMBIENTAL,,34,ETRA (Estacion de Transferencia),1,AUTOMATICA,NO,16/01/24 10:47,,18/12/23 20:03,2,ETRA,1,DESCARGA
4010424,18/12/23 00:00,18/12/23 19:58,SCX,1,TIPO DOMICILIARIO,3,LIMPIEZA DE DEPOSITOS,530,3750,3220,5,3,CAJA CERRADA,,,,,SERVICIO DE EVALUACION DE LA CALIDAD Y CONTROL AMBIENTAL,,,,,,50011,62873,1,SERVICIO DE EVALUACION DE LA CALIDAD Y CONTROL AMBIENTAL,,34,ETRA (Estacion de Transferencia),1,AUTOMATICA,NO,16/01/24 10:47,,18/12/23 20:06,2,ETRA,1,DESCARGA
4010425,18/12/23 00:00,18/12/23 20:06,SDA,1,TIPO DOMICILIARIO,1,ASIMILABLE A DOMICILIARIO,540,4100,3560,5,3,CAJA CERRADA,,,,,SERVICIO DE EVALUACION DE LA CALIDAD Y CONTROL AMBIENTAL,,,,,,50011,62873,1,SERVICIO DE EVALUACION DE LA CALIDAD Y CONTROL AMBIENTAL,,34,ETRA (Estacion de Transferencia),1,AUTOMATICA,NO,16/01/24 10:47,,18/12/23 20:16,2,ETRA,1,DESCARGA
4010426,18/12/23 00:00,18/12/23 20:30,STP,400,PLASTICOS - CAUCHO Y AFINES,403,NILON Y OTROS,2400,14320,11920,5,11,COMPACTADOR LEVANTE TRAS.,,,,,SERVICIO DE EVALUACION DE LA CALIDAD Y CONTROL AMBIENTAL,,,,,,49796,62578,1,SERVICIO DE EVALUACION DE LA CALIDAD Y CONTROL AMBIENTAL,,34,ETRA (Estacion de Transferencia),1,AUTOMATICA,NO,16/01/24 10:47,,18/12/23 20:42,2,ETRA,1,DESCARGA
4010427,18/12/23 00:00,18/12/23 22:47,STP,1,TIPO DOMICILIARIO,3,LIMPIEZA DE DEPOSITOS,4500,16720,12220,5,10,COMPACTADOR CONVENCIONAL,,,,,SERVICIO DE EVALUACION DE LA CALIDAD Y CONTROL AMBIENTAL,,,,,,49381,62058,1,SERVICIO DE EVALUACION DE LA CALIDAD Y CONTROL AMBIENTAL,,34,ETRA (Estacion de Transferencia),1,AUTOMATICA,NO,16/01/24 10:47,,18/12/23 22:57,2,ETRA,1,DESCARGA
4010428,18/12/23 00:00,18/12/23 22:53,STP,1,TIPO DOMICILIARIO,1,ASIMILABLE A DOMICILIARIO,5250,24460,19210,5,10,COMPACTADOR CONVENCIONAL,,,,,SERVICIO DE EVALUACION DE LA CALIDAD Y CONTROL AMBIENTAL,,,,,,49248,61909,1,SERVICIO DE EVALUACION DE LA CALIDAD Y CONTROL AMBIENTAL,,34,ETRA (Estacion de Transferencia),1,AUTOMATICA,NO,16/01/24 10:47,,18/12/23 23:01,2,ETRA,1,DESCARGA
4010429,18/12/23 00:00,18/12/23 23:30,SCR,1,TIPO DOMICILIARIO,3,LIMPIEZA DE DEPOSITOS,1510,9770,8260,5,3,CAJA CERRADA,,,,,SERVICIO DE EVALUACION DE LA CALIDAD Y CONTROL AMBIENTAL,,,,,,49380,62057,1,SERVICIO DE EVALUACION DE LA CALIDAD Y CONTROL AMBIENTAL,,34,ETRA (Estacion de Transferencia),1,AUTOMATICA,NO,16/01/24 10:47,,18/12/23 23:43,2,ETRA,1,DESCARGA
4010430,18/12/23 00:00,18/12/23 23:49,SCS,1,TIPO DOMICILIARIO,3,LIMPIEZA DE DEPOSITOS,6380,19060,12680,5,10,COMPACTADOR CONVENCIONAL,,,,,SERVICIO DE EVALUACION DE LA CALIDAD Y CONTROL AMBIENTAL,,,,,,49381,62058,1,SERVICIO DE EVALUACION DE LA CALIDAD Y CONTROL AMBIENTAL,,34,ETRA (Estacion de Transferencia),1,AUTOMATICA,NO,16/01/24 10:47,,18/12/23 23:58,2,ETRA,1,DESCARGA
4010431,19/12/23 00:00,19/12/23 00:55,STP,1,TIPO DOMICILIARIO,1,ASIMILABLE A DOMICILIARIO,2530,15810,13280,5,16,GRÚA,,,,,SERVICIO DE EVALUACION DE LA CALIDAD Y CONTROL AMBIENTAL,,,,,,49248,61909,1,SERVICIO DE EVALUACION DE LA CALIDAD Y CONTROL AMBIENTAL,,34,ETRA (Estacion de Transferencia),1,AUTOMATICA,NO,16/01/24 10:47,,19/12/23 01:02,2,ETRA,1,DESCARGA
4010432,19/12/23 00:00,19/12/23 02:03,STP,1,TIPO DOMICILIARIO,1,ASIMILABLE A DOMICILIARIO,10430,29430,19000,5,1,COMPACTADOR LEVANTE LAT.,,,,,SERVICIO DE EVALUACION DE LA CALIDAD Y CONTROL AMBIENTAL,,,,,,49248,61909,1,SERVICIO DE EVALUACION DE LA CALIDAD Y CONTROL AMBIENTAL,,34,ETRA (Estacion de Transferencia),1,AUTOMATICA,NO,16/01/24 10:47,,19/12/23 02:12,2,ETRA,1,DESCARGA
4010433,19/12/23 00:00,19/12/23 02:05,STP,1,TIPO DOMICILIARIO,1,ASIMILABLE A DOMICILIARIO,10410,29590,19180,5,1,COMPACTADOR LEVANTE LAT.,,,,,SERVICIO DE EVALUACION DE LA CALIDAD Y CONTROL AMBIENTAL,,,,,,49248,61909,1,SERVICIO DE EVALUACION DE LA CALIDAD Y CONTROL AMBIENTAL,,34,ETRA (Estacion de Transferencia),1,AUTOMATICA,NO,16/01/24 10:47,,19/12/23 02:14,2,ETRA,1,DESCARGA
4010434,19/12/23 00:00,19/12/23 02:07,STP,1,TIPO DOMICILIARIO,1,ASIMILABLE A DOMICILIARIO,10020,29450,19430,5,1,COMPACTADOR LEVANTE LAT.,,,,,SERVICIO DE EVALUACION DE LA CALIDAD Y CONTROL AMBIENTAL,,,,,,49248,61909,1,SERVICIO DE EVALUACION DE LA CALIDAD Y CONTROL AMBIENTAL,,34,ETRA (Estacion de Transferencia),1,AUTOMATICA,NO,16/01/24 10:47,,19/12/23 02:16,2,ETRA,1,DESCARGA
4010435,19/12/23 00:00,19/12/23 04:00,STP,1,TIPO DOMICILIARIO,1,ASIMILABLE A DOMICILIARIO,4100,16100,12000,5,11,COMPACTADOR LEVANTE TRAS.,,,,,SERVICIO DE EVALUACION DE LA CALIDAD Y CONTROL AMBIENTAL,,,,,,49248,61909,1,SERVICIO DE EVALUACION DE LA CALIDAD Y CONTROL AMBIENTAL,,34,ETRA (Estacion de Transferencia),1,AUTOMATICA,NO,16/01/24 10:47,,19/12/23 04:08,2,ETRA,1,DESCARGA
4010463,19/12/23 00:00,19/12/23 07:19,SIM,1,TIPO DOMICILIARIO,1,ASIMILABLE A DOMICILIARIO,6620,25380,18760,5,50,COMPACTADOR LAT.CAJA DESM,,,,,SIN PERMISO,,,,,,,,,,,34,ETRA (Estacion de Transferencia),1,AUTOMATICA,NO,16/01/24 10:47,19/12/23 00:00,19/12/23 07:29,2,ETRA,1,DESCARGA
4010576,19/12/23 00:00,19/12/23 08:29,SIM,1,TIPO DOMICILIARIO,1,ASIMILABLE A DOMICILIARIO,9730,26800,17070,5,1,COMPACTADOR LEVANTE LAT.,,,,,SIN PERMISO,,,,,,,,,,,34,ETRA (Estacion de Transferencia),1,AUTOMATICA,NO,16/01/24 10:47,19/12/23 00:00,19/12/23 08:35,2,ETRA,1,DESCARGA
4010580,19/12/23 00:00,19/12/23 08:30,SIM,1,TIPO DOMICILIARIO,1,ASIMILABLE A DOMICILIARIO,9890,28780,18890,5,50,COMPACTADOR LAT.CAJA DESM,,,,,SIN PERMISO,,,,,,,,,,,34,ETRA (Estacion de Transferencia),1,AUTOMATICA,NO,16/01/24 10:47,19/12/23 00:00,19/12/23 08:37,2,ETRA,1,DESCARGA
4010608,19/12/23 00:00,19/12/23 08:40,SIM,1,TIPO DOMICILIARIO,99,OTROS,10630,27540,16910,5,1,COMPACTADOR LEVANTE LAT.,,,,,SIN PERMISO,,,,,,,,,,,34,ETRA (Estacion de Transferencia),1,AUTOMATICA,NO,16/01/24 10:47,19/12/23 00:00,19/12/23 08:54,2,ETRA,1,DESCARGA
4010611,19/12/23 00:00,19/12/23 08:47,SIM,1,TIPO DOMICILIARIO,1,ASIMILABLE A DOMICILIARIO,3530,19880,16350,5,1,COMPACTADOR LEVANTE LAT.,,,,,SIN PERMISO,,,,,,,,,,,34,ETRA (Estacion de Transferencia),1,AUTOMATICA,NO,16/01/24 10:47,19/12/23 00:00,19/12/23 08:56,2,ETRA,1,DESCARGA
4010613,19/12/23 00:00,19/12/23 08:51,SIM,1,TIPO DOMICILIARIO,1,ASIMILABLE A DOMICILIARIO,11450,28410,16960,5,1,COMPACTADOR LEVANTE LAT.,,,,,SIN PERMISO,,,,,,,,,,,34,ETRA (Estacion de Transferencia),1,AUTOMATICA,NO,16/01/24 10:47,19/12/23 00:00,19/12/23 08:58,2,ETRA,1,DESCARGA
4010615,19/12/23 00:00,19/12/23 08:53,SIM,1,TIPO DOMICILIARIO,1,ASIMILABLE A DOMICILIARIO,10890,28090,17200,5,1,COMPACTADOR LEVANTE LAT.,,,,,SIN PERMISO,,,,,,,,,,,34,ETRA (Estacion de Transferencia),1,AUTOMATICA,NO,16/01/24 10:47,19/12/23 00:00,19/12/23 08:59,2,ETRA,1,DESCARGA
4010626,19/12/23 00:00,19/12/23 09:00,SIM,1,TIPO DOMICILIARIO,1,ASIMILABLE A DOMICILIARIO,9230,26170,16940,5,1,COMPACTADOR LEVANTE LAT.,,,,,SIN PERMISO,,,,,,,,,,,34,ETRA (Estacion de Transferencia),1,AUTOMATICA,NO,16/01/24 10:47,19/12/23 00:00,19/12/23 09:09,2,ETRA,1,DESCARGA
4010648,19/12/23 00:00,19/12/23 09:16,SIM,1,TIPO DOMICILIARIO,1,ASIMILABLE A DOMICILIARIO,13070,30080,17010,5,1,COMPACTADOR LEVANTE LAT.,,,,,SIN PERMISO,,,,,,,,,,,34,ETRA (Estacion de Transferencia),1,AUTOMATICA,NO,16/01/24 10:47,19/12/23 00:00,19/12/23 09:26,2,ETRA,1,DESCARGA
4010669,19/12/23 00:00,19/12/23 09:17,SIM,1,TIPO DOMICILIARIO,1,ASIMILABLE A DOMICILIARIO,9270,27980,18710,5,50,COMPACTADOR LAT.CAJA DESM,,,,,SIN PERMISO,,,,,,,,,,,34,ETRA (Estacion de Transferencia),1,AUTOMATICA,NO,16/01/24 10:47,18/12/23 00:00,19/12/23 09:40,2,ETRA,1,DESCARGA
4010678,19/12/23 00:00,19/12/23 09:44,SIM,1,TIPO DOMICILIARIO,1,ASIMILABLE A DOMICILIARIO,2850,13320,10470,5,16,GRÚA,,,,,SIN PERMISO,,,,,,,,,,,34,ETRA (Estacion de Transferencia),1,AUTOMATICA,NO,16/01/24 10:47,18/12/23 00:00,19/12/23 09:48,2,ETRA,1,DESCARGA
4010680,19/12/23 00:00,19/12/23 09:37,SIM,1,TIPO DOMICILIARIO,1,ASIMILABLE A DOMICILIARIO,9300,28020,18720,5,50,COMPACTADOR LAT.CAJA DESM,,,,,SIN PERMISO,,,,,,,,,,,34,ETRA (Estacion de Transferencia),1,AUTOMATICA,NO,16/01/24 10:47,19/12/23 00:00,19/12/23 09:49,2,ETRA,1,DESCARGA
4010684,19/12/23 00:00,19/12/23 09:42,SIM,1,TIPO DOMICILIARIO,1,ASIMILABLE A DOMICILIARIO,4240,14370,10130,5,10,COMPACTADOR CONVENCIONAL,,,,,SIN PERMISO,,,,,,,,,,,34,ETRA (Estacion de Transferencia),1,AUTOMATICA,NO,16/01/24 10:47,,19/12/23 09:51,2,ETRA,1,DESCARGA
4010753,19/12/23 00:00,19/12/23 10:35,SIM,1,TIPO DOMICILIARIO,1,ASIMILABLE A DOMICILIARIO,9420,26500,17080,5,1,COMPACTADOR LEVANTE LAT.,,,,,SIN PERMISO,,,,,,,,,,,34,ETRA (Estacion de Transferencia),1,AUTOMATICA,NO,16/01/24 10:47,18/12/23 00:00,19/12/23 10:43,2,ETRA,1,DESCARGA
4010774,19/12/23 00:00,19/12/23 10:47,SIM,1,TIPO DOMICILIARIO,1,ASIMILABLE A DOMICILIARIO,6870,17240,10370,5,10,COMPACTADOR CONVENCIONAL,,,,,SIN PERMISO,,,,,,,,,,,34,ETRA (Estacion de Transferencia),1,AUTOMATICA,NO,16/01/24 10:47,19/12/23 00:00,19/12/23 10:56,2,ETRA,1,DESCARGA
4010778,19/12/23 00:00,19/12/23 10:49,SIM,1,TIPO DOMICILIARIO,1,ASIMILABLE A DOMICILIARIO,10080,29020,18940,5,50,COMPACTADOR LAT.CAJA DESM,,,,,SIN PERMISO,,,,,,,,,,,34,ETRA (Estacion de Transferencia),1,AUTOMATICA,NO,16/01/24 10:47,19/12/23 00:00,19/12/23 10:58,2,ETRA,1,DESCARGA
4010790,19/12/23 00:00,19/12/23 10:50,SIM,1,TIPO DOMICILIARIO,1,ASIMILABLE A DOMICILIARIO,9010,27800,18790,5,50,COMPACTADOR LAT.CAJA DESM,,,,,SIN PERMISO,,,,,,,,,,,34,ETRA (Estacion de Transferencia),1,AUTOMATICA,NO,16/01/24 10:47,19/12/23 00:00,19/12/23 11:05,2,ETRA,1,DESCARGA
4010797,19/12/23 00:00,19/12/23 10:59,SIM,1,TIPO DOMICILIARIO,1,ASIMILABLE A DOMICILIARIO,6130,23130,17000,5,1,COMPACTADOR LEVANTE LAT.,,,,,SIN PERMISO,,,,,,,,,,,34,ETRA (Estacion de Transferencia),1,AUTOMATICA,NO,16/01/24 10:47,18/12/23 00:00,19/12/23 11:08,2,ETRA,1,DESCARGA
4010814,19/12/23 00:00,19/12/23 11:10,SIM,1,TIPO DOMICILIARIO,1,ASIMILABLE A DOMICILIARIO,5750,16610,10860,5,10,COMPACTADOR CONVENCIONAL,,,,,SIN PERMISO,,,,,,,,,,,34,ETRA (Estacion de Transferencia),1,AUTOMATICA,NO,16/01/24 10:47,19/12/23 00:00,19/12/23 11:17,2,ETRA,1,DESCARGA
4010818,19/12/23 00:00,19/12/23 11:11,SIM,1,TIPO DOMICILIARIO,99,OTROS,14470,31380,16910,5,1,COMPACTADOR LEVANTE LAT.,,,,,SIN PERMISO,,,,,,,,,,,34,ETRA (Estacion de Transferencia),1,AUTOMATICA,NO,16/01/24 10:47,18/12/23 00:00,19/12/23 11:19,2,ETRA,1,DESCARGA
4010823,19/12/23 00:00,19/12/23 11:12,SIM,1,TIPO DOMICILIARIO,1,ASIMILABLE A DOMICILIARIO,8950,25940,16990,5,1,COMPACTADOR LEVANTE LAT.,,,,,SIN PERMISO,,,,,,,,,,,34,ETRA (Estacion de Transferencia),1,AUTOMATICA,NO,16/01/24 10:47,19/12/23 00:00,19/12/23 11:21,2,ETRA,1,DESCARGA
4010829,19/12/23 00:00,19/12/23 11:22,SIM,1,TIPO DOMICILIARIO,1,ASIMILABLE A DOMICILIARIO,2360,12770,10410,5,16,GRÚA,,,,,SIN PERMISO,,,,,,,,,,,34,ETRA (Estacion de Transferencia),1,AUTOMATICA,NO,16/01/24 10:47,19/12/23 00:00,19/12/23 11:25,2,ETRA,1,DESCARGA
4010831,19/12/23 00:00,19/12/23 11:15,SIM,1,TIPO DOMICILIARIO,1,ASIMILABLE A DOMICILIARIO,7380,26000,18620,5,50,COMPACTADOR LAT.CAJA DESM,,,,,SIN PERMISO,,,,,,,,,,,34,ETRA (Estacion de Transferencia),1,AUTOMATICA,NO,16/01/24 10:47,19/12/23 00:00,19/12/23 11:26,2,ETRA,1,DESCARGA
4010839,19/12/23 00:00,19/12/23 11:24,SIM,1,TIPO DOMICILIARIO,1,ASIMILABLE A DOMICILIARIO,4020,14390,10370,5,11,COMPACTADOR LEVANTE TRAS.,,,,,SIN PERMISO,,,,,,,,,,,34,ETRA (Estacion de Transferencia),1,AUTOMATICA,NO,16/01/24 10:47,,19/12/23 11:33,2,ETRA,1,DESCARGA
4010840,19/12/23 00:00,19/12/23 11:20,SIM,1,TIPO DOMICILIARIO,1,ASIMILABLE A DOMICILIARIO,5270,15660,10390,5,11,COMPACTADOR LEVANTE TRAS.,,,,,SIN PERMISO,,,,,,,,,,,34,ETRA (Estacion de Transferencia),1,AUTOMATICA,NO,16/01/24 10:47,,19/12/23 11:34,2,ETRA,1,DESCARGA
4010842,19/12/23 00:00,19/12/23 11:27,SIM,1,TIPO DOMICILIARIO,1,ASIMILABLE A DOMICILIARIO,8920,25840,16920,5,1,COMPACTADOR LEVANTE LAT.,,,,,SIN PERMISO,,,,,,,,,,,34,ETRA (Estacion de Transferencia),1,AUTOMATICA,NO,16/01/24 10:47,19/12/23 00:00,19/12/23 11:35,2,ETRA,1,DESCARGA
4010847,19/12/23 00:00,19/12/23 11:26,SIM,1,TIPO DOMICILIARIO,1,ASIMILABLE A DOMICILIARIO,4820,14990,10170,5,11,COMPACTADOR LEVANTE TRAS.,,,,,SIN PERMISO,,,,,,,,,,,34,ETRA (Estacion de Transferencia),1,AUTOMATICA,NO,16/01/24 10:47,,19/12/23 11:37,2,ETRA,1,DESCARGA
4010855,19/12/23 00:00,19/12/23 11:34,SIM,1,TIPO DOMICILIARIO,1,ASIMILABLE A DOMICILIARIO,11740,29020,17280,5,1,COMPACTADOR LEVANTE LAT.,,,,,SIN PERMISO,,,,,,,,,,,34,ETRA (Estacion de Transferencia),1,AUTOMATICA,NO,16/01/24 10:47,19/12/23 00:00,19/12/23 11:42,2,ETRA,1,DESCARGA
4010868,19/12/23 00:00,19/12/23 11:41,SIM,1,TIPO DOMICILIARIO,1,ASIMILABLE A DOMICILIARIO,3990,14070,10080,5,10,COMPACTADOR CONVENCIONAL,,,,,SIN PERMISO,,,,,,,,,,,34,ETRA (Estacion de Transferencia),1,AUTOMATICA,NO,16/01/24 10:47,,19/12/23 11:48,2,ETRA,1,DESCARGA
4011254,19/12/23 00:00,19/12/23 16:13,SIM,1,TIPO DOMICILIARIO,1,ASIMILABLE A DOMICILIARIO,10470,27530,17060,5,1,COMPACTADOR LEVANTE LAT.,,,,,SIN PERMISO,,,,,,,,,,,34,ETRA (Estacion de Transferencia),1,AUTOMATICA,NO,16/01/24 10:47,19/12/23 00:00,19/12/23 16:20,2,ETRA,1,DESCARGA
4011274,19/12/23 00:00,19/12/23 16:28,SIM,1,TIPO DOMICILIARIO,1,ASIMILABLE A DOMICILIARIO,10040,26970,16930,5,1,COMPACTADOR LEVANTE LAT.,,,,,SIN PERMISO,,,,,,,,,,,34,ETRA (Estacion de Transferencia),1,AUTOMATICA,NO,16/01/24 10:47,19/12/23 00:00,19/12/23 16:35,2,ETRA,1,DESCARGA
4011281,19/12/23 00:00,19/12/23 16:24,STP,1,TIPO DOMICILIARIO,1,ASIMILABLE A DOMICILIARIO,3860,13930,10070,5,2,CAJA ABIERTA 6 M3,,,,,SERVICIO DE EVALUACION DE LA CALIDAD Y CONTROL AMBIENTAL,,,,,,49248,61909,1,SERVICIO DE EVALUACION DE LA CALIDAD Y CONTROL AMBIENTAL,,34,ETRA (Estacion de Transferencia),1,AUTOMATICA,NO,16/01/24 10:47,,19/12/23 16:38,2,ETRA,1,DESCARGA
4011292,19/12/23 00:00,19/12/23 16:40,SIM,1,TIPO DOMICILIARIO,1,ASIMILABLE A DOMICILIARIO,10550,27690,17140,5,1,COMPACTADOR LEVANTE LAT.,,,,,SIN PERMISO,,,,,,,,,,,34,ETRA (Estacion de Transferencia),1,AUTOMATICA,NO,16/01/24 10:47,19/12/23 00:00,19/12/23 16:47,2,ETRA,1,DESCARGA
4011308,19/12/23 00:00,19/12/23 16:52,SIM,1,TIPO DOMICILIARIO,1,ASIMILABLE A DOMICILIARIO,9810,26780,16970,5,1,COMPACTADOR LEVANTE LAT.,,,,,SIN PERMISO,,,,,,,,,,,34,ETRA (Estacion de Transferencia),1,AUTOMATICA,NO,16/01/24 10:47,19/12/23 00:00,19/12/23 17:00,2,ETRA,1,DESCARGA
4011316,19/12/23 00:00,19/12/23 16:59,SIM,1,TIPO DOMICILIARIO,1,ASIMILABLE A DOMICILIARIO,11840,28580,16740,5,1,COMPACTADOR LEVANTE LAT.,,,,,SIN PERMISO,,,,,,,,,,,34,ETRA (Estacion de Transferencia),1,AUTOMATICA,NO,16/01/24 10:47,19/12/23 00:00,19/12/23 17:06,2,ETRA,1,DESCARGA
4011343,19/12/23 00:00,19/12/23 17:15,SIM,1,TIPO DOMICILIARIO,1,ASIMILABLE A DOMICILIARIO,8190,25470,17280,5,1,COMPACTADOR LEVANTE LAT.,,,,,SIN PERMISO,,,,,,,,,,,34,ETRA (Estacion de Transferencia),1,AUTOMATICA,NO,16/01/24 10:47,19/12/23 00:00,19/12/23 17:27,2,ETRA,1,DESCARGA
4011345,19/12/23 00:00,19/12/23 17:13,STP,100,CONSTRUCCION,106,ARENA,4140,14340,10200,5,2,CAJA ABIERTA 6 M3,,,,,SERVICIO DE EVALUACION DE LA CALIDAD Y CONTROL AMBIENTAL,,,,,,49248,61909,1,SERVICIO DE EVALUACION DE LA CALIDAD Y CONTROL AMBIENTAL,,34,ETRA (Estacion de Transferencia),1,AUTOMATICA,NO,16/01/24 10:47,,19/12/23 17:28,2,ETRA,1,DESCARGA
4011376,19/12/23 00:00,19/12/23 17:50,SIM,1,TIPO DOMICILIARIO,1,ASIMILABLE A DOMICILIARIO,7720,25250,17530,5,1,COMPACTADOR LEVANTE LAT.,,,,,SIN PERMISO,,,,,,,,,,,34,ETRA (Estacion de Transferencia),1,AUTOMATICA,NO,16/01/24 10:47,19/12/23 00:00,19/12/23 18:01,2,ETRA,1,DESCARGA
4011449,19/12/23 00:00,19/12/23 19:06,SIM,1,TIPO DOMICILIARIO,1,ASIMILABLE A DOMICILIARIO,9440,26420,16980,5,1,COMPACTADOR LEVANTE LAT.,,,,,SIN PERMISO,,,,,,,,,,,34,ETRA (Estacion de Transferencia),1,AUTOMATICA,NO,16/01/24 10:47,19/12/23 00:00,19/12/23 19:16,2,ETRA,1,DESCARGA
4011452,19/12/23 00:00,19/12/23 19:10,SIM,1,TIPO DOMICILIARIO,1,ASIMILABLE A DOMICILIARIO,9170,26320,17150,5,1,COMPACTADOR LEVANTE LAT.,,,,,SIN PERMISO,,,,,,,,,,,34,ETRA (Estacion de Transferencia),1,AUTOMATICA,NO,16/01/24 10:47,19/12/23 00:00,19/12/23 19:18,2,ETRA,1,DESCARGA
4011464,19/12/23 00:00,19/12/23 19:19,SIM,1,TIPO DOMICILIARIO,1,ASIMILABLE A DOMICILIARIO,5270,15360,10090,5,10,COMPACTADOR CONVENCIONAL,,,,,SIN PERMISO,,,,,,,,,,,34,ETRA (Estacion de Transferencia),1,AUTOMATICA,NO,16/01/24 10:47,,19/12/23 19:29,2,ETRA,1,DESCARGA
4011577,20/12/23 00:00,20/12/23 06:53,SIM,1,TIPO DOMICILIARIO,1,ASIMILABLE A DOMICILIARIO,5980,16600,10620,5,10,COMPACTADOR CONVENCIONAL,,,,,SIN PERMISO,,,,,,,,,,,34,ETRA (Estacion de Transferencia),1,AUTOMATICA,NO,16/01/24 10:48,20/12/23 00:00,20/12/23 07:06,2,ETRA,1,DESCARGA
4011654,20/12/23 00:00,20/12/23 08:07,SIM,1,TIPO DOMICILIARIO,1,ASIMILABLE A DOMICILIARIO,7520,26460,18940,5,50,COMPACTADOR LAT.CAJA DESM,,,,,SIN PERMISO,,,,,,,,,,,34,ETRA (Estacion de Transferencia),1,AUTOMATICA,NO,16/01/24 10:48,20/12/23 00:00,20/12/23 08:17,2,ETRA,1,DESCARGA
4011657,20/12/23 00:00,20/12/23 08:09,SIM,1,TIPO DOMICILIARIO,1,ASIMILABLE A DOMICILIARIO,10250,27110,16860,5,1,COMPACTADOR LEVANTE LAT.,,,,,SIN PERMISO,,,,,,,,,,,34,ETRA (Estacion de Transferencia),1,AUTOMATICA,NO,16/01/24 10:48,19/12/23 00:00,20/12/23 08:18,2,ETRA,1,DESCARGA
4011698,20/12/23 00:00,20/12/23 08:35,SIM,1,TIPO DOMICILIARIO,1,ASIMILABLE A DOMICILIARIO,11960,29540,17580,5,1,COMPACTADOR LEVANTE LAT.,,,,,SIN PERMISO,,,,,,,,,,,34,ETRA (Estacion de Transferencia),1,AUTOMATICA,NO,16/01/24 10:48,19/12/23 00:00,20/12/23 08:43,2,ETRA,1,DESCARGA
4011702,20/12/23 00:00,20/12/23 08:38,SIM,1,TIPO DOMICILIARIO,1,ASIMILABLE A DOMICILIARIO,8700,26170,17470,5,1,COMPACTADOR LEVANTE LAT.,,,,,SIN PERMISO,,,,,,,,,,,34,ETRA (Estacion de Transferencia),1,AUTOMATICA,NO,16/01/24 10:48,19/12/23 00:00,20/12/23 08:45,2,ETRA,1,DESCARGA
4011705,20/12/23 00:00,20/12/23 08:34,SIM,1,TIPO DOMICILIARIO,99,OTROS,9610,28490,18880,5,50,COMPACTADOR LAT.CAJA DESM,,,,,SIN PERMISO,,,,,,,,,,,34,ETRA (Estacion de Transferencia),1,AUTOMATICA,NO,16/01/24 10:48,20/12/23 00:00,20/12/23 08:46,2,ETRA,1,DESCARGA
4011708,20/12/23 00:00,20/12/23 08:40,SIM,1,TIPO DOMICILIARIO,1,ASIMILABLE A DOMICILIARIO,6750,25650,18900,5,50,COMPACTADOR LAT.CAJA DESM,,,,,SIN PERMISO,,,,,,,,,,,34,ETRA (Estacion de Transferencia),1,AUTOMATICA,NO,16/01/24 10:48,20/12/23 00:00,20/12/23 08:47,2,ETRA,1,DESCARGA
4011719,20/12/23 00:00,20/12/23 08:47,SIM,1,TIPO DOMICILIARIO,1,ASIMILABLE A DOMICILIARIO,10190,27140,16950,5,1,COMPACTADOR LEVANTE LAT.,,,,,SIN PERMISO,,,,,,,,,,,34,ETRA (Estacion de Transferencia),1,AUTOMATICA,NO,16/01/24 10:48,19/12/23 00:00,20/12/23 08:53,2,ETRA,1,DESCARGA
4011720,20/12/23 00:00,20/12/23 08:44,SIM,1,TIPO DOMICILIARIO,1,ASIMILABLE A DOMICILIARIO,11430,28610,17180,5,1,COMPACTADOR LEVANTE LAT.,,,,,SIN PERMISO,,,,,,,,,,,34,ETRA (Estacion de Transferencia),1,AUTOMATICA,NO,16/01/24 10:48,19/12/23 00:00,20/12/23 08:54,2,ETRA,1,DESCARGA
4011724,20/12/23 00:00,20/12/23 08:46,SIM,1,TIPO DOMICILIARIO,1,ASIMILABLE A DOMICILIARIO,10950,29820,18870,5,50,COMPACTADOR LAT.CAJA DESM,,,,,SIN PERMISO,,,,,,,,,,,34,ETRA (Estacion de Transferencia),1,AUTOMATICA,NO,16/01/24 10:48,20/12/23 00:00,20/12/23 08:56,2,ETRA,1,DESCARGA
4011727,20/12/23 00:00,20/12/23 08:42,SIM,1,TIPO DOMICILIARIO,1,ASIMILABLE A DOMICILIARIO,7750,26570,18820,5,50,COMPACTADOR LAT.CAJA DESM,,,,,SIN PERMISO,,,,,,,,,,,34,ETRA (Estacion de Transferencia),1,AUTOMATICA,NO,16/01/24 10:48,20/12/23 00:00,20/12/23 08:57,2,ETRA,1,DESCARGA
4011730,20/12/23 00:00,20/12/23 08:48,SIM,1,TIPO DOMICILIARIO,1,ASIMILABLE A DOMICILIARIO,1790,20630,18840,5,50,COMPACTADOR LAT.CAJA DESM,,,,,SIN PERMISO,,,,,,,,,,,34,ETRA (Estacion de Transferencia),1,AUTOMATICA,NO,16/01/24 10:48,19/12/23 00:00,20/12/23 08:59,2,ETRA,1,DESCARGA
4011731,20/12/23 00:00,20/12/23 08:49,SIM,1,TIPO DOMICILIARIO,1,ASIMILABLE A DOMICILIARIO,8660,24920,16260,5,1,COMPACTADOR LEVANTE LAT.,,,,,SIN PERMISO,,,,,,,,,,,34,ETRA (Estacion de Transferencia),1,AUTOMATICA,NO,16/01/24 10:48,19/12/23 00:00,20/12/23 09:03,2,ETRA,1,DESCARGA
4011807,20/12/23 00:00,20/12/23 09:58,SIM,1,TIPO DOMICILIARIO,1,ASIMILABLE A DOMICILIARIO,4000,14350,10350,5,10,COMPACTADOR CONVENCIONAL,,,,,SIN PERMISO,,,,,,,,,,,34,ETRA (Estacion de Transferencia),1,AUTOMATICA,NO,16/01/24 10:48,20/12/23 00:00,20/12/23 10:05,2,ETRA,1,DESCARGA
4011830,20/12/23 00:00,20/12/23 10:07,SIM,1,TIPO DOMICILIARIO,1,ASIMILABLE A DOMICILIARIO,6860,25900,19040,5,50,COMPACTADOR LAT.CAJA DESM,,,,,SIN PERMISO,,,,,,,,,,,34,ETRA (Estacion de Transferencia),1,AUTOMATICA,NO,16/01/24 10:48,20/12/23 00:00,20/12/23 10:13,2,ETRA,1,DESCARGA
4011870,20/12/23 00:00,20/12/23 10:16,SIM,1,TIPO DOMICILIARIO,1,ASIMILABLE A DOMICILIARIO,7630,26420,18790,5,50,COMPACTADOR LAT.CAJA DESM,,,,,SIN PERMISO,,,,,,,,,,,34,ETRA (Estacion de Transferencia),1,AUTOMATICA,NO,16/01/24 10:48,20/12/23 00:00,20/12/23 10:28,2,ETRA,1,DESCARGA
4011878,20/12/23 00:00,20/12/23 10:22,SIM,1,TIPO DOMICILIARIO,99,OTROS,10420,29290,18870,5,50,COMPACTADOR LAT.CAJA DESM,,,,,SIN PERMISO,,,,,,,,,,,34,ETRA (Estacion de Transferencia),1,AUTOMATICA,NO,16/01/24 10:48,20/12/23 00:00,20/12/23 10:31,2,ETRA,1,DESCARGA
4011885,20/12/23 00:00,20/12/23 10:29,SIM,1,TIPO DOMICILIARIO,1,ASIMILABLE A DOMICILIARIO,7650,25300,17650,5,1,COMPACTADOR LEVANTE LAT.,,,,,SIN PERMISO,,,,,,,,,,,34,ETRA (Estacion de Transferencia),1,AUTOMATICA,NO,16/01/24 10:48,20/12/23 00:00,20/12/23 10:34,2,ETRA,1,DESCARGA
4011895,20/12/23 00:00,20/12/23 10:29,SIM,1,TIPO DOMICILIARIO,1,ASIMILABLE A DOMICILIARIO,10840,28020,17180,5,1,COMPACTADOR LEVANTE LAT.,,,,,SIN PERMISO,,,,,,,,,,,34,ETRA (Estacion de Transferencia),1,AUTOMATICA,NO,16/01/24 10:48,19/12/23 00:00,20/12/23 10:39,2,ETRA,1,DESCARGA
4011900,20/12/23 00:00,20/12/23 10:33,SIM,1,TIPO DOMICILIARIO,1,ASIMILABLE A DOMICILIARIO,2700,13310,10610,5,10,COMPACTADOR CONVENCIONAL,,,,,SIN PERMISO,,,,,,,,,,,34,ETRA (Estacion de Transferencia),1,AUTOMATICA,NO,16/01/24 10:48,19/12/23 00:00,20/12/23 10:41,2,ETRA,1,DESCARGA
4011908,20/12/23 00:00,20/12/23 10:38,SIM,1,TIPO DOMICILIARIO,1,ASIMILABLE A DOMICILIARIO,3240,13790,10550,5,10,COMPACTADOR CONVENCIONAL,,,,,SIN PERMISO,,,,,,,,,,,34,ETRA (Estacion de Transferencia),1,AUTOMATICA,NO,16/01/24 10:48,19/12/23 00:00,20/12/23 10:44,2,ETRA,1,DESCARGA
4011915,20/12/23 00:00,20/12/23 10:43,SIM,1,TIPO DOMICILIARIO,1,ASIMILABLE A DOMICILIARIO,8610,26010,17400,5,1,COMPACTADOR LEVANTE LAT.,,,,,SIN PERMISO,,,,,,,,,,,34,ETRA (Estacion de Transferencia),1,AUTOMATICA,NO,16/01/24 10:48,20/12/23 00:00,20/12/23 10:50,2,ETRA,1,DESCARGA
4011922,20/12/23 00:00,20/12/23 10:44,SIM,1,TIPO DOMICILIARIO,1,ASIMILABLE A DOMICILIARIO,3040,21820,18780,5,50,COMPACTADOR LAT.CAJA DESM,,,,,SIN PERMISO,,,,,,,,,,,34,ETRA (Estacion de Transferencia),1,AUTOMATICA,NO,16/01/24 10:48,20/12/23 00:00,20/12/23 10:55,2,ETRA,1,DESCARGA
4011929,20/12/23 00:00,20/12/23 10:56,SIM,1,TIPO DOMICILIARIO,1,ASIMILABLE A DOMICILIARIO,12240,29830,17590,5,1,COMPACTADOR LEVANTE LAT.,,,,,SIN PERMISO,,,,,,,,,,,34,ETRA (Estacion de Transferencia),1,AUTOMATICA,NO,16/01/24 10:48,19/12/23 00:00,20/12/23 11:03,2,ETRA,1,DESCARGA
4011948,20/12/23 00:00,20/12/23 11:05,SIM,1,TIPO DOMICILIARIO,1,ASIMILABLE A DOMICILIARIO,4330,14710,10380,5,11,COMPACTADOR LEVANTE TRAS.,,,,,SIN PERMISO,,,,,,,,,,,34,ETRA (Estacion de Transferencia),1,AUTOMATICA,NO,16/01/24 10:48,20/12/23 00:00,20/12/23 11:13,2,ETRA,1,DESCARGA
4011959,20/12/23 00:00,20/12/23 11:11,SIM,1,TIPO DOMICILIARIO,1,ASIMILABLE A DOMICILIARIO,7730,26670,18940,5,50,COMPACTADOR LAT.CAJA DESM,,,,,SIN PERMISO,,,,,,,,,,,34,ETRA (Estacion de Transferencia),1,AUTOMATICA,NO,16/01/24 10:48,20/12/23 00:00,20/12/23 11:19,2,ETRA,1,DESCARGA
4011962,20/12/23 00:00,20/12/23 11:15,SIM,1,TIPO DOMICILIARIO,1,ASIMILABLE A DOMICILIARIO,9840,26730,16890,5,1,COMPACTADOR LEVANTE LAT.,,,,,SIN PERMISO,,,,,,,,,,,34,ETRA (Estacion de Transferencia),1,AUTOMATICA,NO,16/01/24 10:48,20/12/23 00:00,20/12/23 11:21,2,ETRA,1,DESCARGA
4011966,20/12/23 00:00,20/12/23 11:16,SIM,1,TIPO DOMICILIARIO,1,ASIMILABLE A DOMICILIARIO,5780,15870,10090,5,10,COMPACTADOR CONVENCIONAL,,,,,SIN PERMISO,,,,,,,,,,,34,ETRA (Estacion de Transferencia),1,AUTOMATICA,NO,16/01/24 10:48,,20/12/23 11:24,2,ETRA,1,DESCARGA
4011969,20/12/23 00:00,20/12/23 11:18,SIM,1,TIPO DOMICILIARIO,1,ASIMILABLE A DOMICILIARIO,11460,28950,17490,5,1,COMPACTADOR LEVANTE LAT.,,,,,SIN PERMISO,,,,,,,,,,,34,ETRA (Estacion de Transferencia),1,AUTOMATICA,NO,16/01/24 10:48,20/12/23 00:00,20/12/23 11:25,2,ETRA,1,DESCARGA
4011973,20/12/23 00:00,20/12/23 11:20,SIM,1,TIPO DOMICILIARIO,1,ASIMILABLE A DOMICILIARIO,9240,25470,16230,5,1,COMPACTADOR LEVANTE LAT.,,,,,SIN PERMISO,,,,,,,,,,,34,ETRA (Estacion de Transferencia),1,AUTOMATICA,NO,16/01/24 10:48,19/12/23 00:00,20/12/23 11:27,2,ETRA,1,DESCARGA
4011976,20/12/23 00:00,20/12/23 11:21,SIM,1,TIPO DOMICILIARIO,1,ASIMILABLE A DOMICILIARIO,11560,28680,17120,5,1,COMPACTADOR LEVANTE LAT.,,,,,SIN PERMISO,,,,,,,,,,,34,ETRA (Estacion de Transferencia),1,AUTOMATICA,NO,16/01/24 10:48,19/12/23 00:00,20/12/23 11:28,2,ETRA,1,DESCARGA
4011980,20/12/23 00:00,20/12/23 11:22,SIM,1,TIPO DOMICILIARIO,1,ASIMILABLE A DOMICILIARIO,5680,15880,10200,5,11,COMPACTADOR LEVANTE TRAS.,,,,,SIN PERMISO,,,,,,,,,,,34,ETRA (Estacion de Transferencia),1,AUTOMATICA,NO,16/01/24 10:48,,20/12/23 11:30,2,ETRA,1,DESCARGA
4011984,20/12/23 00:00,20/12/23 11:26,SIM,1,TIPO DOMICILIARIO,1,ASIMILABLE A DOMICILIARIO,11440,28390,16950,5,1,COMPACTADOR LEVANTE LAT.,,,,,SIN PERMISO,,,,,,,,,,,34,ETRA (Estacion de Transferencia),1,AUTOMATICA,NO,16/01/24 10:48,20/12/23 00:00,20/12/23 11:33,2,ETRA,1,DESCARGA
4011996,20/12/23 00:00,20/12/23 11:28,SIM,1,TIPO DOMICILIARIO,1,ASIMILABLE A DOMICILIARIO,5240,23930,18690,5,50,COMPACTADOR LAT.CAJA DESM,,,,,SIN PERMISO,,,,,,,,,,,34,ETRA (Estacion de Transferencia),1,AUTOMATICA,NO,16/01/24 10:48,19/12/23 00:00,20/12/23 11:42,2,ETRA,1,DESCARGA
4011998,20/12/23 00:00,20/12/23 11:34,SIM,1,TIPO DOMICILIARIO,1,ASIMILABLE A DOMICILIARIO,7640,26510,18870,5,50,COMPACTADOR LAT.CAJA DESM,,,,,SIN PERMISO,,,,,,,,,,,34,ETRA (Estacion de Transferencia),1,AUTOMATICA,NO,16/01/24 10:48,19/12/23 00:00,20/12/23 11:43,2,ETRA,1,DESCARGA
4012000,20/12/23 00:00,20/12/23 11:37,SIM,1,TIPO DOMICILIARIO,1,ASIMILABLE A DOMICILIARIO,20,24150,24130,5,1,COMPACTADOR LEVANTE LAT.,,,,,SIN PERMISO,,,,,,,,,,,34,ETRA (Estacion de Transferencia),1,AUTOMATICA,NO,16/01/24 10:48,19/12/23 00:00,20/12/23 11:44,2,ETRA,1,DESCARGA
4012014,20/12/23 00:00,20/12/23 11:47,SIM,1,TIPO DOMICILIARIO,1,ASIMILABLE A DOMICILIARIO,7190,24350,17160,5,1,COMPACTADOR LEVANTE LAT.,,,,,SIN PERMISO,,,,,,,,,,,34,ETRA (Estacion de Transferencia),1,AUTOMATICA,NO,16/01/24 10:48,20/12/23 00:00,20/12/23 11:54,2,ETRA,1,DESCARGA
4012018,20/12/23 00:00,20/12/23 11:50,SDB,1,TIPO DOMICILIARIO,2,BARRIDO,1620,10990,9370,5,2,CAJA ABIERTA 6 M3,,,,,SERVICIO DE EVALUACION DE LA CALIDAD Y CONTROL AMBIENTAL,,,,,,50041,62828,1,SERVICIO DE EVALUACION DE LA CALIDAD Y CONTROL AMBIENTAL,,34,ETRA (Estacion de Transferencia),1,AUTOMATICA,NO,16/01/24 10:48,,20/12/23 11:57,2,ETRA,1,DESCARGA
4012029,20/12/23 00:00,20/12/23 11:51,SIM,1,TIPO DOMICILIARIO,99,OTROS,6940,25830,18890,5,50,COMPACTADOR LAT.CAJA DESM,,,,,SIN PERMISO,,,,,,,,,,,34,ETRA (Estacion de Transferencia),1,AUTOMATICA,NO,16/01/24 10:48,20/12/23 00:00,20/12/23 12:04,2,ETRA,1,DESCARGA
4012051,20/12/23 00:00,20/12/23 12:03,STP,100,CONSTRUCCION,101,ESCOMBRO SUCIO,2570,12380,9810,5,12,CAJA ABIERTA 10 M3,,,,,SERVICIO DE EVALUACION DE LA CALIDAD Y CONTROL AMBIENTAL,,,,,,50041,62828,1,SERVICIO DE EVALUACION DE LA CALIDAD Y CONTROL AMBIENTAL,,34,ETRA (Estacion de Transferencia),1,AUTOMATICA,NO,16/01/24 10:48,,20/12/23 12:15,2,ETRA,1,DESCARGA
4012087,20/12/23 00:00,20/12/23 12:24,SDB,1,TIPO DOMICILIARIO,1,ASIMILABLE A DOMICILIARIO,5000,14240,9240,5,11,COMPACTADOR LEVANTE TRAS.,,,,,SERVICIO DE EVALUACION DE LA CALIDAD Y CONTROL AMBIENTAL,,,,,,50041,62828,1,SERVICIO DE EVALUACION DE LA CALIDAD Y CONTROL AMBIENTAL,,34,ETRA (Estacion de Transferencia),1,AUTOMATICA,NO,16/01/24 10:48,,20/12/23 12:31,2,ETRA,1,DESCARGA
4012091,20/12/23 00:00,20/12/23 12:26,SDB,1,TIPO DOMICILIARIO,1,ASIMILABLE A DOMICILIARIO,4480,13630,9150,5,42,COMPACTADOR TRASERO,,,,,SERVICIO DE EVALUACION DE LA CALIDAD Y CONTROL AMBIENTAL,,,,,,50041,62828,1,SERVICIO DE EVALUACION DE LA CALIDAD Y CONTROL AMBIENTAL,,34,ETRA (Estacion de Transferencia),1,AUTOMATICA,NO,16/01/24 10:48,,20/12/23 12:33,2,ETRA,1,DESCARGA
4012093,20/12/23 00:00,20/12/23 12:28,SDB,1,TIPO DOMICILIARIO,1,ASIMILABLE A DOMICILIARIO,3030,12260,9230,5,11,COMPACTADOR LEVANTE TRAS.,,,,,SERVICIO DE EVALUACION DE LA CALIDAD Y CONTROL AMBIENTAL,,,,,,50041,62828,1,SERVICIO DE EVALUACION DE LA CALIDAD Y CONTROL AMBIENTAL,,34,ETRA (Estacion de Transferencia),1,AUTOMATICA,NO,16/01/24 10:48,,20/12/23 12:34,2,ETRA,1,DESCARGA
4012121,20/12/23 00:00,20/12/23 12:52,SDB,1,TIPO DOMICILIARIO,1,ASIMILABLE A DOMICILIARIO,3700,12990,9290,5,11,COMPACTADOR LEVANTE TRAS.,,,,,SERVICIO DE EVALUACION DE LA CALIDAD Y CONTROL AMBIENTAL,,,,,,50041,62828,1,SERVICIO DE EVALUACION DE LA CALIDAD Y CONTROL AMBIENTAL,,34,ETRA (Estacion de Transferencia),1,AUTOMATICA,NO,16/01/24 10:48,,20/12/23 12:58,2,ETRA,1,DESCARGA
4012130,20/12/23 00:00,20/12/23 12:54,STP,100,CONSTRUCCION,106,ARENA,1220,11530,10310,5,2,CAJA ABIERTA 6 M3,,,,,SERVICIO DE EVALUACION DE LA CALIDAD Y CONTROL AMBIENTAL,,,,,,50041,62828,1,SERVICIO DE EVALUACION DE LA CALIDAD Y CONTROL AMBIENTAL,,34,ETRA (Estacion de Transferencia),1,AUTOMATICA,NO,16/01/24 10:48,,20/12/23 13:04,2,ETRA,1,DESCARGA
4012209,20/12/23 00:00,20/12/23 13:56,SDB,1,TIPO DOMICILIARIO,1,ASIMILABLE A DOMICILIARIO,4990,14100,9110,5,10,COMPACTADOR CONVENCIONAL,,,,,SERVICIO DE EVALUACION DE LA CALIDAD Y CONTROL AMBIENTAL,,,,,,50041,62828,1,SERVICIO DE EVALUACION DE LA CALIDAD Y CONTROL AMBIENTAL,,34,ETRA (Estacion de Transferencia),1,AUTOMATICA,NO,16/01/24 10:48,,20/12/23 14:05,2,ETRA,1,DESCARGA
4012386,20/12/23 00:00,20/12/23 16:00,SIM,1,TIPO DOMICILIARIO,1,ASIMILABLE A DOMICILIARIO,13130,30080,16950,5,1,COMPACTADOR LEVANTE LAT.,,,,,SIN PERMISO,,,,,,,,,,,34,ETRA (Estacion de Transferencia),1,AUTOMATICA,NO,16/01/24 10:48,19/12/23 00:00,20/12/23 16:08,2,ETRA,1,DESCARGA
4012410,20/12/23 00:00,20/12/23 16:18,SIM,1,TIPO DOMICILIARIO,1,ASIMILABLE A DOMICILIARIO,9880,26960,17080,5,1,COMPACTADOR LEVANTE LAT.,,,,,SIN PERMISO,,,,,,,,,,,34,ETRA (Estacion de Transferencia),1,AUTOMATICA,NO,16/01/24 10:48,20/12/23 00:00,20/12/23 16:24,2,ETRA,1,DESCARGA
4012447,20/12/23 00:00,20/12/23 16:56,SIM,1,TIPO DOMICILIARIO,1,ASIMILABLE A DOMICILIARIO,7270,24690,17420,5,1,COMPACTADOR LEVANTE LAT.,,,,,SIN PERMISO,,,,,,,,,,,34,ETRA (Estacion de Transferencia),1,AUTOMATICA,NO,16/01/24 10:48,19/12/23 00:00,20/12/23 17:01,2,ETRA,1,DESCARGA
4012472,20/12/23 00:00,20/12/23 17:13,STP,100,CONSTRUCCION,101,ESCOMBRO SUCIO,3930,13770,9840,5,12,CAJA ABIERTA 10 M3,,,,,SERVICIO DE EVALUACION DE LA CALIDAD Y CONTROL AMBIENTAL,,,,,,50041,62828,1,SERVICIO DE EVALUACION DE LA CALIDAD Y CONTROL AMBIENTAL,,34,ETRA (Estacion de Transferencia),1,AUTOMATICA,NO,16/01/24 10:48,,20/12/23 17:24,2,ETRA,1,DESCARGA
4012475,20/12/23 00:00,20/12/23 17:14,SIM,1,TIPO DOMICILIARIO,1,ASIMILABLE A DOMICILIARIO,7420,24930,17510,5,1,COMPACTADOR LEVANTE LAT.,,,,,SIN PERMISO,,,,,,,,,,,34,ETRA (Estacion de Transferencia),1,AUTOMATICA,NO,16/01/24 10:48,19/12/23 00:00,20/12/23 17:25,2,ETRA,1,DESCARGA
4012482,20/12/23 00:00,20/12/23 17:00,SIM,1,TIPO DOMICILIARIO,1,ASIMILABLE A DOMICILIARIO,7140,24880,17740,5,1,COMPACTADOR LEVANTE LAT.,,,,,SIN PERMISO,,,,,,,,,,,34,ETRA (Estacion de Transferencia),1,AUTOMATICA,NO,16/01/24 10:48,19/12/23 00:00,20/12/23 17:28,2,ETRA,1,DESCARGA
4012487,20/12/23 00:00,20/12/23 17:17,STP,100,CONSTRUCCION,104,TIERRA SUCIA,1570,11860,10290,5,2,CAJA ABIERTA 6 M3,,,,,SERVICIO DE EVALUACION DE LA CALIDAD Y CONTROL AMBIENTAL,,,,,,50041,62828,1,SERVICIO DE EVALUACION DE LA CALIDAD Y CONTROL AMBIENTAL,,34,ETRA (Estacion de Transferencia),1,AUTOMATICA,NO,16/01/24 10:48,,20/12/23 17:30,2,ETRA,1,DESCARGA
4012541,20/12/23 00:00,20/12/23 18:21,SIM,1,TIPO DOMICILIARIO,1,ASIMILABLE A DOMICILIARIO,13150,30110,16960,5,1,COMPACTADOR LEVANTE LAT.,,,,,SIN PERMISO,,,,,,,,,,,34,ETRA (Estacion de Transferencia),1,AUTOMATICA,NO,16/01/24 10:48,20/12/23 00:00,20/12/23 18:28,2,ETRA,1,DESCARGA
4012551,20/12/23 00:00,20/12/23 18:42,SIM,1,TIPO DOMICILIARIO,1,ASIMILABLE A DOMICILIARIO,7490,24920,17430,5,1,COMPACTADOR LEVANTE LAT.,,,,,SIN PERMISO,,,,,,,,,,,34,ETRA (Estacion de Transferencia),1,AUTOMATICA,NO,16/01/24 10:48,20/12/23 00:00,20/12/23 18:48,2,ETRA,1,DESCARGA
4012557,20/12/23 00:00,20/12/23 18:48,SIM,1,TIPO DOMICILIARIO,1,ASIMILABLE A DOMICILIARIO,10510,27560,17050,5,1,COMPACTADOR LEVANTE LAT.,,,,,SIN PERMISO,,,,,,,,,,,34,ETRA (Estacion de Transferencia),1,AUTOMATICA,NO,16/01/24 10:48,19/12/23 00:00,20/12/23 18:57,2,ETRA,1,DESCARGA
4012722,21/12/23 00:00,21/12/23 07:50,SIM,1,TIPO DOMICILIARIO,1,ASIMILABLE A DOMICILIARIO,6510,25520,19010,5,50,COMPACTADOR LAT.CAJA DESM,,,,,SIN PERMISO,,,,,,,,,,,34,ETRA (Estacion de Transferencia),1,AUTOMATICA,NO,16/01/24 10:48,20/12/23 00:00,21/12/23 07:57,2,ETRA,1,DESCARGA
4012726,21/12/23 00:00,21/12/23 07:49,SDB,1,TIPO DOMICILIARIO,2,BARRIDO,4400,14250,9850,5,11,COMPACTADOR LEVANTE TRAS.,,,,,SERVICIO DE EVALUACION DE LA CALIDAD Y CONTROL AMBIENTAL,,,,,,50041,62828,1,SERVICIO DE EVALUACION DE LA CALIDAD Y CONTROL AMBIENTAL,,34,ETRA (Estacion de Transferencia),1,AUTOMATICA,NO,16/01/24 10:48,,21/12/23 08:00,2,ETRA,1,DESCARGA
4012750,21/12/23 00:00,21/12/23 08:04,SIM,1,TIPO DOMICILIARIO,1,ASIMILABLE A DOMICILIARIO,10440,29180,18740,5,50,COMPACTADOR LAT.CAJA DESM,,,,,SIN PERMISO,,,,,,,,,,,34,ETRA (Estacion de Transferencia),1,AUTOMATICA,NO,16/01/24 10:48,21/12/23 00:00,21/12/23 08:19,2,ETRA,1,DESCARGA
4012775,21/12/23 00:00,21/12/23 08:37,SIM,1,TIPO DOMICILIARIO,1,ASIMILABLE A DOMICILIARIO,12580,29450,16870,5,1,COMPACTADOR LEVANTE LAT.,,,,,SIN PERMISO,,,,,,,,,,,34,ETRA (Estacion de Transferencia),1,AUTOMATICA,NO,16/01/24 10:48,21/12/23 00:00,21/12/23 08:45,2,ETRA,1,DESCARGA
4012792,21/12/23 00:00,21/12/23 08:40,SIM,1,TIPO DOMICILIARIO,1,ASIMILABLE A DOMICILIARIO,8120,26930,18810,5,50,COMPACTADOR LAT.CAJA DESM,,,,,SIN PERMISO,,,,,,,,,,,34,ETRA (Estacion de Transferencia),1,AUTOMATICA,NO,16/01/24 10:48,20/12/23 00:00,21/12/23 08:57,2,ETRA,1,DESCARGA
4012795,21/12/23 00:00,21/12/23 08:57,SIM,1,TIPO DOMICILIARIO,1,ASIMILABLE A DOMICILIARIO,12020,29420,17400,5,1,COMPACTADOR LEVANTE LAT.,,,,,SIN PERMISO,,,,,,,,,,,34,ETRA (Estacion de Transferencia),1,AUTOMATICA,NO,16/01/24 10:48,20/12/23 00:00,21/12/23 09:04,2,ETRA,1,DESCARGA
4012821,21/12/23 00:00,21/12/23 09:14,SIM,1,TIPO DOMICILIARIO,1,ASIMILABLE A DOMICILIARIO,8920,25270,16350,5,1,COMPACTADOR LEVANTE LAT.,,,,,SIN PERMISO,,,,,,,,,,,34,ETRA (Estacion de Transferencia),1,AUTOMATICA,NO,16/01/24 10:48,20/12/23 00:00,21/12/23 09:23,2,ETRA,1,DESCARGA
4012824,21/12/23 00:00,21/12/23 09:15,SIM,1,TIPO DOMICILIARIO,1,ASIMILABLE A DOMICILIARIO,6430,25670,19240,5,50,COMPACTADOR LAT.CAJA DESM,,,,,SIN PERMISO,,,,,,,,,,,34,ETRA (Estacion de Transferencia),1,AUTOMATICA,NO,16/01/24 10:48,20/12/23 00:00,21/12/23 09:24,2,ETRA,1,DESCARGA
4012832,21/12/23 00:00,21/12/23 09:21,STP,1,TIPO DOMICILIARIO,1,ASIMILABLE A DOMICILIARIO,4880,14960,10080,5,44,CAJA ABIERTA CON VOLCADOR,,,,,SERVICIO DE EVALUACION DE LA CALIDAD Y CONTROL AMBIENTAL,,,,,,50041,62828,1,SERVICIO DE EVALUACION DE LA CALIDAD Y CONTROL AMBIENTAL,,34,ETRA (Estacion de Transferencia),1,AUTOMATICA,NO,16/01/24 10:48,,21/12/23 09:29,2,ETRA,1,DESCARGA
4012835,21/12/23 00:00,21/12/23 09:24,SIM,1,TIPO DOMICILIARIO,1,ASIMILABLE A DOMICILIARIO,2850,13380,10530,5,16,GRÚA,,,,,SIN PERMISO,,,,,,,,,,,34,ETRA (Estacion de Transferencia),1,AUTOMATICA,NO,16/01/24 10:48,21/12/23 00:00,21/12/23 09:30,2,ETRA,1,DESCARGA
4012845,21/12/23 00:00,21/12/23 09:27,SIM,1,TIPO DOMICILIARIO,1,ASIMILABLE A DOMICILIARIO,2560,12980,10420,5,11,COMPACTADOR LEVANTE TRAS.,,,,,SIN PERMISO,,,,,,,,,,,34,ETRA (Estacion de Transferencia),1,AUTOMATICA,NO,16/01/24 10:48,,21/12/23 09:37,2,ETRA,1,DESCARGA
4012847,21/12/23 00:00,21/12/23 09:30,SDA,200,ORGANICOS DE ORIGEN VEGETAL,209,PODAS,770,4280,3510,5,3,CAJA CERRADA,,,,,SERVICIO DE EVALUACION DE LA CALIDAD Y CONTROL AMBIENTAL,,,,,,50011,62873,1,SERVICIO DE EVALUACION DE LA CALIDAD Y CONTROL AMBIENTAL,,34,ETRA (Estacion de Transferencia),1,AUTOMATICA,NO,16/01/24 10:48,,21/12/23 09:38,2,ETRA,1,DESCARGA
4012851,21/12/23 00:00,21/12/23 09:32,SIM,1,TIPO DOMICILIARIO,1,ASIMILABLE A DOMICILIARIO,10400,28030,17630,5,1,COMPACTADOR LEVANTE LAT.,,,,,SIN PERMISO,,,,,,,,,,,34,ETRA (Estacion de Transferencia),1,AUTOMATICA,NO,16/01/24 10:48,20/12/23 00:00,21/12/23 09:40,2,ETRA,1,DESCARGA
4012875,21/12/23 00:00,21/12/23 09:48,STP,100,CONSTRUCCION,101,ESCOMBRO SUCIO,2790,12610,9820,5,12,CAJA ABIERTA 10 M3,,,,,SERVICIO DE EVALUACION DE LA CALIDAD Y CONTROL AMBIENTAL,,,,,,50041,62828,1,SERVICIO DE EVALUACION DE LA CALIDAD Y CONTROL AMBIENTAL,,34,ETRA (Estacion de Transferencia),1,AUTOMATICA,NO,16/01/24 10:48,,21/12/23 09:57,2,ETRA,1,DESCARGA
4012884,21/12/23 00:00,21/12/23 09:54,SDA,1,TIPO DOMICILIARIO,3,LIMPIEZA DE DEPOSITOS,1750,5410,3660,5,3,CAJA CERRADA,,,,,SERVICIO DE EVALUACION DE LA CALIDAD Y CONTROL AMBIENTAL,,,,,,50011,62873,1,SERVICIO DE EVALUACION DE LA CALIDAD Y CONTROL AMBIENTAL,,34,ETRA (Estacion de Transferencia),1,AUTOMATICA,NO,16/01/24 10:48,,21/12/23 10:02,2,ETRA,1,DESCARGA
4012923,21/12/23 00:00,21/12/23 10:23,SDC,1,TIPO DOMICILIARIO,3,LIMPIEZA DE DEPOSITOS,1080,4570,3490,5,3,CAJA CERRADA,,,,,SERVICIO DE EVALUACION DE LA CALIDAD Y CONTROL AMBIENTAL,,,,,,50011,62873,1,SERVICIO DE EVALUACION DE LA CALIDAD Y CONTROL AMBIENTAL,,34,ETRA (Estacion de Transferencia),1,AUTOMATICA,NO,16/01/24 10:48,,21/12/23 10:32,2,ETRA,1,DESCARGA
4012929,21/12/23 00:00,21/12/23 10:25,SIM,1,TIPO DOMICILIARIO,1,ASIMILABLE A DOMICILIARIO,8980,27760,18780,5,50,COMPACTADOR LAT.CAJA DESM,,,,,SIN PERMISO,,,,,,,,,,,34,ETRA (Estacion de Transferencia),1,AUTOMATICA,NO,16/01/24 10:48,21/12/23 00:00,21/12/23 10:35,2,ETRA,1,DESCARGA
4012940,21/12/23 00:00,21/12/23 10:32,SIM,1,TIPO DOMICILIARIO,1,ASIMILABLE A DOMICILIARIO,4790,22140,17350,5,1,COMPACTADOR LEVANTE LAT.,,,,,SIN PERMISO,,,,,,,,,,,34,ETRA (Estacion de Transferencia),1,AUTOMATICA,NO,16/01/24 10:48,20/12/23 00:00,21/12/23 10:44,2,ETRA,1,DESCARGA
4012964,21/12/23 00:00,21/12/23 10:51,SIM,1,TIPO DOMICILIARIO,1,ASIMILABLE A DOMICILIARIO,2800,12990,10190,5,10,COMPACTADOR CONVENCIONAL,,,,,SIN PERMISO,,,,,,,,,,,34,ETRA (Estacion de Transferencia),1,AUTOMATICA,NO,16/01/24 10:48,20/12/23 00:00,21/12/23 10:59,2,ETRA,1,DESCARGA
4012987,21/12/23 00:00,21/12/23 11:07,SIM,1,TIPO DOMICILIARIO,1,ASIMILABLE A DOMICILIARIO,4450,23390,18940,5,50,COMPACTADOR LAT.CAJA DESM,,,,,SIN PERMISO,,,,,,,,,,,34,ETRA (Estacion de Transferencia),1,AUTOMATICA,NO,16/01/24 10:48,20/12/23 00:00,21/12/23 11:14,2,ETRA,1,DESCARGA
4012998,21/12/23 00:00,21/12/23 11:06,STP,100,CONSTRUCCION,104,TIERRA SUCIA,5330,15650,10320,5,2,CAJA ABIERTA 6 M3,,,,,SERVICIO DE EVALUACION DE LA CALIDAD Y CONTROL AMBIENTAL,,,,,,50041,62828,1,SERVICIO DE EVALUACION DE LA CALIDAD Y CONTROL AMBIENTAL,,34,ETRA (Estacion de Transferencia),1,AUTOMATICA,NO,16/01/24 10:48,,21/12/23 11:20,2,ETRA,1,DESCARGA
4013001,21/12/23 00:00,21/12/23 11:16,SIM,1,TIPO DOMICILIARIO,1,ASIMILABLE A DOMICILIARIO,1760,12280,10520,5,16,GRÚA,,,,,SIN PERMISO,,,,,,,,,,,34,ETRA (Estacion de Transferencia),1,AUTOMATICA,NO,16/01/24 10:48,21/12/23 00:00,21/12/23 11:21,2,ETRA,1,DESCARGA
4013019,21/12/23 00:00,21/12/23 11:24,SIM,1,TIPO DOMICILIARIO,1,ASIMILABLE A DOMICILIARIO,2750,13160,10410,5,11,COMPACTADOR LEVANTE TRAS.,,,,,SIN PERMISO,,,,,,,,,,,34,ETRA (Estacion de Transferencia),1,AUTOMATICA,NO,16/01/24 10:48,20/12/23 00:00,21/12/23 11:32,2,ETRA,1,DESCARGA
4013042,21/12/23 00:00,21/12/23 11:39,STP,1,TIPO DOMICILIARIO,1,ASIMILABLE A DOMICILIARIO,7450,17530,10080,5,44,CAJA ABIERTA CON VOLCADOR,,,,,SERVICIO DE EVALUACION DE LA CALIDAD Y CONTROL AMBIENTAL,,,,,,50041,62828,1,SERVICIO DE EVALUACION DE LA CALIDAD Y CONTROL AMBIENTAL,,34,ETRA (Estacion de Transferencia),1,AUTOMATICA,NO,16/01/24 10:48,,21/12/23 11:45,2,ETRA,1,DESCARGA
4013046,21/12/23 00:00,21/12/23 11:41,SIM,1,TIPO DOMICILIARIO,1,ASIMILABLE A DOMICILIARIO,1470,11980,10510,5,10,COMPACTADOR CONVENCIONAL,,,,,SIN PERMISO,,,,,,,,,,,34,ETRA (Estacion de Transferencia),1,AUTOMATICA,NO,16/01/24 10:48,20/12/23 00:00,21/12/23 11:48,2,ETRA,1,DESCARGA
4013049,21/12/23 00:00,21/12/23 11:35,SIM,1,TIPO DOMICILIARIO,1,ASIMILABLE A DOMICILIARIO,9150,27980,18830,5,50,COMPACTADOR LAT.CAJA DESM,,,,,SIN PERMISO,,,,,,,,,,,34,ETRA (Estacion de Transferencia),1,AUTOMATICA,NO,16/01/24 10:48,20/12/23 00:00,21/12/23 11:50,2,ETRA,1,DESCARGA
4013053,21/12/23 00:00,21/12/23 11:44,SIM,1,TIPO DOMICILIARIO,1,ASIMILABLE A DOMICILIARIO,7710,24580,16870,5,1,COMPACTADOR LEVANTE LAT.,,,,,SIN PERMISO,,,,,,,,,,,34,ETRA (Estacion de Transferencia),1,AUTOMATICA,NO,16/01/24 10:48,21/12/23 00:00,21/12/23 11:52,2,ETRA,1,DESCARGA
4013056,21/12/23 00:00,21/12/23 11:43,SCX,1,TIPO DOMICILIARIO,3,LIMPIEZA DE DEPOSITOS,1600,4890,3290,5,3,CAJA CERRADA,,,,,SERVICIO DE EVALUACION DE LA CALIDAD Y CONTROL AMBIENTAL,,,,,,50011,62873,1,SERVICIO DE EVALUACION DE LA CALIDAD Y CONTROL AMBIENTAL,,34,ETRA (Estacion de Transferencia),1,AUTOMATICA,NO,16/01/24 10:48,,21/12/23 11:53,2,ETRA,1,DESCARGA
4013058,21/12/23 00:00,21/12/23 11:45,SIM,1,TIPO DOMICILIARIO,1,ASIMILABLE A DOMICILIARIO,7440,25070,17630,5,1,COMPACTADOR LEVANTE LAT.,,,,,SIN PERMISO,,,,,,,,,,,34,ETRA (Estacion de Transferencia),1,AUTOMATICA,NO,16/01/24 10:48,20/12/23 00:00,21/12/23 11:54,2,ETRA,1,DESCARGA
4013061,21/12/23 00:00,21/12/23 11:47,SIM,1,TIPO DOMICILIARIO,1,ASIMILABLE A DOMICILIARIO,1290,11680,10390,5,10,COMPACTADOR CONVENCIONAL,,,,,SIN PERMISO,,,,,,,,,,,34,ETRA (Estacion de Transferencia),1,AUTOMATICA,NO,16/01/24 10:48,20/12/23 00:00,21/12/23 11:55,2,ETRA,1,DESCARGA
4013066,21/12/23 00:00,21/12/23 11:48,STP,1,TIPO DOMICILIARIO,2,BARRIDO,1020,8250,7230,5,2,CAJA ABIERTA 6 M3,,,,,SERVICIO DE EVALUACION DE LA CALIDAD Y CONTROL AMBIENTAL,,,,,,50041,62828,1,SERVICIO DE EVALUACION DE LA CALIDAD Y CONTROL AMBIENTAL,,34,ETRA (Estacion de Transferencia),1,AUTOMATICA,NO,16/01/24 10:48,,21/12/23 11:58,2,ETRA,1,DESCARGA
4013069,21/12/23 00:00,21/12/23 11:51,STP,1,TIPO DOMICILIARIO,1,ASIMILABLE A DOMICILIARIO,3570,11030,7460,5,2,CAJA ABIERTA 6 M3,,,,,SERVICIO DE EVALUACION DE LA CALIDAD Y CONTROL AMBIENTAL,,,,,,49439,62142,1,SERVICIO DE EVALUACION DE LA CALIDAD Y CONTROL AMBIENTAL,,34,ETRA (Estacion de Transferencia),1,AUTOMATICA,NO,16/01/24 10:48,,21/12/23 11:59,2,ETRA,1,DESCARGA
4013073,21/12/23 00:00,21/12/23 11:54,SDA,1,TIPO DOMICILIARIO,3,LIMPIEZA DE DEPOSITOS,930,4590,3660,5,3,CAJA CERRADA,,,,,SERVICIO DE EVALUACION DE LA CALIDAD Y CONTROL AMBIENTAL,,,,,,50011,62873,1,SERVICIO DE EVALUACION DE LA CALIDAD Y CONTROL AMBIENTAL,,34,ETRA (Estacion de Transferencia),1,AUTOMATICA,NO,16/01/24 10:48,,21/12/23 12:01,2,ETRA,1,DESCARGA
4013083,21/12/23 00:00,21/12/23 11:58,SIM,1,TIPO DOMICILIARIO,1,ASIMILABLE A DOMICILIARIO,6010,23040,17030,5,1,COMPACTADOR LEVANTE LAT.,,,,,SIN PERMISO,,,,,,,,,,,34,ETRA (Estacion de Transferencia),1,AUTOMATICA,NO,16/01/24 10:48,20/12/23 00:00,21/12/23 12:08,2,ETRA,1,DESCARGA
4013104,21/12/23 00:00,21/12/23 12:13,SIM,1,TIPO DOMICILIARIO,1,ASIMILABLE A DOMICILIARIO,3770,14060,10290,5,10,COMPACTADOR CONVENCIONAL,,,,,SIN PERMISO,,,,,,,,,,,34,ETRA (Estacion de Transferencia),1,AUTOMATICA,NO,16/01/24 10:48,,21/12/23 12:22,2,ETRA,1,DESCARGA
4013122,21/12/23 00:00,21/12/23 12:30,SDB,1,TIPO DOMICILIARIO,1,ASIMILABLE A DOMICILIARIO,3710,13050,9340,5,11,COMPACTADOR LEVANTE TRAS.,,,,,SERVICIO DE EVALUACION DE LA CALIDAD Y CONTROL AMBIENTAL,,,,,,50041,62828,1,SERVICIO DE EVALUACION DE LA CALIDAD Y CONTROL AMBIENTAL,,34,ETRA (Estacion de Transferencia),1,AUTOMATICA,NO,16/01/24 10:48,,21/12/23 12:34,2,ETRA,1,DESCARGA
4013124,21/12/23 00:00,21/12/23 12:31,SDB,1,TIPO DOMICILIARIO,1,ASIMILABLE A DOMICILIARIO,4810,14110,9300,5,11,COMPACTADOR LEVANTE TRAS.,,,,,SERVICIO DE EVALUACION DE LA CALIDAD Y CONTROL AMBIENTAL,,,,,,50041,62828,1,SERVICIO DE EVALUACION DE LA CALIDAD Y CONTROL AMBIENTAL,,34,ETRA (Estacion de Transferencia),1,AUTOMATICA,NO,16/01/24 10:48,,21/12/23 12:36,2,ETRA,1,DESCARGA
4013128,21/12/23 00:00,21/12/23 12:35,SDB,1,TIPO DOMICILIARIO,1,ASIMILABLE A DOMICILIARIO,4330,13650,9320,5,42,COMPACTADOR TRASERO,,,,,SERVICIO DE EVALUACION DE LA CALIDAD Y CONTROL AMBIENTAL,,,,,,50041,62828,1,SERVICIO DE EVALUACION DE LA CALIDAD Y CONTROL AMBIENTAL,,34,ETRA (Estacion de Transferencia),1,AUTOMATICA,NO,16/01/24 10:48,,21/12/23 12:38,2,ETRA,1,DESCARGA
4013138,21/12/23 00:00,21/12/23 12:37,STP,100,CONSTRUCCION,101,ESCOMBRO SUCIO,3610,13420,9810,5,12,CAJA ABIERTA 10 M3,,,,,SERVICIO DE EVALUACION DE LA CALIDAD Y CONTROL AMBIENTAL,,,,,,50041,62828,1,SERVICIO DE EVALUACION DE LA CALIDAD Y CONTROL AMBIENTAL,,34,ETRA (Estacion de Transferencia),1,AUTOMATICA,NO,16/01/24 10:48,,21/12/23 12:46,2,ETRA,1,DESCARGA
4013141,21/12/23 00:00,21/12/23 12:42,SDB,1,TIPO DOMICILIARIO,1,ASIMILABLE A DOMICILIARIO,3560,12910,9350,5,11,COMPACTADOR LEVANTE TRAS.,,,,,SERVICIO DE EVALUACION DE LA CALIDAD Y CONTROL AMBIENTAL,,,,,,50041,62828,1,SERVICIO DE EVALUACION DE LA CALIDAD Y CONTROL AMBIENTAL,,34,ETRA (Estacion de Transferencia),1,AUTOMATICA,NO,16/01/24 10:48,,21/12/23 12:47,2,ETRA,1,DESCARGA
4013148,21/12/23 00:00,21/12/23 12:45,SDB,1,TIPO DOMICILIARIO,2,BARRIDO,2970,12300,9330,5,11,COMPACTADOR LEVANTE TRAS.,,,,,SERVICIO DE EVALUACION DE LA CALIDAD Y CONTROL AMBIENTAL,,,,,,50041,62828,1,SERVICIO DE EVALUACION DE LA CALIDAD Y CONTROL AMBIENTAL,,34,ETRA (Estacion de Transferencia),1,AUTOMATICA,NO,16/01/24 10:48,,21/12/23 12:52,2,ETRA,1,DESCARGA
4013153,21/12/23 00:00,21/12/23 12:46,SDB,1,TIPO DOMICILIARIO,2,BARRIDO,1880,11550,9670,5,2,CAJA ABIERTA 6 M3,,,,,SERVICIO DE EVALUACION DE LA CALIDAD Y CONTROL AMBIENTAL,,,,,,50041,62828,1,SERVICIO DE EVALUACION DE LA CALIDAD Y CONTROL AMBIENTAL,,34,ETRA (Estacion de Transferencia),1,AUTOMATICA,NO,16/01/24 10:48,,21/12/23 12:53,2,ETRA,1,DESCARGA
4013190,21/12/23 00:00,21/12/23 13:15,STP,1,TIPO DOMICILIARIO,1,ASIMILABLE A DOMICILIARIO,7800,17870,10070,5,44,CAJA ABIERTA CON VOLCADOR,,,,,SERVICIO DE EVALUACION DE LA CALIDAD Y CONTROL AMBIENTAL,,,,,,50041,62828,1,SERVICIO DE EVALUACION DE LA CALIDAD Y CONTROL AMBIENTAL,,34,ETRA (Estacion de Transferencia),1,AUTOMATICA,NO,16/01/24 10:48,,21/12/23 13:23,2,ETRA,1,DESCARGA
4013245,21/12/23 00:00,21/12/23 13:55,STP,100,CONSTRUCCION,104,TIERRA SUCIA,3710,14030,10320,5,2,CAJA ABIERTA 6 M3,,,,,SERVICIO DE EVALUACION DE LA CALIDAD Y CONTROL AMBIENTAL,,,,,,50041,62828,1,SERVICIO DE EVALUACION DE LA CALIDAD Y CONTROL AMBIENTAL,,34,ETRA (Estacion de Transferencia),1,AUTOMATICA,NO,16/01/24 10:48,,21/12/23 14:07,2,ETRA,1,DESCARGA
4013249,21/12/23 00:00,21/12/23 13:59,SDA,200,ORGANICOS DE ORIGEN VEGETAL,209,PODAS,880,4440,3560,5,3,CAJA CERRADA,,,,,SERVICIO DE EVALUACION DE LA CALIDAD Y CONTROL AMBIENTAL,,,,,,50011,62873,1,SERVICIO DE EVALUACION DE LA CALIDAD Y CONTROL AMBIENTAL,,34,ETRA (Estacion de Transferencia),1,AUTOMATICA,NO,16/01/24 10:48,,21/12/23 14:08,2,ETRA,1,DESCARGA
4013266,21/12/23 00:00,21/12/23 14:12,STP,1,TIPO DOMICILIARIO,3,LIMPIEZA DE DEPOSITOS,1870,8450,6580,5,2,CAJA ABIERTA 6 M3,,,,,SERVICIO DE EVALUACION DE LA CALIDAD Y CONTROL AMBIENTAL,,,,,,49439,62142,1,SERVICIO DE EVALUACION DE LA CALIDAD Y CONTROL AMBIENTAL,,34,ETRA (Estacion de Transferencia),1,AUTOMATICA,NO,16/01/24 10:48,,21/12/23 14:20,2,ETRA,1,DESCARGA
4013272,21/12/23 00:00,21/12/23 14:14,SDB,1,TIPO DOMICILIARIO,1,ASIMILABLE A DOMICILIARIO,5490,14870,9380,5,10,COMPACTADOR CONVENCIONAL,,,,,SERVICIO DE EVALUACION DE LA CALIDAD Y CONTROL AMBIENTAL,,,,,,50041,62828,1,SERVICIO DE EVALUACION DE LA CALIDAD Y CONTROL AMBIENTAL,,34,ETRA (Estacion de Transferencia),1,AUTOMATICA,NO,16/01/24 10:48,,21/12/23 14:23,2,ETRA,1,DESCARGA
4013275,21/12/23 00:00,21/12/23 14:17,STP,1,TIPO DOMICILIARIO,1,ASIMILABLE A DOMICILIARIO,3230,10690,7460,5,2,CAJA ABIERTA 6 M3,,,,,SERVICIO DE EVALUACION DE LA CALIDAD Y CONTROL AMBIENTAL,,,,,,49439,62142,1,SERVICIO DE EVALUACION DE LA CALIDAD Y CONTROL AMBIENTAL,,34,ETRA (Estacion de Transferencia),1,AUTOMATICA,NO,16/01/24 10:48,,21/12/23 14:24,2,ETRA,1,DESCARGA
4013283,21/12/23 00:00,21/12/23 14:19,STP,1,TIPO DOMICILIARIO,3,LIMPIEZA DE DEPOSITOS,2290,8920,6630,5,2,CAJA ABIERTA 6 M3,,,,,SERVICIO DE EVALUACION DE LA CALIDAD Y CONTROL AMBIENTAL,,,,,,49439,62142,1,SERVICIO DE EVALUACION DE LA CALIDAD Y CONTROL AMBIENTAL,,34,ETRA (Estacion de Transferencia),1,AUTOMATICA,NO,16/01/24 10:48,,21/12/23 14:29,2,ETRA,1,DESCARGA
4013284,21/12/23 00:00,21/12/23 14:23,SDC,1,TIPO DOMICILIARIO,3,LIMPIEZA DE DEPOSITOS,1440,4910,3470,5,3,CAJA CERRADA,,,,,SERVICIO DE EVALUACION DE LA CALIDAD Y CONTROL AMBIENTAL,,,,,,50011,62873,1,SERVICIO DE EVALUACION DE LA CALIDAD Y CONTROL AMBIENTAL,,34,ETRA (Estacion de Transferencia),1,AUTOMATICA,NO,16/01/24 10:48,,21/12/23 14:30,2,ETRA,1,DESCARGA
4013285,21/12/23 00:00,21/12/23 14:21,STP,1,TIPO DOMICILIARIO,3,LIMPIEZA DE DEPOSITOS,2810,9870,7060,5,21,RETROEXCAVADORA,,,,,SERVICIO DE EVALUACION DE LA CALIDAD Y CONTROL AMBIENTAL,,,,,,49439,62142,1,SERVICIO DE EVALUACION DE LA CALIDAD Y CONTROL AMBIENTAL,,34,ETRA (Estacion de Transferencia),1,AUTOMATICA,NO,16/01/24 10:48,,21/12/23 14:31,2,ETRA,1,DESCARGA
4013304,21/12/23 00:00,21/12/23 14:34,STP,1,TIPO DOMICILIARIO,3,LIMPIEZA DE DEPOSITOS,1370,7620,6250,5,2,CAJA ABIERTA 6 M3,,,,,SERVICIO DE EVALUACION DE LA CALIDAD Y CONTROL AMBIENTAL,,,,,,49439,62142,1,SERVICIO DE EVALUACION DE LA CALIDAD Y CONTROL AMBIENTAL,,34,ETRA (Estacion de Transferencia),1,AUTOMATICA,NO,16/01/24 10:48,,21/12/23 14:44,2,ETRA,1,DESCARGA
4013380,21/12/23 00:00,21/12/23 15:22,STP,100,CONSTRUCCION,101,ESCOMBRO SUCIO,2570,12360,9790,5,12,CAJA ABIERTA 10 M3,,,,,SERVICIO DE EVALUACION DE LA CALIDAD Y CONTROL AMBIENTAL,,,,,,50041,62828,1,SERVICIO DE EVALUACION DE LA CALIDAD Y CONTROL AMBIENTAL,,34,ETRA (Estacion de Transferencia),1,AUTOMATICA,NO,16/01/24 10:48,,21/12/23 15:31,2,ETRA,1,DESCARGA
4013450,21/12/23 00:00,21/12/23 16:23,STP,1,TIPO DOMICILIARIO,1,ASIMILABLE A DOMICILIARIO,1740,11790,10050,5,44,CAJA ABIERTA CON VOLCADOR,,,,,SERVICIO DE EVALUACION DE LA CALIDAD Y CONTROL AMBIENTAL,,,,,,50041,62828,1,SERVICIO DE EVALUACION DE LA CALIDAD Y CONTROL AMBIENTAL,,34,ETRA (Estacion de Transferencia),1,AUTOMATICA,NO,16/01/24 10:48,,21/12/23 16:29,2,ETRA,1,DESCARGA
4013468,21/12/23 00:00,21/12/23 16:43,SIM,1,TIPO DOMICILIARIO,1,ASIMILABLE A DOMICILIARIO,8190,25110,16920,5,1,COMPACTADOR LEVANTE LAT.,,,,,SIN PERMISO,,,,,,,,,,,34,ETRA (Estacion de Transferencia),1,AUTOMATICA,NO,16/01/24 10:48,21/12/23 00:00,21/12/23 16:49,2,ETRA,1,DESCARGA
4013494,21/12/23 00:00,21/12/23 17:07,SIM,1,TIPO DOMICILIARIO,1,ASIMILABLE A DOMICILIARIO,2030,25030,23000,5,1,COMPACTADOR LEVANTE LAT.,,,,,SIN PERMISO,,,,,,,,,,,34,ETRA (Estacion de Transferencia),1,AUTOMATICA,NO,16/01/24 10:48,20/12/23 00:00,21/12/23 17:16,2,ETRA,1,DESCARGA
4013496,21/12/23 00:00,21/12/23 17:06,STP,100,CONSTRUCCION,104,TIERRA SUCIA,2550,12820,10270,5,2,CAJA ABIERTA 6 M3,,,,,SERVICIO DE EVALUACION DE LA CALIDAD Y CONTROL AMBIENTAL,,,,,,50041,62828,1,SERVICIO DE EVALUACION DE LA CALIDAD Y CONTROL AMBIENTAL,,34,ETRA (Estacion de Transferencia),1,AUTOMATICA,NO,16/01/24 10:48,,21/12/23 17:19,2,ETRA,1,DESCARGA
4013501,21/12/23 00:00,21/12/23 17:15,STP,100,CONSTRUCCION,101,ESCOMBRO SUCIO,2630,12430,9800,5,12,CAJA ABIERTA 10 M3,,,,,SERVICIO DE EVALUACION DE LA CALIDAD Y CONTROL AMBIENTAL,,,,,,50041,62828,1,SERVICIO DE EVALUACION DE LA CALIDAD Y CONTROL AMBIENTAL,,34,ETRA (Estacion de Transferencia),1,AUTOMATICA,NO,16/01/24 10:48,,21/12/23 17:22,2,ETRA,1,DESCARGA
4013515,21/12/23 00:00,21/12/23 17:29,SIM,1,TIPO DOMICILIARIO,1,ASIMILABLE A DOMICILIARIO,6460,23560,17100,5,1,COMPACTADOR LEVANTE LAT.,,,,,SIN PERMISO,,,,,,,,,,,34,ETRA (Estacion de Transferencia),1,AUTOMATICA,NO,16/01/24 10:48,21/12/23 00:00,21/12/23 17:37,2,ETRA,1,DESCARGA
4013577,21/12/23 00:00,21/12/23 18:46,SIM,1,TIPO DOMICILIARIO,1,ASIMILABLE A DOMICILIARIO,3640,21020,17380,5,1,COMPACTADOR LEVANTE LAT.,,,,,SIN PERMISO,,,,,,,,,,,34,ETRA (Estacion de Transferencia),1,AUTOMATICA,NO,16/01/24 10:48,21/12/23 00:00,21/12/23 19:03,2,ETRA,1,DESCARGA
4013589,21/12/23 00:00,21/12/23 19:01,SIM,1,TIPO DOMICILIARIO,99,OTROS,12260,29070,16810,5,1,COMPACTADOR LEVANTE LAT.,,,,,SIN PERMISO,,,,,,,,,,,34,ETRA (Estacion de Transferencia),1,AUTOMATICA,NO,16/01/24 10:48,21/12/23 00:00,21/12/23 19:13,2,ETRA,1,DESCARGA
4013615,21/12/23 00:00,21/12/23 19:34,SIM,1,TIPO DOMICILIARIO,1,ASIMILABLE A DOMICILIARIO,11300,28940,17640,5,1,COMPACTADOR LEVANTE LAT.,,,,,SIN PERMISO,,,,,,,,,,,34,ETRA (Estacion de Transferencia),1,AUTOMATICA,NO,16/01/24 10:48,21/12/23 00:00,21/12/23 19:41,2,ETRA,1,DESCARGA
4013758,22/12/23 00:00,22/12/23 07:55,SIM,1,TIPO DOMICILIARIO,1,ASIMILABLE A DOMICILIARIO,9990,29240,19250,5,50,COMPACTADOR LAT.CAJA DESM,,,,,SIN PERMISO,,,,,,,,,,,34,ETRA (Estacion de Transferencia),1,AUTOMATICA,NO,16/01/24 10:48,21/12/23 00:00,22/12/23 08:03,2,ETRA,1,DESCARGA
4013764,22/12/23 00:00,22/12/23 07:54,SIM,1,TIPO DOMICILIARIO,99,OTROS,7270,26280,19010,5,50,COMPACTADOR LAT.CAJA DESM,,,,,SIN PERMISO,,,,,,,,,,,34,ETRA (Estacion de Transferencia),1,AUTOMATICA,NO,16/01/24 10:48,22/12/23 00:00,22/12/23 08:06,2,ETRA,1,DESCARGA
4013803,22/12/23 00:00,22/12/23 08:19,SIM,1,TIPO DOMICILIARIO,1,ASIMILABLE A DOMICILIARIO,5160,24530,19370,5,50,COMPACTADOR LAT.CAJA DESM,,,,,SIN PERMISO,,,,,,,,,,,34,ETRA (Estacion de Transferencia),1,AUTOMATICA,NO,16/01/24 10:48,22/12/23 00:00,22/12/23 08:32,2,ETRA,1,DESCARGA
4013820,22/12/23 00:00,22/12/23 08:37,SIM,1,TIPO DOMICILIARIO,1,ASIMILABLE A DOMICILIARIO,10510,28170,17660,5,1,COMPACTADOR LEVANTE LAT.,,,,,SIN PERMISO,,,,,,,,,,,34,ETRA (Estacion de Transferencia),1,AUTOMATICA,NO,16/01/24 10:48,21/12/23 00:00,22/12/23 08:43,2,ETRA,1,DESCARGA
4013826,22/12/23 00:00,22/12/23 08:39,SIM,1,TIPO DOMICILIARIO,1,ASIMILABLE A DOMICILIARIO,7810,24810,17000,5,1,COMPACTADOR LEVANTE LAT.,,,,,SIN PERMISO,,,,,,,,,,,34,ETRA (Estacion de Transferencia),1,AUTOMATICA,NO,16/01/24 10:48,21/12/23 00:00,22/12/23 08:46,2,ETRA,1,DESCARGA
4013832,22/12/23 00:00,22/12/23 08:35,SIM,1,TIPO DOMICILIARIO,1,ASIMILABLE A DOMICILIARIO,6690,25510,18820,5,50,COMPACTADOR LAT.CAJA DESM,,,,,SIN PERMISO,,,,,,,,,,,34,ETRA (Estacion de Transferencia),1,AUTOMATICA,NO,16/01/24 10:48,21/12/23 00:00,22/12/23 08:49,2,ETRA,1,DESCARGA
4013835,22/12/23 00:00,22/12/23 08:40,SIM,1,TIPO DOMICILIARIO,1,ASIMILABLE A DOMICILIARIO,7430,26160,18730,5,50,COMPACTADOR LAT.CAJA DESM,,,,,SIN PERMISO,,,,,,,,,,,34,ETRA (Estacion de Transferencia),1,AUTOMATICA,NO,16/01/24 10:48,22/12/23 00:00,22/12/23 08:50,2,ETRA,1,DESCARGA
4013847,22/12/23 00:00,22/12/23 08:51,SIM,1,TIPO DOMICILIARIO,1,ASIMILABLE A DOMICILIARIO,10880,28340,17460,5,1,COMPACTADOR LEVANTE LAT.,,,,,SIN PERMISO,,,,,,,,,,,34,ETRA (Estacion de Transferencia),1,AUTOMATICA,NO,16/01/24 10:48,21/12/23 00:00,22/12/23 08:59,2,ETRA,1,DESCARGA
4013884,22/12/23 00:00,22/12/23 09:21,SIM,1,TIPO DOMICILIARIO,1,ASIMILABLE A DOMICILIARIO,8310,27580,19270,5,50,COMPACTADOR LAT.CAJA DESM,,,,,SIN PERMISO,,,,,,,,,,,34,ETRA (Estacion de Transferencia),1,AUTOMATICA,NO,16/01/24 10:48,21/12/23 00:00,22/12/23 09:29,2,ETRA,1,DESCARGA
4013886,22/12/23 00:00,22/12/23 09:23,SIM,1,TIPO DOMICILIARIO,1,ASIMILABLE A DOMICILIARIO,7450,23800,16350,5,1,COMPACTADOR LEVANTE LAT.,,,,,SIN PERMISO,,,,,,,,,,,34,ETRA (Estacion de Transferencia),1,AUTOMATICA,NO,16/01/24 10:48,22/12/23 00:00,22/12/23 09:32,2,ETRA,1,DESCARGA
4013910,22/12/23 00:00,22/12/23 09:45,STP,100,CONSTRUCCION,101,ESCOMBRO SUCIO,5540,15390,9850,5,12,CAJA ABIERTA 10 M3,,,,,SERVICIO DE EVALUACION DE LA CALIDAD Y CONTROL AMBIENTAL,,,,,,50041,62828,1,SERVICIO DE EVALUACION DE LA CALIDAD Y CONTROL AMBIENTAL,,34,ETRA (Estacion de Transferencia),1,AUTOMATICA,NO,16/01/24 10:48,,22/12/23 09:52,2,ETRA,1,DESCARGA
4013923,22/12/23 00:00,22/12/23 09:53,SCX,1,TIPO DOMICILIARIO,3,LIMPIEZA DE DEPOSITOS,630,3850,3220,5,3,CAJA CERRADA,,,,,SERVICIO DE EVALUACION DE LA CALIDAD Y CONTROL AMBIENTAL,,,,,,50011,62873,1,SERVICIO DE EVALUACION DE LA CALIDAD Y CONTROL AMBIENTAL,,34,ETRA (Estacion de Transferencia),1,AUTOMATICA,NO,16/01/24 10:48,,22/12/23 10:02,2,ETRA,1,DESCARGA
4013932,22/12/23 00:00,22/12/23 09:58,SIM,1,TIPO DOMICILIARIO,1,ASIMILABLE A DOMICILIARIO,8130,24900,16770,5,1,COMPACTADOR LEVANTE LAT.,,,,,SIN PERMISO,,,,,,,,,,,34,ETRA (Estacion de Transferencia),1,AUTOMATICA,NO,16/01/24 10:48,22/12/23 00:00,22/12/23 10:07,2,ETRA,1,DESCARGA
4013946,22/12/23 00:00,22/12/23 10:12,SIM,1,TIPO DOMICILIARIO,1,ASIMILABLE A DOMICILIARIO,2840,13360,10520,5,16,GRÚA,,,,,SIN PERMISO,,,,,,,,,,,34,ETRA (Estacion de Transferencia),1,AUTOMATICA,NO,16/01/24 10:48,21/12/23 00:00,22/12/23 10:16,2,ETRA,1,DESCARGA
4013948,22/12/23 00:00,22/12/23 10:09,STP,100,CONSTRUCCION,104,TIERRA SUCIA,4960,15240,10280,5,2,CAJA ABIERTA 6 M3,,,,,SERVICIO DE EVALUACION DE LA CALIDAD Y CONTROL AMBIENTAL,,,,,,50041,62828,1,SERVICIO DE EVALUACION DE LA CALIDAD Y CONTROL AMBIENTAL,,34,ETRA (Estacion de Transferencia),1,AUTOMATICA,NO,16/01/24 10:48,,22/12/23 10:19,2,ETRA,1,DESCARGA
4013955,22/12/23 00:00,22/12/23 10:18,STP,1,TIPO DOMICILIARIO,1,ASIMILABLE A DOMICILIARIO,1920,12060,10140,5,44,CAJA ABIERTA CON VOLCADOR,,,,,SERVICIO DE EVALUACION DE LA CALIDAD Y CONTROL AMBIENTAL,,,,,,50041,62828,1,SERVICIO DE EVALUACION DE LA CALIDAD Y CONTROL AMBIENTAL,,34,ETRA (Estacion de Transferencia),1,AUTOMATICA,NO,16/01/24 10:48,,22/12/23 10:24,2,ETRA,1,DESCARGA
4013966,22/12/23 00:00,22/12/23 10:22,SIM,1,TIPO DOMICILIARIO,1,ASIMILABLE A DOMICILIARIO,9060,26700,17640,5,1,COMPACTADOR LEVANTE LAT.,,,,,SIN PERMISO,,,,,,,,,,,34,ETRA (Estacion de Transferencia),1,AUTOMATICA,NO,16/01/24 10:48,21/12/23 00:00,22/12/23 10:30,2,ETRA,1,DESCARGA
4013968,22/12/23 00:00,22/12/23 10:17,SIM,1,TIPO DOMICILIARIO,1,ASIMILABLE A DOMICILIARIO,7340,26180,18840,5,50,COMPACTADOR LAT.CAJA DESM,,,,,SIN PERMISO,,,,,,,,,,,34,ETRA (Estacion de Transferencia),1,AUTOMATICA,NO,16/01/24 10:48,21/12/23 00:00,22/12/23 10:31,2,ETRA,1,DESCARGA
4013972,22/12/23 00:00,22/12/23 10:21,SIM,1,TIPO DOMICILIARIO,1,ASIMILABLE A DOMICILIARIO,4450,23380,18930,5,50,COMPACTADOR LAT.CAJA DESM,,,,,SIN PERMISO,,,,,,,,,,,34,ETRA (Estacion de Transferencia),1,AUTOMATICA,NO,16/01/24 10:48,21/12/23 00:00,22/12/23 10:33,2,ETRA,1,DESCARGA
4013982,22/12/23 00:00,22/12/23 10:32,SIM,1,TIPO DOMICILIARIO,1,ASIMILABLE A DOMICILIARIO,2940,13390,10450,5,10,COMPACTADOR CONVENCIONAL,,,,,SIN PERMISO,,,,,,,,,,,34,ETRA (Estacion de Transferencia),1,AUTOMATICA,NO,16/01/24 10:48,22/12/23 00:00,22/12/23 10:38,2,ETRA,1,DESCARGA
4013985,22/12/23 00:00,22/12/23 10:28,SIM,1,TIPO DOMICILIARIO,1,ASIMILABLE A DOMICILIARIO,8270,27190,18920,5,50,COMPACTADOR LAT.CAJA DESM,,,,,SIN PERMISO,,,,,,,,,,,34,ETRA (Estacion de Transferencia),1,AUTOMATICA,NO,16/01/24 10:48,22/12/23 00:00,22/12/23 10:40,2,ETRA,1,DESCARGA
4013999,22/12/23 00:00,22/12/23 10:45,SIM,1,TIPO DOMICILIARIO,1,ASIMILABLE A DOMICILIARIO,590,11090,10500,5,16,GRÚA,,,,,SIN PERMISO,,,,,,,,,,,34,ETRA (Estacion de Transferencia),1,AUTOMATICA,NO,16/01/24 10:48,21/12/23 00:00,22/12/23 10:48,2,ETRA,1,DESCARGA
4014002,22/12/23 00:00,22/12/23 10:38,SIM,1,TIPO DOMICILIARIO,1,ASIMILABLE A DOMICILIARIO,8640,27360,18720,5,50,COMPACTADOR LAT.CAJA DESM,,,,,SIN PERMISO,,,,,,,,,,,34,ETRA (Estacion de Transferencia),1,AUTOMATICA,NO,16/01/24 10:48,22/12/23 00:00,22/12/23 10:49,2,ETRA,1,DESCARGA
4014008,22/12/23 00:00,22/12/23 10:44,SDA,200,ORGANICOS DE ORIGEN VEGETAL,209,PODAS,990,4510,3520,5,3,CAJA CERRADA,,,,,SERVICIO DE EVALUACION DE LA CALIDAD Y CONTROL AMBIENTAL,,,,,,50011,62873,1,SERVICIO DE EVALUACION DE LA CALIDAD Y CONTROL AMBIENTAL,,34,ETRA (Estacion de Transferencia),1,AUTOMATICA,NO,16/01/24 10:48,,22/12/23 10:52,2,ETRA,1,DESCARGA
4014045,22/12/23 00:00,22/12/23 11:00,SIM,1,TIPO DOMICILIARIO,1,ASIMILABLE A DOMICILIARIO,5010,15400,10390,5,11,COMPACTADOR LEVANTE TRAS.,,,,,SIN PERMISO,,,,,,,,,,,34,ETRA (Estacion de Transferencia),1,AUTOMATICA,NO,16/01/24 10:48,,22/12/23 11:07,2,ETRA,1,DESCARGA
4014077,22/12/23 00:00,22/12/23 11:14,STP,1,TIPO DOMICILIARIO,2,BARRIDO,1240,8460,7220,5,2,CAJA ABIERTA 6 M3,,,,,SERVICIO DE EVALUACION DE LA CALIDAD Y CONTROL AMBIENTAL,,,,,,50041,62828,1,SERVICIO DE EVALUACION DE LA CALIDAD Y CONTROL AMBIENTAL,,34,ETRA (Estacion de Transferencia),1,AUTOMATICA,NO,16/01/24 10:48,,22/12/23 11:20,2,ETRA,1,DESCARGA
4014082,22/12/23 00:00,22/12/23 11:16,SIM,1,TIPO DOMICILIARIO,1,ASIMILABLE A DOMICILIARIO,5930,22910,16980,5,1,COMPACTADOR LEVANTE LAT.,,,,,SIN PERMISO,,,,,,,,,,,34,ETRA (Estacion de Transferencia),1,AUTOMATICA,NO,16/01/24 10:48,21/12/23 00:00,22/12/23 11:23,2,ETRA,1,DESCARGA
4014084,22/12/23 00:00,22/12/23 11:13,SDC,1,TIPO DOMICILIARIO,3,LIMPIEZA DE DEPOSITOS,2250,5800,3550,5,3,CAJA CERRADA,,,,,SERVICIO DE EVALUACION DE LA CALIDAD Y CONTROL AMBIENTAL,,,,,,50011,62873,1,SERVICIO DE EVALUACION DE LA CALIDAD Y CONTROL AMBIENTAL,,34,ETRA (Estacion de Transferencia),1,AUTOMATICA,NO,16/01/24 10:48,,22/12/23 11:24,2,ETRA,1,DESCARGA
4014090,22/12/23 00:00,22/12/23 11:18,SIM,1,TIPO DOMICILIARIO,1,ASIMILABLE A DOMICILIARIO,10350,26700,16350,5,1,COMPACTADOR LEVANTE LAT.,,,,,SIN PERMISO,,,,,,,,,,,34,ETRA (Estacion de Transferencia),1,AUTOMATICA,NO,16/01/24 10:48,22/12/23 00:00,22/12/23 11:27,2,ETRA,1,DESCARGA
4014091,22/12/23 00:00,22/12/23 11:19,SIM,1,TIPO DOMICILIARIO,1,ASIMILABLE A DOMICILIARIO,5760,16060,10300,5,10,COMPACTADOR CONVENCIONAL,,,,,SIN PERMISO,,,,,,,,,,,34,ETRA (Estacion de Transferencia),1,AUTOMATICA,NO,16/01/24 10:48,22/12/23 00:00,22/12/23 11:28,2,ETRA,1,DESCARGA
4014093,22/12/23 00:00,22/12/23 11:21,SIM,1,TIPO DOMICILIARIO,1,ASIMILABLE A DOMICILIARIO,4240,14370,10130,5,42,COMPACTADOR TRASERO,,,,,SIN PERMISO,,,,,,,,,,,34,ETRA (Estacion de Transferencia),1,AUTOMATICA,NO,16/01/24 10:48,,22/12/23 11:29,2,ETRA,1,DESCARGA
4014097,22/12/23 00:00,22/12/23 11:23,SIM,1,TIPO DOMICILIARIO,1,ASIMILABLE A DOMICILIARIO,4670,15150,10480,5,11,COMPACTADOR LEVANTE TRAS.,,,,,SIN PERMISO,,,,,,,,,,,34,ETRA (Estacion de Transferencia),1,AUTOMATICA,NO,16/01/24 10:48,,22/12/23 11:32,2,ETRA,1,DESCARGA
4014115,22/12/23 00:00,22/12/23 11:27,SDB,1,TIPO DOMICILIARIO,1,ASIMILABLE A DOMICILIARIO,2100,11350,9250,5,11,COMPACTADOR LEVANTE TRAS.,,,,,SERVICIO DE EVALUACION DE LA CALIDAD Y CONTROL AMBIENTAL,,,,,,50041,62828,1,SERVICIO DE EVALUACION DE LA CALIDAD Y CONTROL AMBIENTAL,,34,ETRA (Estacion de Transferencia),1,AUTOMATICA,NO,16/01/24 10:48,,22/12/23 11:40,2,ETRA,1,DESCARGA
4014122,22/12/23 00:00,22/12/23 11:31,STP,1,TIPO DOMICILIARIO,3,LIMPIEZA DE DEPOSITOS,2160,8850,6690,5,2,CAJA ABIERTA 6 M3,,,,,SERVICIO DE EVALUACION DE LA CALIDAD Y CONTROL AMBIENTAL,,,,,,50041,62828,1,SERVICIO DE EVALUACION DE LA CALIDAD Y CONTROL AMBIENTAL,,34,ETRA (Estacion de Transferencia),1,AUTOMATICA,NO,16/01/24 10:48,,22/12/23 11:45,2,ETRA,1,DESCARGA
4014125,22/12/23 00:00,22/12/23 11:25,SIM,1,TIPO DOMICILIARIO,99,OTROS,9190,28240,19050,5,50,COMPACTADOR LAT.CAJA DESM,,,,,SIN PERMISO,,,,,,,,,,,34,ETRA (Estacion de Transferencia),1,AUTOMATICA,NO,16/01/24 10:48,22/12/23 00:00,22/12/23 11:46,2,ETRA,1,DESCARGA
4014129,22/12/23 00:00,22/12/23 11:40,SIM,1,TIPO DOMICILIARIO,1,ASIMILABLE A DOMICILIARIO,11890,28770,16880,5,1,COMPACTADOR LEVANTE LAT.,,,,,SIN PERMISO,,,,,,,,,,,34,ETRA (Estacion de Transferencia),1,AUTOMATICA,NO,16/01/24 10:48,21/12/23 00:00,22/12/23 11:48,2,ETRA,1,DESCARGA
4014158,22/12/23 00:00,22/12/23 12:03,STP,1,TIPO DOMICILIARIO,1,ASIMILABLE A DOMICILIARIO,3110,10540,7430,5,2,CAJA ABIERTA 6 M3,,,,,SERVICIO DE EVALUACION DE LA CALIDAD Y CONTROL AMBIENTAL,,,,,,50041,62828,1,SERVICIO DE EVALUACION DE LA CALIDAD Y CONTROL AMBIENTAL,,34,ETRA (Estacion de Transferencia),1,AUTOMATICA,NO,16/01/24 10:48,,22/12/23 12:09,2,ETRA,1,DESCARGA
4014162,22/12/23 00:00,22/12/23 12:04,SIM,1,TIPO DOMICILIARIO,1,ASIMILABLE A DOMICILIARIO,4080,14270,10190,5,11,COMPACTADOR LEVANTE TRAS.,,,,,SIN PERMISO,,,,,,,,,,,34,ETRA (Estacion de Transferencia),1,AUTOMATICA,NO,16/01/24 10:48,22/12/23 00:00,22/12/23 12:11,2,ETRA,1,DESCARGA
4014169,22/12/23 00:00,22/12/23 12:06,SDC,1,TIPO DOMICILIARIO,3,LIMPIEZA DE DEPOSITOS,1390,4820,3430,5,3,CAJA CERRADA,,,,,SERVICIO DE EVALUACION DE LA CALIDAD Y CONTROL AMBIENTAL,,,,,,50011,62873,1,SERVICIO DE EVALUACION DE LA CALIDAD Y CONTROL AMBIENTAL,,34,ETRA (Estacion de Transferencia),1,AUTOMATICA,NO,16/01/24 10:48,,22/12/23 12:15,2,ETRA,1,DESCARGA
4014187,22/12/23 00:00,22/12/23 12:16,STP,1,TIPO DOMICILIARIO,3,LIMPIEZA DE DEPOSITOS,1290,8330,7040,5,21,RETROEXCAVADORA,,,,,SERVICIO DE EVALUACION DE LA CALIDAD Y CONTROL AMBIENTAL,,,,,,50041,62828,1,SERVICIO DE EVALUACION DE LA CALIDAD Y CONTROL AMBIENTAL,,34,ETRA (Estacion de Transferencia),1,AUTOMATICA,NO,16/01/24 10:48,,22/12/23 12:27,2,ETRA,1,DESCARGA
4014191,22/12/23 00:00,22/12/23 12:20,STP,1,TIPO DOMICILIARIO,3,LIMPIEZA DE DEPOSITOS,1220,7810,6590,5,2,CAJA ABIERTA 6 M3,,,,,SERVICIO DE EVALUACION DE LA CALIDAD Y CONTROL AMBIENTAL,,,,,,50041,62828,1,SERVICIO DE EVALUACION DE LA CALIDAD Y CONTROL AMBIENTAL,,34,ETRA (Estacion de Transferencia),1,AUTOMATICA,NO,16/01/24 10:48,,22/12/23 12:28,2,ETRA,1,DESCARGA
4014200,22/12/23 00:00,22/12/23 12:25,STP,1,TIPO DOMICILIARIO,3,LIMPIEZA DE DEPOSITOS,1980,8580,6600,5,2,CAJA ABIERTA 6 M3,,,,,SERVICIO DE EVALUACION DE LA CALIDAD Y CONTROL AMBIENTAL,,,,,,49439,62142,1,SERVICIO DE EVALUACION DE LA CALIDAD Y CONTROL AMBIENTAL,,34,ETRA (Estacion de Transferencia),1,AUTOMATICA,NO,16/01/24 10:48,,22/12/23 12:35,2,ETRA,1,DESCARGA
4014205,22/12/23 00:00,22/12/23 12:33,SDB,1,TIPO DOMICILIARIO,1,ASIMILABLE A DOMICILIARIO,2710,11980,9270,5,11,COMPACTADOR LEVANTE TRAS.,,,,,SERVICIO DE EVALUACION DE LA CALIDAD Y CONTROL AMBIENTAL,,,,,,50041,62828,1,SERVICIO DE EVALUACION DE LA CALIDAD Y CONTROL AMBIENTAL,,34,ETRA (Estacion de Transferencia),1,AUTOMATICA,NO,16/01/24 10:48,,22/12/23 12:39,2,ETRA,1,DESCARGA
4014214,22/12/23 00:00,22/12/23 12:38,SDB,1,TIPO DOMICILIARIO,2,BARRIDO,3440,12680,9240,5,2,CAJA ABIERTA 6 M3,,,,,SERVICIO DE EVALUACION DE LA CALIDAD Y CONTROL AMBIENTAL,,,,,,50041,62828,1,SERVICIO DE EVALUACION DE LA CALIDAD Y CONTROL AMBIENTAL,,34,ETRA (Estacion de Transferencia),1,AUTOMATICA,NO,16/01/24 10:48,,22/12/23 12:44,2,ETRA,1,DESCARGA
4014231,22/12/23 00:00,22/12/23 12:50,STP,100,CONSTRUCCION,101,ESCOMBRO SUCIO,5300,15130,9830,5,12,CAJA ABIERTA 10 M3,,,,,SERVICIO DE EVALUACION DE LA CALIDAD Y CONTROL AMBIENTAL,,,,,,50041,62828,1,SERVICIO DE EVALUACION DE LA CALIDAD Y CONTROL AMBIENTAL,,34,ETRA (Estacion de Transferencia),1,AUTOMATICA,NO,16/01/24 10:48,,22/12/23 12:57,2,ETRA,1,DESCARGA
4014232,22/12/23 00:00,22/12/23 12:51,STP,100,CONSTRUCCION,101,ESCOMBRO SUCIO,1860,11960,10100,5,2,CAJA ABIERTA 6 M3,,,,,SERVICIO DE EVALUACION DE LA CALIDAD Y CONTROL AMBIENTAL,,,,,,50041,62828,1,SERVICIO DE EVALUACION DE LA CALIDAD Y CONTROL AMBIENTAL,,34,ETRA (Estacion de Transferencia),1,AUTOMATICA,NO,16/01/24 10:48,,22/12/23 12:58,2,ETRA,1,DESCARGA
4014800,23/12/23 00:00,23/12/23 06:48,SIM,1,TIPO DOMICILIARIO,1,ASIMILABLE A DOMICILIARIO,4530,14890,10360,5,10,COMPACTADOR CONVENCIONAL,,,,,SIN PERMISO,,,,,,,,,,,34,ETRA (Estacion de Transferencia),1,AUTOMATICA,NO,16/01/24 10:49,,23/12/23 07:07,2,ETRA,1,DESCARGA
4014817,23/12/23 00:00,23/12/23 07:09,SIM,1,TIPO DOMICILIARIO,1,ASIMILABLE A DOMICILIARIO,5150,15640,10490,5,10,COMPACTADOR CONVENCIONAL,,,,,SIN PERMISO,,,,,,,,,,,34,ETRA (Estacion de Transferencia),1,AUTOMATICA,NO,16/01/24 10:49,,23/12/23 07:19,2,ETRA,1,DESCARGA
4014843,23/12/23 00:00,23/12/23 07:43,SDB,1,TIPO DOMICILIARIO,2,BARRIDO,3480,12990,9510,5,11,COMPACTADOR LEVANTE TRAS.,,,,,SERVICIO DE EVALUACION DE LA CALIDAD Y CONTROL AMBIENTAL,,,,,,50041,62828,1,SERVICIO DE EVALUACION DE LA CALIDAD Y CONTROL AMBIENTAL,,34,ETRA (Estacion de Transferencia),1,AUTOMATICA,NO,16/01/24 10:49,,23/12/23 07:51,2,ETRA,1,DESCARGA
4014869,23/12/23 00:00,23/12/23 08:01,SIM,1,TIPO DOMICILIARIO,1,ASIMILABLE A DOMICILIARIO,7840,26810,18970,5,50,COMPACTADOR LAT.CAJA DESM,,,,,SIN PERMISO,,,,,,,,,,,34,ETRA (Estacion de Transferencia),1,AUTOMATICA,NO,16/01/24 10:49,23/12/23 00:00,23/12/23 08:11,2,ETRA,1,DESCARGA
4014883,23/12/23 00:00,23/12/23 08:14,SIM,1,TIPO DOMICILIARIO,1,ASIMILABLE A DOMICILIARIO,7860,26760,18900,5,50,COMPACTADOR LAT.CAJA DESM,,,,,SIN PERMISO,,,,,,,,,,,34,ETRA (Estacion de Transferencia),1,AUTOMATICA,NO,16/01/24 10:49,23/12/23 00:00,23/12/23 08:23,2,ETRA,1,DESCARGA
4014884,23/12/23 00:00,23/12/23 08:18,SIM,1,TIPO DOMICILIARIO,1,ASIMILABLE A DOMICILIARIO,10850,27860,17010,5,1,COMPACTADOR LEVANTE LAT.,,,,,SIN PERMISO,,,,,,,,,,,34,ETRA (Estacion de Transferencia),1,AUTOMATICA,NO,16/01/24 10:49,23/12/23 00:00,23/12/23 08:25,2,ETRA,1,DESCARGA
4014893,23/12/23 00:00,23/12/23 08:22,SIM,1,TIPO DOMICILIARIO,1,ASIMILABLE A DOMICILIARIO,9640,28980,19340,5,50,COMPACTADOR LAT.CAJA DESM,,,,,SIN PERMISO,,,,,,,,,,,34,ETRA (Estacion de Transferencia),1,AUTOMATICA,NO,16/01/24 10:49,23/12/23 00:00,23/12/23 08:37,2,ETRA,1,DESCARGA
4014908,23/12/23 00:00,23/12/23 08:40,SIM,1,TIPO DOMICILIARIO,1,ASIMILABLE A DOMICILIARIO,11420,29200,17780,5,1,COMPACTADOR LEVANTE LAT.,,,,,SIN PERMISO,,,,,,,,,,,34,ETRA (Estacion de Transferencia),1,AUTOMATICA,NO,16/01/24 10:49,23/12/23 00:00,23/12/23 08:47,2,ETRA,1,DESCARGA
4014915,23/12/23 00:00,23/12/23 08:43,SIM,1,TIPO DOMICILIARIO,1,ASIMILABLE A DOMICILIARIO,14050,31700,17650,5,1,COMPACTADOR LEVANTE LAT.,,,,,SIN PERMISO,,,,,,,,,,,34,ETRA (Estacion de Transferencia),1,AUTOMATICA,NO,16/01/24 10:49,22/12/23 00:00,23/12/23 08:50,2,ETRA,1,DESCARGA
4014921,23/12/23 00:00,23/12/23 08:46,SIM,1,TIPO DOMICILIARIO,1,ASIMILABLE A DOMICILIARIO,11510,28300,16790,5,1,COMPACTADOR LEVANTE LAT.,,,,,SIN PERMISO,,,,,,,,,,,34,ETRA (Estacion de Transferencia),1,AUTOMATICA,NO,16/01/24 10:49,23/12/23 00:00,23/12/23 08:53,2,ETRA,1,DESCARGA
4014935,23/12/23 00:00,23/12/23 08:54,SIM,1,TIPO DOMICILIARIO,1,ASIMILABLE A DOMICILIARIO,9170,26930,17760,5,1,COMPACTADOR LEVANTE LAT.,,,,,SIN PERMISO,,,,,,,,,,,34,ETRA (Estacion de Transferencia),1,AUTOMATICA,NO,16/01/24 10:49,22/12/23 00:00,23/12/23 09:01,2,ETRA,1,DESCARGA
4014951,23/12/23 00:00,23/12/23 08:55,SIM,1,TIPO DOMICILIARIO,1,ASIMILABLE A DOMICILIARIO,9280,28050,18770,5,50,COMPACTADOR LAT.CAJA DESM,,,,,SIN PERMISO,,,,,,,,,,,34,ETRA (Estacion de Transferencia),1,AUTOMATICA,NO,16/01/24 10:49,22/12/23 00:00,23/12/23 09:08,2,ETRA,1,DESCARGA
4014960,23/12/23 00:00,23/12/23 08:57,SIM,1,TIPO DOMICILIARIO,1,ASIMILABLE A DOMICILIARIO,7940,26660,18720,5,50,COMPACTADOR LAT.CAJA DESM,,,,,SIN PERMISO,,,,,,,,,,,34,ETRA (Estacion de Transferencia),1,AUTOMATICA,NO,16/01/24 10:49,23/12/23 00:00,23/12/23 09:12,2,ETRA,1,DESCARGA
4014969,23/12/23 00:00,23/12/23 09:16,SDC,1,TIPO DOMICILIARIO,3,LIMPIEZA DE DEPOSITOS,690,4220,3530,5,3,CAJA CERRADA,,,,,SERVICIO DE EVALUACION DE LA CALIDAD Y CONTROL AMBIENTAL,,,,,,50011,62873,1,SERVICIO DE EVALUACION DE LA CALIDAD Y CONTROL AMBIENTAL,,34,ETRA (Estacion de Transferencia),1,AUTOMATICA,NO,16/01/24 10:49,,23/12/23 09:23,2,ETRA,1,DESCARGA
4014970,23/12/23 00:00,23/12/23 09:14,SIM,1,TIPO DOMICILIARIO,1,ASIMILABLE A DOMICILIARIO,7470,26460,18990,5,50,COMPACTADOR LAT.CAJA DESM,,,,,SIN PERMISO,,,,,,,,,,,34,ETRA (Estacion de Transferencia),1,AUTOMATICA,NO,16/01/24 10:49,23/12/23 00:00,23/12/23 09:24,2,ETRA,1,DESCARGA
4014986,23/12/23 00:00,23/12/23 09:30,SIM,1,TIPO DOMICILIARIO,1,ASIMILABLE A DOMICILIARIO,2270,12490,10220,5,16,GRÚA,,,,,SIN PERMISO,,,,,,,,,,,34,ETRA (Estacion de Transferencia),1,AUTOMATICA,NO,16/01/24 10:49,22/12/23 00:00,23/12/23 09:36,2,ETRA,1,DESCARGA
4015049,23/12/23 00:00,23/12/23 10:06,SIM,1,TIPO DOMICILIARIO,1,ASIMILABLE A DOMICILIARIO,11320,28320,17000,5,1,COMPACTADOR LEVANTE LAT.,,,,,SIN PERMISO,,,,,,,,,,,34,ETRA (Estacion de Transferencia),1,AUTOMATICA,NO,16/01/24 10:49,23/12/23 00:00,23/12/23 10:13,2,ETRA,1,DESCARGA
4015059,23/12/23 00:00,23/12/23 10:10,SIM,1,TIPO DOMICILIARIO,1,ASIMILABLE A DOMICILIARIO,8150,27010,18860,5,50,COMPACTADOR LAT.CAJA DESM,,,,,SIN PERMISO,,,,,,,,,,,34,ETRA (Estacion de Transferencia),1,AUTOMATICA,NO,16/01/24 10:49,23/12/23 00:00,23/12/23 10:19,2,ETRA,1,DESCARGA
4015063,23/12/23 00:00,23/12/23 10:09,STP,100,CONSTRUCCION,104,TIERRA SUCIA,2310,12560,10250,5,2,CAJA ABIERTA 6 M3,,,,,SERVICIO DE EVALUACION DE LA CALIDAD Y CONTROL AMBIENTAL,,,,,,50041,62828,1,SERVICIO DE EVALUACION DE LA CALIDAD Y CONTROL AMBIENTAL,,34,ETRA (Estacion de Transferencia),1,AUTOMATICA,NO,16/01/24 10:49,,23/12/23 10:22,2,ETRA,1,DESCARGA
4015067,23/12/23 00:00,23/12/23 10:18,SCX,1,TIPO DOMICILIARIO,3,LIMPIEZA DE DEPOSITOS,740,4040,3300,5,3,CAJA CERRADA,,,,,SERVICIO DE EVALUACION DE LA CALIDAD Y CONTROL AMBIENTAL,,,,,,50011,62873,1,SERVICIO DE EVALUACION DE LA CALIDAD Y CONTROL AMBIENTAL,,34,ETRA (Estacion de Transferencia),1,AUTOMATICA,NO,16/01/24 10:49,,23/12/23 10:25,2,ETRA,1,DESCARGA
4015083,23/12/23 00:00,23/12/23 10:30,SDA,1,TIPO DOMICILIARIO,3,LIMPIEZA DE DEPOSITOS,850,4360,3510,5,3,CAJA CERRADA,,,,,SERVICIO DE EVALUACION DE LA CALIDAD Y CONTROL AMBIENTAL,,,,,,50011,62873,1,SERVICIO DE EVALUACION DE LA CALIDAD Y CONTROL AMBIENTAL,,34,ETRA (Estacion de Transferencia),1,AUTOMATICA,NO,16/01/24 10:49,,23/12/23 10:36,2,ETRA,1,DESCARGA
4015087,23/12/23 00:00,23/12/23 10:31,SDA,1,TIPO DOMICILIARIO,3,LIMPIEZA DE DEPOSITOS,780,4330,3550,5,3,CAJA CERRADA,,,,,SERVICIO DE EVALUACION DE LA CALIDAD Y CONTROL AMBIENTAL,,,,,,50011,62873,1,SERVICIO DE EVALUACION DE LA CALIDAD Y CONTROL AMBIENTAL,,34,ETRA (Estacion de Transferencia),1,AUTOMATICA,NO,16/01/24 10:49,,23/12/23 10:38,2,ETRA,1,DESCARGA
4015094,23/12/23 00:00,23/12/23 10:34,SIM,1,TIPO DOMICILIARIO,1,ASIMILABLE A DOMICILIARIO,10620,28290,17670,5,1,COMPACTADOR LEVANTE LAT.,,,,,SIN PERMISO,,,,,,,,,,,34,ETRA (Estacion de Transferencia),1,AUTOMATICA,NO,16/01/24 10:49,22/12/23 00:00,23/12/23 10:43,2,ETRA,1,DESCARGA
4015097,23/12/23 00:00,23/12/23 10:32,SIM,1,TIPO DOMICILIARIO,1,ASIMILABLE A DOMICILIARIO,15440,32690,17250,5,1,COMPACTADOR LEVANTE LAT.,,,,,SIN PERMISO,,,,,,,,,,,34,ETRA (Estacion de Transferencia),1,AUTOMATICA,NO,16/01/24 10:49,23/12/23 00:00,23/12/23 10:44,2,ETRA,1,DESCARGA
4015128,23/12/23 00:00,23/12/23 10:54,SIM,1,TIPO DOMICILIARIO,1,ASIMILABLE A DOMICILIARIO,8410,27150,18740,5,50,COMPACTADOR LAT.CAJA DESM,,,,,SIN PERMISO,,,,,,,,,,,34,ETRA (Estacion de Transferencia),1,AUTOMATICA,NO,16/01/24 10:49,22/12/23 00:00,23/12/23 11:07,2,ETRA,1,DESCARGA
4015131,23/12/23 00:00,23/12/23 10:59,SIM,1,TIPO DOMICILIARIO,1,ASIMILABLE A DOMICILIARIO,13190,30000,16810,5,1,COMPACTADOR LEVANTE LAT.,,,,,SIN PERMISO,,,,,,,,,,,34,ETRA (Estacion de Transferencia),1,AUTOMATICA,NO,16/01/24 10:49,23/12/23 00:00,23/12/23 11:08,2,ETRA,1,DESCARGA
4015133,23/12/23 00:00,23/12/23 10:57,SIM,1,TIPO DOMICILIARIO,1,ASIMILABLE A DOMICILIARIO,9180,26330,17150,5,1,COMPACTADOR LEVANTE LAT.,,,,,SIN PERMISO,,,,,,,,,,,34,ETRA (Estacion de Transferencia),1,AUTOMATICA,NO,16/01/24 10:49,23/12/23 00:00,23/12/23 11:10,2,ETRA,1,DESCARGA
4015135,23/12/23 00:00,23/12/23 10:58,SIM,1,TIPO DOMICILIARIO,1,ASIMILABLE A DOMICILIARIO,4920,15260,10340,5,11,COMPACTADOR LEVANTE TRAS.,,,,,SIN PERMISO,,,,,,,,,,,34,ETRA (Estacion de Transferencia),1,AUTOMATICA,NO,16/01/24 10:49,,23/12/23 11:12,2,ETRA,1,DESCARGA
4015148,23/12/23 00:00,23/12/23 11:14,STP,1,TIPO DOMICILIARIO,2,BARRIDO,1120,8470,7350,5,2,CAJA ABIERTA 6 M3,,,,,SERVICIO DE EVALUACION DE LA CALIDAD Y CONTROL AMBIENTAL,,,,,,50041,62828,1,SERVICIO DE EVALUACION DE LA CALIDAD Y CONTROL AMBIENTAL,,34,ETRA (Estacion de Transferencia),1,AUTOMATICA,NO,16/01/24 10:49,,23/12/23 11:21,2,ETRA,1,DESCARGA
4015153,23/12/23 00:00,23/12/23 11:15,SIM,1,TIPO DOMICILIARIO,1,ASIMILABLE A DOMICILIARIO,4340,14470,10130,5,10,COMPACTADOR CONVENCIONAL,,,,,SIN PERMISO,,,,,,,,,,,34,ETRA (Estacion de Transferencia),1,AUTOMATICA,NO,16/01/24 10:49,23/12/23 00:00,23/12/23 11:23,2,ETRA,1,DESCARGA
4015160,23/12/23 00:00,23/12/23 11:13,SDC,1,TIPO DOMICILIARIO,3,LIMPIEZA DE DEPOSITOS,1080,4560,3480,5,3,CAJA CERRADA,,,,,SERVICIO DE EVALUACION DE LA CALIDAD Y CONTROL AMBIENTAL,,,,,,50011,62873,1,SERVICIO DE EVALUACION DE LA CALIDAD Y CONTROL AMBIENTAL,,34,ETRA (Estacion de Transferencia),1,AUTOMATICA,NO,16/01/24 10:49,,23/12/23 11:27,2,ETRA,1,DESCARGA
4015166,23/12/23 00:00,23/12/23 11:23,SIM,1,TIPO DOMICILIARIO,1,ASIMILABLE A DOMICILIARIO,9050,27950,18900,5,50,COMPACTADOR LAT.CAJA DESM,,,,,SIN PERMISO,,,,,,,,,,,34,ETRA (Estacion de Transferencia),1,AUTOMATICA,NO,16/01/24 10:49,23/12/23 00:00,23/12/23 11:32,2,ETRA,1,DESCARGA
4015176,23/12/23 00:00,23/12/23 11:31,SIM,1,TIPO DOMICILIARIO,1,ASIMILABLE A DOMICILIARIO,4140,21030,16890,5,1,COMPACTADOR LEVANTE LAT.,,,,,SIN PERMISO,,,,,,,,,,,34,ETRA (Estacion de Transferencia),1,AUTOMATICA,NO,16/01/24 10:49,23/12/23 00:00,23/12/23 11:37,2,ETRA,1,DESCARGA
4015178,23/12/23 00:00,23/12/23 11:34,STP,1,TIPO DOMICILIARIO,3,LIMPIEZA DE DEPOSITOS,3680,10290,6610,5,2,CAJA ABIERTA 6 M3,,,,,SERVICIO DE EVALUACION DE LA CALIDAD Y CONTROL AMBIENTAL,,,,,,50041,62828,1,SERVICIO DE EVALUACION DE LA CALIDAD Y CONTROL AMBIENTAL,,34,ETRA (Estacion de Transferencia),1,AUTOMATICA,NO,16/01/24 10:49,,23/12/23 11:42,2,ETRA,1,DESCARGA
4015180,23/12/23 00:00,23/12/23 11:36,SIM,1,TIPO DOMICILIARIO,1,ASIMILABLE A DOMICILIARIO,6750,23990,17240,5,1,COMPACTADOR LEVANTE LAT.,,,,,SIN PERMISO,,,,,,,,,,,34,ETRA (Estacion de Transferencia),1,AUTOMATICA,NO,16/01/24 10:49,23/12/23 00:00,23/12/23 11:43,2,ETRA,1,DESCARGA
4015182,23/12/23 00:00,23/12/23 11:38,SIM,1,TIPO DOMICILIARIO,1,ASIMILABLE A DOMICILIARIO,1110,11690,10580,5,10,COMPACTADOR CONVENCIONAL,,,,,SIN PERMISO,,,,,,,,,,,34,ETRA (Estacion de Transferencia),1,AUTOMATICA,NO,16/01/24 10:49,,23/12/23 11:44,2,ETRA,1,DESCARGA
4015183,23/12/23 00:00,23/12/23 11:39,STP,100,CONSTRUCCION,101,ESCOMBRO SUCIO,1510,11330,9820,5,12,CAJA ABIERTA 10 M3,,,,,SERVICIO DE EVALUACION DE LA CALIDAD Y CONTROL AMBIENTAL,,,,,,50041,62828,1,SERVICIO DE EVALUACION DE LA CALIDAD Y CONTROL AMBIENTAL,,34,ETRA (Estacion de Transferencia),1,AUTOMATICA,NO,16/01/24 10:49,,23/12/23 11:46,2,ETRA,1,DESCARGA
4015186,23/12/23 00:00,23/12/23 11:35,SIM,1,TIPO DOMICILIARIO,1,ASIMILABLE A DOMICILIARIO,8190,26820,18630,5,50,COMPACTADOR LAT.CAJA DESM,,,,,SIN PERMISO,,,,,,,,,,,34,ETRA (Estacion de Transferencia),1,AUTOMATICA,NO,16/01/24 10:49,23/12/23 00:00,23/12/23 11:48,2,ETRA,1,DESCARGA
4015202,23/12/23 00:00,23/12/23 11:54,SDB,1,TIPO DOMICILIARIO,2,BARRIDO,1600,10880,9280,5,2,CAJA ABIERTA 6 M3,,,,,SERVICIO DE EVALUACION DE LA CALIDAD Y CONTROL AMBIENTAL,,,,,,50041,62828,1,SERVICIO DE EVALUACION DE LA CALIDAD Y CONTROL AMBIENTAL,,34,ETRA (Estacion de Transferencia),1,AUTOMATICA,NO,16/01/24 10:49,,23/12/23 12:02,2,ETRA,1,DESCARGA
4015210,23/12/23 00:00,23/12/23 11:58,STP,1,TIPO DOMICILIARIO,3,LIMPIEZA DE DEPOSITOS,4110,11230,7120,5,21,RETROEXCAVADORA,,,,,SERVICIO DE EVALUACION DE LA CALIDAD Y CONTROL AMBIENTAL,,,,,,50041,62828,1,SERVICIO DE EVALUACION DE LA CALIDAD Y CONTROL AMBIENTAL,,34,ETRA (Estacion de Transferencia),1,AUTOMATICA,NO,16/01/24 10:49,,23/12/23 12:06,2,ETRA,1,DESCARGA
4015217,23/12/23 00:00,23/12/23 12:03,STP,1,TIPO DOMICILIARIO,3,LIMPIEZA DE DEPOSITOS,1850,8470,6620,5,2,CAJA ABIERTA 6 M3,,,,,SERVICIO DE EVALUACION DE LA CALIDAD Y CONTROL AMBIENTAL,,,,,,50041,62828,1,SERVICIO DE EVALUACION DE LA CALIDAD Y CONTROL AMBIENTAL,,34,ETRA (Estacion de Transferencia),1,AUTOMATICA,NO,16/01/24 10:49,,23/12/23 12:09,2,ETRA,1,DESCARGA
4015223,23/12/23 00:00,23/12/23 12:02,STP,100,CONSTRUCCION,104,TIERRA SUCIA,2520,12760,10240,5,2,CAJA ABIERTA 6 M3,,,,,SERVICIO DE EVALUACION DE LA CALIDAD Y CONTROL AMBIENTAL,,,,,,50041,62828,1,SERVICIO DE EVALUACION DE LA CALIDAD Y CONTROL AMBIENTAL,,34,ETRA (Estacion de Transferencia),1,AUTOMATICA,NO,16/01/24 10:49,,23/12/23 12:13,2,ETRA,1,DESCARGA
4015240,23/12/23 00:00,23/12/23 12:17,SIM,1,TIPO DOMICILIARIO,1,ASIMILABLE A DOMICILIARIO,6440,16530,10090,5,10,COMPACTADOR CONVENCIONAL,,,,,SIN PERMISO,,,,,,,,,,,34,ETRA (Estacion de Transferencia),1,AUTOMATICA,NO,16/01/24 10:49,,23/12/23 12:25,2,ETRA,1,DESCARGA
4015242,23/12/23 00:00,23/12/23 12:16,STP,1,TIPO DOMICILIARIO,3,LIMPIEZA DE DEPOSITOS,2410,9050,6640,5,2,CAJA ABIERTA 6 M3,,,,,SERVICIO DE EVALUACION DE LA CALIDAD Y CONTROL AMBIENTAL,,,,,,50041,62828,1,SERVICIO DE EVALUACION DE LA CALIDAD Y CONTROL AMBIENTAL,,34,ETRA (Estacion de Transferencia),1,AUTOMATICA,NO,16/01/24 10:49,,23/12/23 12:26,2,ETRA,1,DESCARGA
4015255,23/12/23 00:00,23/12/23 12:29,SDB,1,TIPO DOMICILIARIO,1,ASIMILABLE A DOMICILIARIO,4230,13590,9360,5,42,COMPACTADOR TRASERO,,,,,SERVICIO DE EVALUACION DE LA CALIDAD Y CONTROL AMBIENTAL,,,,,,50041,62828,1,SERVICIO DE EVALUACION DE LA CALIDAD Y CONTROL AMBIENTAL,,34,ETRA (Estacion de Transferencia),1,AUTOMATICA,NO,16/01/24 10:49,,23/12/23 12:33,2,ETRA,1,DESCARGA
4015258,23/12/23 00:00,23/12/23 12:30,SDB,1,TIPO DOMICILIARIO,1,ASIMILABLE A DOMICILIARIO,3540,12810,9270,5,11,COMPACTADOR LEVANTE TRAS.,,,,,SERVICIO DE EVALUACION DE LA CALIDAD Y CONTROL AMBIENTAL,,,,,,50041,62828,1,SERVICIO DE EVALUACION DE LA CALIDAD Y CONTROL AMBIENTAL,,34,ETRA (Estacion de Transferencia),1,AUTOMATICA,NO,16/01/24 10:49,,23/12/23 12:35,2,ETRA,1,DESCARGA
4015260,23/12/23 00:00,23/12/23 12:27,STP,1,TIPO DOMICILIARIO,3,LIMPIEZA DE DEPOSITOS,1910,8470,6560,5,2,CAJA ABIERTA 6 M3,,,,,SERVICIO DE EVALUACION DE LA CALIDAD Y CONTROL AMBIENTAL,,,,,,50041,62828,1,SERVICIO DE EVALUACION DE LA CALIDAD Y CONTROL AMBIENTAL,,34,ETRA (Estacion de Transferencia),1,AUTOMATICA,NO,16/01/24 10:49,,23/12/23 12:36,2,ETRA,1,DESCARGA
4015265,23/12/23 00:00,23/12/23 12:32,STP,1,TIPO DOMICILIARIO,1,ASIMILABLE A DOMICILIARIO,2350,9760,7410,5,2,CAJA ABIERTA 6 M3,,,,,SERVICIO DE EVALUACION DE LA CALIDAD Y CONTROL AMBIENTAL,,,,,,50041,62828,1,SERVICIO DE EVALUACION DE LA CALIDAD Y CONTROL AMBIENTAL,,34,ETRA (Estacion de Transferencia),1,AUTOMATICA,NO,16/01/24 10:49,,23/12/23 12:38,2,ETRA,1,DESCARGA
4015283,23/12/23 00:00,23/12/23 12:44,SDB,1,TIPO DOMICILIARIO,2,BARRIDO,2860,12380,9520,5,11,COMPACTADOR LEVANTE TRAS.,,,,,SERVICIO DE EVALUACION DE LA CALIDAD Y CONTROL AMBIENTAL,,,,,,50041,62828,1,SERVICIO DE EVALUACION DE LA CALIDAD Y CONTROL AMBIENTAL,,34,ETRA (Estacion de Transferencia),1,AUTOMATICA,NO,16/01/24 10:49,,23/12/23 12:52,2,ETRA,1,DESCARGA
4015286,23/12/23 00:00,23/12/23 12:47,SDB,1,TIPO DOMICILIARIO,1,ASIMILABLE A DOMICILIARIO,4220,13550,9330,5,11,COMPACTADOR LEVANTE TRAS.,,,,,SERVICIO DE EVALUACION DE LA CALIDAD Y CONTROL AMBIENTAL,,,,,,50041,62828,1,SERVICIO DE EVALUACION DE LA CALIDAD Y CONTROL AMBIENTAL,,34,ETRA (Estacion de Transferencia),1,AUTOMATICA,NO,16/01/24 10:49,,23/12/23 12:57,2,ETRA,1,DESCARGA
4015309,23/12/23 00:00,23/12/23 12:52,SDB,1,TIPO DOMICILIARIO,1,ASIMILABLE A DOMICILIARIO,3480,12770,9290,5,11,COMPACTADOR LEVANTE TRAS.,,,,,SERVICIO DE EVALUACION DE LA CALIDAD Y CONTROL AMBIENTAL,,,,,,50041,62828,1,SERVICIO DE EVALUACION DE LA CALIDAD Y CONTROL AMBIENTAL,,34,ETRA (Estacion de Transferencia),1,AUTOMATICA,NO,16/01/24 10:49,,23/12/23 13:21,2,ETRA,1,DESCARGA
4015310,23/12/23 00:00,23/12/23 12:48,SDB,1,TIPO DOMICILIARIO,1,ASIMILABLE A DOMICILIARIO,4890,14270,9380,5,10,COMPACTADOR CONVENCIONAL,,,,,SERVICIO DE EVALUACION DE LA CALIDAD Y CONTROL AMBIENTAL,,,,,,50041,62828,1,SERVICIO DE EVALUACION DE LA CALIDAD Y CONTROL AMBIENTAL,,34,ETRA (Estacion de Transferencia),1,AUTOMATICA,NO,16/01/24 10:49,,23/12/23 13:22,2,ETRA,1,DESCARGA
4015321,23/12/23 00:00,23/12/23 13:29,STP,500,BARROS Y LODOS,501,BARROS,780,10880,10100,5,44,CAJA ABIERTA CON VOLCADOR,,,,,SERVICIO DE EVALUACION DE LA CALIDAD Y CONTROL AMBIENTAL,,,,,,50041,62828,1,SERVICIO DE EVALUACION DE LA CALIDAD Y CONTROL AMBIENTAL,,34,ETRA (Estacion de Transferencia),1,AUTOMATICA,NO,16/01/24 10:49,,23/12/23 13:34,2,ETRA,1,DESCARGA
4015328,23/12/23 00:00,23/12/23 13:37,STP,1,TIPO DOMICILIARIO,3,LIMPIEZA DE DEPOSITOS,2550,9080,6530,5,2,CAJA ABIERTA 6 M3,,,,,SERVICIO DE EVALUACION DE LA CALIDAD Y CONTROL AMBIENTAL,,,,,,49439,62142,1,SERVICIO DE EVALUACION DE LA CALIDAD Y CONTROL AMBIENTAL,,34,ETRA (Estacion de Transferencia),1,AUTOMATICA,NO,16/01/24 10:49,,23/12/23 13:43,2,ETRA,1,DESCARGA
4015341,23/12/23 00:00,23/12/23 13:53,STP,1,TIPO DOMICILIARIO,3,LIMPIEZA DE DEPOSITOS,1130,7730,6600,5,2,CAJA ABIERTA 6 M3,,,,,SERVICIO DE EVALUACION DE LA CALIDAD Y CONTROL AMBIENTAL,,,,,,49439,62142,1,SERVICIO DE EVALUACION DE LA CALIDAD Y CONTROL AMBIENTAL,,34,ETRA (Estacion de Transferencia),1,AUTOMATICA,NO,16/01/24 10:49,,23/12/23 13:59,2,ETRA,1,DESCARGA
4015364,23/12/23 00:00,23/12/23 14:07,STP,1,TIPO DOMICILIARIO,1,ASIMILABLE A DOMICILIARIO,2230,9640,7410,5,2,CAJA ABIERTA 6 M3,,,,,SERVICIO DE EVALUACION DE LA CALIDAD Y CONTROL AMBIENTAL,,,,,,49439,62142,1,SERVICIO DE EVALUACION DE LA CALIDAD Y CONTROL AMBIENTAL,,34,ETRA (Estacion de Transferencia),1,AUTOMATICA,NO,16/01/24 10:49,,23/12/23 14:21,2,ETRA,1,DESCARGA
4015366,23/12/23 00:00,23/12/23 14:12,STP,1,TIPO DOMICILIARIO,3,LIMPIEZA DE DEPOSITOS,910,8020,7110,5,21,RETROEXCAVADORA,,,,,SERVICIO DE EVALUACION DE LA CALIDAD Y CONTROL AMBIENTAL,,,,,,49439,62142,1,SERVICIO DE EVALUACION DE LA CALIDAD Y CONTROL AMBIENTAL,,34,ETRA (Estacion de Transferencia),1,AUTOMATICA,NO,16/01/24 10:49,,23/12/23 14:22,2,ETRA,1,DESCARGA
4015368,23/12/23 00:00,23/12/23 14:14,STP,1,TIPO DOMICILIARIO,3,LIMPIEZA DE DEPOSITOS,1650,8290,6640,5,2,CAJA ABIERTA 6 M3,,,,,SERVICIO DE EVALUACION DE LA CALIDAD Y CONTROL AMBIENTAL,,,,,,49439,62142,1,SERVICIO DE EVALUACION DE LA CALIDAD Y CONTROL AMBIENTAL,,34,ETRA (Estacion de Transferencia),1,AUTOMATICA,NO,16/01/24 10:49,,23/12/23 14:23,2,ETRA,1,DESCARGA
4015384,23/12/23 00:00,23/12/23 14:28,STP,1,TIPO DOMICILIARIO,3,LIMPIEZA DE DEPOSITOS,2550,9110,6560,5,2,CAJA ABIERTA 6 M3,,,,,SERVICIO DE EVALUACION DE LA CALIDAD Y CONTROL AMBIENTAL,,,,,,49439,62142,1,SERVICIO DE EVALUACION DE LA CALIDAD Y CONTROL AMBIENTAL,,34,ETRA (Estacion de Transferencia),1,AUTOMATICA,NO,16/01/24 10:49,,23/12/23 14:37,2,ETRA,1,DESCARGA
4015397,23/12/23 00:00,23/12/23 14:44,STP,100,CONSTRUCCION,104,TIERRA SUCIA,5060,15290,10230,5,2,CAJA ABIERTA 6 M3,,,,,SERVICIO DE EVALUACION DE LA CALIDAD Y CONTROL AMBIENTAL,,,,,,50041,62828,1,SERVICIO DE EVALUACION DE LA CALIDAD Y CONTROL AMBIENTAL,,34,ETRA (Estacion de Transferencia),1,AUTOMATICA,NO,16/01/24 10:49,,23/12/23 14:55,2,ETRA,1,DESCARGA
4015419,23/12/23 00:00,23/12/23 15:36,SIM,1,TIPO DOMICILIARIO,1,ASIMILABLE A DOMICILIARIO,2270,12490,10220,5,10,COMPACTADOR CONVENCIONAL,,,,,SIN PERMISO,,,,,,,,,,,34,ETRA (Estacion de Transferencia),1,AUTOMATICA,NO,16/01/24 10:49,,23/12/23 15:43,2,ETRA,1,DESCARGA
4015441,23/12/23 00:00,23/12/23 16:18,SIM,1,TIPO DOMICILIARIO,1,ASIMILABLE A DOMICILIARIO,10740,27580,16840,5,1,COMPACTADOR LEVANTE LAT.,,,,,SIN PERMISO,,,,,,,,,,,34,ETRA (Estacion de Transferencia),1,AUTOMATICA,NO,16/01/24 10:49,23/12/23 00:00,23/12/23 16:26,2,ETRA,1,DESCARGA
4015451,23/12/23 00:00,23/12/23 16:33,STP,100,CONSTRUCCION,101,ESCOMBRO SUCIO,990,10760,9770,5,12,CAJA ABIERTA 10 M3,,,,,SERVICIO DE EVALUACION DE LA CALIDAD Y CONTROL AMBIENTAL,,,,,,50041,62828,1,SERVICIO DE EVALUACION DE LA CALIDAD Y CONTROL AMBIENTAL,,34,ETRA (Estacion de Transferencia),1,AUTOMATICA,NO,16/01/24 10:49,,23/12/23 16:40,2,ETRA,1,DESCARGA
4015454,23/12/23 00:00,23/12/23 16:39,SIM,1,TIPO DOMICILIARIO,1,ASIMILABLE A DOMICILIARIO,4200,20980,16780,5,1,COMPACTADOR LEVANTE LAT.,,,,,SIN PERMISO,,,,,,,,,,,34,ETRA (Estacion de Transferencia),1,AUTOMATICA,NO,16/01/24 10:49,23/12/23 00:00,23/12/23 16:48,2,ETRA,1,DESCARGA
4015459,23/12/23 00:00,23/12/23 16:48,STP,500,BARROS Y LODOS,501,BARROS,3940,13990,10050,5,44,CAJA ABIERTA CON VOLCADOR,,,,,SERVICIO DE EVALUACION DE LA CALIDAD Y CONTROL AMBIENTAL,,,,,,50041,62828,1,SERVICIO DE EVALUACION DE LA CALIDAD Y CONTROL AMBIENTAL,,34,ETRA (Estacion de Transferencia),1,AUTOMATICA,NO,16/01/24 10:49,,23/12/23 16:57,2,ETRA,1,DESCARGA
4015460,23/12/23 00:00,23/12/23 16:49,SIM,1,TIPO DOMICILIARIO,1,ASIMILABLE A DOMICILIARIO,9470,26750,17280,5,1,COMPACTADOR LEVANTE LAT.,,,,,SIN PERMISO,,,,,,,,,,,34,ETRA (Estacion de Transferencia),1,AUTOMATICA,NO,16/01/24 10:49,23/12/23 00:00,23/12/23 16:58,2,ETRA,1,DESCARGA
4015463,23/12/23 00:00,23/12/23 16:58,SIM,1,TIPO DOMICILIARIO,1,ASIMILABLE A DOMICILIARIO,11670,28980,17310,5,1,COMPACTADOR LEVANTE LAT.,,,,,SIN PERMISO,,,,,,,,,,,34,ETRA (Estacion de Transferencia),1,AUTOMATICA,NO,16/01/24 10:49,23/12/23 00:00,23/12/23 17:07,2,ETRA,1,DESCARGA
4015470,23/12/23 00:00,23/12/23 17:08,STP,100,CONSTRUCCION,104,TIERRA SUCIA,2420,12620,10200,5,2,CAJA ABIERTA 6 M3,,,,,SERVICIO DE EVALUACION DE LA CALIDAD Y CONTROL AMBIENTAL,,,,,,50041,62828,1,SERVICIO DE EVALUACION DE LA CALIDAD Y CONTROL AMBIENTAL,,34,ETRA (Estacion de Transferencia),1,AUTOMATICA,NO,16/01/24 10:49,,23/12/23 17:17,2,ETRA,1,DESCARGA
4015481,23/12/23 00:00,23/12/23 17:32,SIM,1,TIPO DOMICILIARIO,1,ASIMILABLE A DOMICILIARIO,2640,12600,9960,5,11,COMPACTADOR LEVANTE TRAS.,,,,,SIN PERMISO,,,,,,,,,,,34,ETRA (Estacion de Transferencia),1,AUTOMATICA,NO,16/01/24 10:49,23/12/23 00:00,23/12/23 17:39,2,ETRA,1,DESCARGA
4015486,23/12/23 00:00,23/12/23 17:55,SIM,1,TIPO DOMICILIARIO,1,ASIMILABLE A DOMICILIARIO,8240,25190,16950,5,1,COMPACTADOR LEVANTE LAT.,,,,,SIN PERMISO,,,,,,,,,,,34,ETRA (Estacion de Transferencia),1,AUTOMATICA,NO,16/01/24 10:49,23/12/23 00:00,23/12/23 18:02,2,ETRA,1,DESCARGA
4015516,23/12/23 00:00,23/12/23 18:52,SIM,1,TIPO DOMICILIARIO,1,ASIMILABLE A DOMICILIARIO,8730,25490,16760,5,1,COMPACTADOR LEVANTE LAT.,,,,,SIN PERMISO,,,,,,,,,,,34,ETRA (Estacion de Transferencia),1,AUTOMATICA,NO,16/01/24 10:49,23/12/23 00:00,23/12/23 18:58,2,ETRA,1,DESCARGA
4015519,23/12/23 00:00,23/12/23 19:00,SIM,1,TIPO DOMICILIARIO,1,ASIMILABLE A DOMICILIARIO,9880,27270,17390,5,1,COMPACTADOR LEVANTE LAT.,,,,,SIN PERMISO,,,,,,,,,,,34,ETRA (Estacion de Transferencia),1,AUTOMATICA,NO,16/01/24 10:49,23/12/23 00:00,23/12/23 19:06,2,ETRA,1,DESCARGA
4015520,23/12/23 00:00,23/12/23 19:01,SIM,1,TIPO DOMICILIARIO,1,ASIMILABLE A DOMICILIARIO,12950,29830,16880,5,1,COMPACTADOR LEVANTE LAT.,,,,,SIN PERMISO,,,,,,,,,,,34,ETRA (Estacion de Transferencia),1,AUTOMATICA,NO,16/01/24 10:49,23/12/23 00:00,23/12/23 19:09,2,ETRA,1,DESCARGA
4015524,23/12/23 00:00,23/12/23 19:08,SIM,1,TIPO DOMICILIARIO,1,ASIMILABLE A DOMICILIARIO,9820,27130,17310,5,1,COMPACTADOR LEVANTE LAT.,,,,,SIN PERMISO,,,,,,,,,,,34,ETRA (Estacion de Transferencia),1,AUTOMATICA,NO,16/01/24 10:49,23/12/23 00:00,23/12/23 19:14,2,ETRA,1,DESCARGA
4015534,23/12/23 00:00,23/12/23 19:25,SIM,1,TIPO DOMICILIARIO,1,ASIMILABLE A DOMICILIARIO,12890,29810,16920,5,1,COMPACTADOR LEVANTE LAT.,,,,,SIN PERMISO,,,,,,,,,,,34,ETRA (Estacion de Transferencia),1,AUTOMATICA,NO,16/01/24 10:49,22/12/23 00:00,23/12/23 19:32,2,ETRA,1,DESCARGA
4015539,23/12/23 00:00,23/12/23 19:41,SIM,1,TIPO DOMICILIARIO,1,ASIMILABLE A DOMICILIARIO,760,11240,10480,5,10,COMPACTADOR CONVENCIONAL,,,,,SIN PERMISO,,,,,,,,,,,34,ETRA (Estacion de Transferencia),1,AUTOMATICA,NO,16/01/24 10:49,,23/12/23 19:47,2,ETRA,1,DESCARGA
4015541,23/12/23 00:00,23/12/23 23:57,SIM,1,TIPO DOMICILIARIO,1,ASIMILABLE A DOMICILIARIO,12250,29490,17240,5,1,COMPACTADOR LEVANTE LAT.,,,,,SIN PERMISO,,,,,,,,,,,34,ETRA (Estacion de Transferencia),1,AUTOMATICA,NO,16/01/24 10:49,23/12/23 00:00,24/12/23 00:04,2,ETRA,1,DESCARGA
4015544,24/12/23 00:00,24/12/23 00:34,SIM,1,TIPO DOMICILIARIO,1,ASIMILABLE A DOMICILIARIO,9460,26480,17020,5,1,COMPACTADOR LEVANTE LAT.,,,,,SIN PERMISO,,,,,,,,,,,34,ETRA (Estacion de Transferencia),1,AUTOMATICA,NO,16/01/24 10:49,23/12/23 00:00,24/12/23 00:42,2,ETRA,1,DESCARGA
4015545,24/12/23 00:00,24/12/23 00:43,SIM,1,TIPO DOMICILIARIO,1,ASIMILABLE A DOMICILIARIO,9090,25920,16830,5,1,COMPACTADOR LEVANTE LAT.,,,,,SIN PERMISO,,,,,,,,,,,34,ETRA (Estacion de Transferencia),1,AUTOMATICA,NO,16/01/24 10:49,24/12/23 00:00,24/12/23 00:52,2,ETRA,1,DESCARGA
4015553,24/12/23 00:00,24/12/23 02:23,SIM,1,TIPO DOMICILIARIO,1,ASIMILABLE A DOMICILIARIO,11550,28790,17240,5,1,COMPACTADOR LEVANTE LAT.,,,,,SIN PERMISO,,,,,,,,,,,34,ETRA (Estacion de Transferencia),1,AUTOMATICA,NO,16/01/24 10:49,23/12/23 00:00,24/12/23 02:31,2,ETRA,1,DESCARGA
4015554,24/12/23 00:00,24/12/23 02:35,SIM,1,TIPO DOMICILIARIO,1,ASIMILABLE A DOMICILIARIO,10290,27300,17010,5,1,COMPACTADOR LEVANTE LAT.,,,,,SIN PERMISO,,,,,,,,,,,34,ETRA (Estacion de Transferencia),1,AUTOMATICA,NO,16/01/24 10:49,23/12/23 00:00,24/12/23 02:41,2,ETRA,1,DESCARGA
4015555,24/12/23 00:00,24/12/23 02:51,SIM,1,TIPO DOMICILIARIO,1,ASIMILABLE A DOMICILIARIO,11030,29910,18880,5,50,COMPACTADOR LAT.CAJA DESM,,,,,SIN PERMISO,,,,,,,,,,,34,ETRA (Estacion de Transferencia),1,AUTOMATICA,NO,16/01/24 10:49,23/12/23 00:00,24/12/23 03:01,2,ETRA,1,DESCARGA
4015566,24/12/23 00:00,24/12/23 03:57,SIM,1,TIPO DOMICILIARIO,1,ASIMILABLE A DOMICILIARIO,4810,22060,17250,5,1,COMPACTADOR LEVANTE LAT.,,,,,SIN PERMISO,,,,,,,,,,,34,ETRA (Estacion de Transferencia),1,AUTOMATICA,NO,16/01/24 10:49,23/12/23 00:00,24/12/23 04:04,2,ETRA,1,DESCARGA
4015599,24/12/23 00:00,24/12/23 08:35,SIM,1,TIPO DOMICILIARIO,1,ASIMILABLE A DOMICILIARIO,13160,29540,16380,5,1,COMPACTADOR LEVANTE LAT.,,,,,SIN PERMISO,,,,,,,,,,,34,ETRA (Estacion de Transferencia),1,AUTOMATICA,NO,16/01/24 10:49,23/12/23 00:00,24/12/23 08:42,2,ETRA,1,DESCARGA
4015603,24/12/23 00:00,24/12/23 08:38,SIM,2,TIPO NO DOMICILIARIO,22,NO DOMICILIARIO - FRACCIÓN HÚMEDA,5300,15680,10380,5,11,COMPACTADOR LEVANTE TRAS.,,,,,SIN PERMISO,,,,,,,,,,,34,ETRA (Estacion de Transferencia),1,AUTOMATICA,NO,16/01/24 10:49,23/12/23 00:00,24/12/23 08:47,2,ETRA,1,DESCARGA
4015611,24/12/23 00:00,24/12/23 09:15,SIM,1,TIPO DOMICILIARIO,1,ASIMILABLE A DOMICILIARIO,12920,29970,17050,5,1,COMPACTADOR LEVANTE LAT.,,,,,SIN PERMISO,,,,,,,,,,,34,ETRA (Estacion de Transferencia),1,AUTOMATICA,NO,16/01/24 10:49,23/12/23 00:00,24/12/23 09:25,2,ETRA,1,DESCARGA
4015612,24/12/23 00:00,24/12/23 09:17,SDC,1,TIPO DOMICILIARIO,3,LIMPIEZA DE DEPOSITOS,820,4340,3520,5,3,CAJA CERRADA,,,,,SERVICIO DE EVALUACION DE LA CALIDAD Y CONTROL AMBIENTAL,,,,,,50011,62873,1,SERVICIO DE EVALUACION DE LA CALIDAD Y CONTROL AMBIENTAL,,34,ETRA (Estacion de Transferencia),1,AUTOMATICA,NO,16/01/24 10:49,,24/12/23 09:28,2,ETRA,1,DESCARGA
4015613,24/12/23 00:00,24/12/23 09:23,SCX,1,TIPO DOMICILIARIO,3,LIMPIEZA DE DEPOSITOS,770,3840,3070,5,3,CAJA CERRADA,,,,,SERVICIO DE EVALUACION DE LA CALIDAD Y CONTROL AMBIENTAL,,,,,,50011,62873,1,SERVICIO DE EVALUACION DE LA CALIDAD Y CONTROL AMBIENTAL,,34,ETRA (Estacion de Transferencia),1,AUTOMATICA,NO,16/01/24 10:49,,24/12/23 09:30,2,ETRA,1,DESCARGA
4015618,24/12/23 00:00,24/12/23 09:34,SCX,1,TIPO DOMICILIARIO,3,LIMPIEZA DE DEPOSITOS,670,3990,3320,5,3,CAJA CERRADA,,,,,SERVICIO DE EVALUACION DE LA CALIDAD Y CONTROL AMBIENTAL,,,,,,50011,62873,1,SERVICIO DE EVALUACION DE LA CALIDAD Y CONTROL AMBIENTAL,,34,ETRA (Estacion de Transferencia),1,AUTOMATICA,NO,16/01/24 10:49,,24/12/23 09:41,2,ETRA,1,DESCARGA
4015619,24/12/23 00:00,24/12/23 09:33,SIM,1,TIPO DOMICILIARIO,1,ASIMILABLE A DOMICILIARIO,12510,28830,16320,5,1,COMPACTADOR LEVANTE LAT.,,,,,SIN PERMISO,,,,,,,,,,,34,ETRA (Estacion de Transferencia),1,AUTOMATICA,NO,16/01/24 10:49,23/12/23 00:00,24/12/23 09:44,2,ETRA,1,DESCARGA
4015625,24/12/23 00:00,24/12/23 10:15,SIM,1,TIPO DOMICILIARIO,1,ASIMILABLE A DOMICILIARIO,2820,13440,10620,5,10,COMPACTADOR CONVENCIONAL,,,,,SIN PERMISO,,,,,,,,,,,34,ETRA (Estacion de Transferencia),1,AUTOMATICA,NO,16/01/24 10:49,23/12/23 00:00,24/12/23 10:21,2,ETRA,1,DESCARGA
4015628,24/12/23 00:00,24/12/23 10:38,SDB,1,TIPO DOMICILIARIO,1,ASIMILABLE A DOMICILIARIO,2280,11720,9440,5,11,COMPACTADOR LEVANTE TRAS.,,,,,SERVICIO DE EVALUACION DE LA CALIDAD Y CONTROL AMBIENTAL,,,,,,50041,62828,1,SERVICIO DE EVALUACION DE LA CALIDAD Y CONTROL AMBIENTAL,,34,ETRA (Estacion de Transferencia),1,AUTOMATICA,NO,16/01/24 10:49,,24/12/23 10:43,2,ETRA,1,DESCARGA
4015635,24/12/23 00:00,24/12/23 11:07,SIM,1,TIPO DOMICILIARIO,1,ASIMILABLE A DOMICILIARIO,13660,30090,16430,5,1,COMPACTADOR LEVANTE LAT.,,,,,SIN PERMISO,,,,,,,,,,,34,ETRA (Estacion de Transferencia),1,AUTOMATICA,NO,16/01/24 10:49,23/12/23 00:00,24/12/23 11:14,2,ETRA,1,DESCARGA
4015642,24/12/23 00:00,24/12/23 11:18,SDA,1,TIPO DOMICILIARIO,3,LIMPIEZA DE DEPOSITOS,1630,5140,3510,5,3,CAJA CERRADA,,,,,SERVICIO DE EVALUACION DE LA CALIDAD Y CONTROL AMBIENTAL,,,,,,50011,62873,1,SERVICIO DE EVALUACION DE LA CALIDAD Y CONTROL AMBIENTAL,,34,ETRA (Estacion de Transferencia),1,AUTOMATICA,NO,16/01/24 10:49,,24/12/23 11:27,2,ETRA,1,DESCARGA
4015644,24/12/23 00:00,24/12/23 11:20,SDA,1,TIPO DOMICILIARIO,3,LIMPIEZA DE DEPOSITOS,2920,6540,3620,5,3,CAJA CERRADA,,,,,SERVICIO DE EVALUACION DE LA CALIDAD Y CONTROL AMBIENTAL,,,,,,50011,62873,1,SERVICIO DE EVALUACION DE LA CALIDAD Y CONTROL AMBIENTAL,,34,ETRA (Estacion de Transferencia),1,AUTOMATICA,NO,16/01/24 10:49,,24/12/23 11:28,2,ETRA,1,DESCARGA
4015645,24/12/23 00:00,24/12/23 11:26,SIM,1,TIPO DOMICILIARIO,1,ASIMILABLE A DOMICILIARIO,7050,23310,16260,5,1,COMPACTADOR LEVANTE LAT.,,,,,SIN PERMISO,,,,,,,,,,,34,ETRA (Estacion de Transferencia),1,AUTOMATICA,NO,16/01/24 10:49,23/12/23 00:00,24/12/23 11:31,2,ETRA,1,DESCARGA
4015646,24/12/23 00:00,24/12/23 11:23,SCM,1,TIPO DOMICILIARIO,3,LIMPIEZA DE DEPOSITOS,2420,8200,5780,5,3,CAJA CERRADA,,,,,SERVICIO DE EVALUACION DE LA CALIDAD Y CONTROL AMBIENTAL,,,,,,49380,62057,1,SERVICIO DE EVALUACION DE LA CALIDAD Y CONTROL AMBIENTAL,,34,ETRA (Estacion de Transferencia),1,AUTOMATICA,NO,16/01/24 10:49,,24/12/23 11:32,2,ETRA,1,DESCARGA
4015648,24/12/23 00:00,24/12/23 11:24,SDC,1,TIPO DOMICILIARIO,3,LIMPIEZA DE DEPOSITOS,2290,5830,3540,5,3,CAJA CERRADA,,,,,SERVICIO DE EVALUACION DE LA CALIDAD Y CONTROL AMBIENTAL,,,,,,50011,62873,1,SERVICIO DE EVALUACION DE LA CALIDAD Y CONTROL AMBIENTAL,,34,ETRA (Estacion de Transferencia),1,AUTOMATICA,NO,16/01/24 10:49,,24/12/23 11:40,2,ETRA,1,DESCARGA
4015649,24/12/23 00:00,24/12/23 11:32,SDB,1,TIPO DOMICILIARIO,1,ASIMILABLE A DOMICILIARIO,1610,10820,9210,5,11,COMPACTADOR LEVANTE TRAS.,,,,,SERVICIO DE EVALUACION DE LA CALIDAD Y CONTROL AMBIENTAL,,,,,,50041,62828,1,SERVICIO DE EVALUACION DE LA CALIDAD Y CONTROL AMBIENTAL,,34,ETRA (Estacion de Transferencia),1,AUTOMATICA,NO,16/01/24 10:49,,24/12/23 11:42,2,ETRA,1,DESCARGA
4015652,24/12/23 00:00,24/12/23 11:44,STP,1,TIPO DOMICILIARIO,2,BARRIDO,1710,9030,7320,5,2,CAJA ABIERTA 6 M3,,,,,SERVICIO DE EVALUACION DE LA CALIDAD Y CONTROL AMBIENTAL,,,,,,50041,62828,1,SERVICIO DE EVALUACION DE LA CALIDAD Y CONTROL AMBIENTAL,,34,ETRA (Estacion de Transferencia),1,AUTOMATICA,NO,16/01/24 10:49,,24/12/23 11:50,2,ETRA,1,DESCARGA
4015659,24/12/23 00:00,24/12/23 12:04,SDB,1,TIPO DOMICILIARIO,2,BARRIDO,2150,11590,9440,5,11,COMPACTADOR LEVANTE TRAS.,,,,,SERVICIO DE EVALUACION DE LA CALIDAD Y CONTROL AMBIENTAL,,,,,,50041,62828,1,SERVICIO DE EVALUACION DE LA CALIDAD Y CONTROL AMBIENTAL,,34,ETRA (Estacion de Transferencia),1,AUTOMATICA,NO,16/01/24 10:49,,24/12/23 12:13,2,ETRA,1,DESCARGA
4015661,24/12/23 00:00,24/12/23 12:11,SDB,1,TIPO DOMICILIARIO,1,ASIMILABLE A DOMICILIARIO,2710,12030,9320,5,42,COMPACTADOR TRASERO,,,,,SERVICIO DE EVALUACION DE LA CALIDAD Y CONTROL AMBIENTAL,,,,,,50041,62828,1,SERVICIO DE EVALUACION DE LA CALIDAD Y CONTROL AMBIENTAL,,34,ETRA (Estacion de Transferencia),1,AUTOMATICA,NO,16/01/24 10:49,,24/12/23 12:18,2,ETRA,1,DESCARGA
4015669,24/12/23 00:00,24/12/23 12:31,SDB,1,TIPO DOMICILIARIO,1,ASIMILABLE A DOMICILIARIO,3660,12820,9160,5,10,COMPACTADOR CONVENCIONAL,,,,,SERVICIO DE EVALUACION DE LA CALIDAD Y CONTROL AMBIENTAL,,,,,,50041,62828,1,SERVICIO DE EVALUACION DE LA CALIDAD Y CONTROL AMBIENTAL,,34,ETRA (Estacion de Transferencia),1,AUTOMATICA,NO,16/01/24 10:49,,24/12/23 12:37,2,ETRA,1,DESCARGA
4015678,24/12/23 00:00,24/12/23 13:19,SCR,1,TIPO DOMICILIARIO,3,LIMPIEZA DE DEPOSITOS,5220,13400,8180,5,3,CAJA CERRADA,,,,,SERVICIO DE EVALUACION DE LA CALIDAD Y CONTROL AMBIENTAL,,,,,,49380,62057,1,SERVICIO DE EVALUACION DE LA CALIDAD Y CONTROL AMBIENTAL,,34,ETRA (Estacion de Transferencia),1,AUTOMATICA,NO,16/01/24 10:49,,24/12/23 13:26,2,ETRA,1,DESCARGA
4015679,24/12/23 00:00,24/12/23 13:26,SCX,1,TIPO DOMICILIARIO,3,LIMPIEZA DE DEPOSITOS,1050,4320,3270,5,3,CAJA CERRADA,,,,,SERVICIO DE EVALUACION DE LA CALIDAD Y CONTROL AMBIENTAL,,,,,,50011,62873,1,SERVICIO DE EVALUACION DE LA CALIDAD Y CONTROL AMBIENTAL,,34,ETRA (Estacion de Transferencia),1,AUTOMATICA,NO,16/01/24 10:49,,24/12/23 13:35,2,ETRA,1,DESCARGA
4015680,24/12/23 00:00,24/12/23 13:54,SDB,1,TIPO DOMICILIARIO,1,ASIMILABLE A DOMICILIARIO,1850,11100,9250,5,11,COMPACTADOR LEVANTE TRAS.,,,,,SERVICIO DE EVALUACION DE LA CALIDAD Y CONTROL AMBIENTAL,,,,,,50041,62828,1,SERVICIO DE EVALUACION DE LA CALIDAD Y CONTROL AMBIENTAL,,34,ETRA (Estacion de Transferencia),1,AUTOMATICA,NO,16/01/24 10:49,,24/12/23 14:02,2,ETRA,1,DESCARGA
4015681,24/12/23 00:00,24/12/23 15:48,SDA,1,TIPO DOMICILIARIO,3,LIMPIEZA DE DEPOSITOS,1040,4640,3600,5,3,CAJA CERRADA,,,,,SERVICIO DE EVALUACION DE LA CALIDAD Y CONTROL AMBIENTAL,,,,,,50011,62873,1,SERVICIO DE EVALUACION DE LA CALIDAD Y CONTROL AMBIENTAL,,34,ETRA (Estacion de Transferencia),1,AUTOMATICA,NO,16/01/24 10:49,,24/12/23 16:11,2,ETRA,1,DESCARGA
4015682,24/12/23 00:00,24/12/23 16:02,SDC,1,TIPO DOMICILIARIO,3,LIMPIEZA DE DEPOSITOS,820,4420,3600,5,3,CAJA CERRADA,,,,,SERVICIO DE EVALUACION DE LA CALIDAD Y CONTROL AMBIENTAL,,,,,,50011,62873,1,SERVICIO DE EVALUACION DE LA CALIDAD Y CONTROL AMBIENTAL,,34,ETRA (Estacion de Transferencia),1,AUTOMATICA,NO,16/01/24 10:49,,24/12/23 16:12,2,ETRA,1,DESCARGA
4015683,24/12/23 00:00,24/12/23 16:10,SDC,1,TIPO DOMICILIARIO,3,LIMPIEZA DE DEPOSITOS,420,3920,3500,5,3,CAJA CERRADA,,,,,SERVICIO DE EVALUACION DE LA CALIDAD Y CONTROL AMBIENTAL,,,,,,50011,62873,1,SERVICIO DE EVALUACION DE LA CALIDAD Y CONTROL AMBIENTAL,,34,ETRA (Estacion de Transferencia),1,AUTOMATICA,NO,16/01/24 10:49,,24/12/23 16:17,2,ETRA,1,DESCARGA
4015684,24/12/23 00:00,24/12/23 16:16,SDA,1,TIPO DOMICILIARIO,3,LIMPIEZA DE DEPOSITOS,440,3980,3540,5,3,CAJA CERRADA,,,,,SERVICIO DE EVALUACION DE LA CALIDAD Y CONTROL AMBIENTAL,,,,,,50011,62873,1,SERVICIO DE EVALUACION DE LA CALIDAD Y CONTROL AMBIENTAL,,34,ETRA (Estacion de Transferencia),1,AUTOMATICA,NO,16/01/24 10:49,,24/12/23 16:22,2,ETRA,1,DESCARGA
4015685,24/12/23 00:00,24/12/23 15:54,SCP,1,TIPO DOMICILIARIO,3,LIMPIEZA DE DEPOSITOS,1140,2570,1430,5,3,CAJA CERRADA,,,,,SERVICIO DE EVALUACION DE LA CALIDAD Y CONTROL AMBIENTAL,,,,,,50011,62873,1,SERVICIO DE EVALUACION DE LA CALIDAD Y CONTROL AMBIENTAL,,34,ETRA (Estacion de Transferencia),1,AUTOMATICA,NO,16/01/24 10:49,,24/12/23 16:23,2,ETRA,1,DESCARGA
4015686,25/12/23 00:00,25/12/23 08:38,STP,1,TIPO DOMICILIARIO,3,LIMPIEZA DE DEPOSITOS,2540,13610,11070,5,10,COMPACTADOR CONVENCIONAL,,,,,SERVICIO DE EVALUACION DE LA CALIDAD Y CONTROL AMBIENTAL,,,,,,49379,62056,1,SERVICIO DE EVALUACION DE LA CALIDAD Y CONTROL AMBIENTAL,,34,ETRA (Estacion de Transferencia),1,AUTOMATICA,NO,16/01/24 10:49,,25/12/23 08:45,2,ETRA,1,DESCARGA
4015687,25/12/23 00:00,25/12/23 09:00,SCM,1,TIPO DOMICILIARIO,3,LIMPIEZA DE DEPOSITOS,2790,8620,5830,5,3,CAJA CERRADA,,,,,SERVICIO DE EVALUACION DE LA CALIDAD Y CONTROL AMBIENTAL,,,,,,49380,62057,1,SERVICIO DE EVALUACION DE LA CALIDAD Y CONTROL AMBIENTAL,,34,ETRA (Estacion de Transferencia),1,AUTOMATICA,NO,16/01/24 10:49,,25/12/23 09:10,2,ETRA,1,DESCARGA
4015688,25/12/23 00:00,25/12/23 10:28,STP,1,TIPO DOMICILIARIO,3,LIMPIEZA DE DEPOSITOS,970,12760,11790,5,10,COMPACTADOR CONVENCIONAL,,,,,SERVICIO DE EVALUACION DE LA CALIDAD Y CONTROL AMBIENTAL,,,,,,49089,61744,1,SERVICIO DE EVALUACION DE LA CALIDAD Y CONTROL AMBIENTAL,,34,ETRA (Estacion de Transferencia),1,AUTOMATICA,NO,16/01/24 10:49,,25/12/23 10:34,2,ETRA,1,DESCARGA
4015689,25/12/23 00:00,25/12/23 10:45,STP,1,TIPO DOMICILIARIO,3,LIMPIEZA DE DEPOSITOS,1450,8450,7000,5,2,CAJA ABIERTA 6 M3,,,,,SERVICIO DE EVALUACION DE LA CALIDAD Y CONTROL AMBIENTAL,,,,,,50855,63722,1,SERVICIO DE EVALUACION DE LA CALIDAD Y CONTROL AMBIENTAL,,34,ETRA (Estacion de Transferencia),1,AUTOMATICA,NO,16/01/24 10:49,,25/12/23 11:09,2,ETRA,1,DESCARGA
4015690,25/12/23 00:00,25/12/23 11:15,STP,1,TIPO DOMICILIARIO,1,ASIMILABLE A DOMICILIARIO,13870,33010,19140,5,11,COMPACTADOR LEVANTE TRAS.,,,,,SERVICIO DE EVALUACION DE LA CALIDAD Y CONTROL AMBIENTAL,,,,,,49248,61909,1,SERVICIO DE EVALUACION DE LA CALIDAD Y CONTROL AMBIENTAL,,34,ETRA (Estacion de Transferencia),1,AUTOMATICA,NO,16/01/24 10:49,,25/12/23 11:22,2,ETRA,1,DESCARGA
4015691,25/12/23 00:00,25/12/23 11:16,STP,1,TIPO DOMICILIARIO,1,ASIMILABLE A DOMICILIARIO,14850,34990,20140,5,1,COMPACTADOR LEVANTE LAT.,,,,,SERVICIO DE EVALUACION DE LA CALIDAD Y CONTROL AMBIENTAL,,,,,,49248,61909,1,SERVICIO DE EVALUACION DE LA CALIDAD Y CONTROL AMBIENTAL,,34,ETRA (Estacion de Transferencia),1,AUTOMATICA,NO,16/01/24 10:49,,25/12/23 11:24,2,ETRA,1,DESCARGA
4015692,25/12/23 00:00,25/12/23 11:18,STP,1,TIPO DOMICILIARIO,1,ASIMILABLE A DOMICILIARIO,15880,35590,19710,5,1,COMPACTADOR LEVANTE LAT.,,,,,SERVICIO DE EVALUACION DE LA CALIDAD Y CONTROL AMBIENTAL,,,,,,49248,61909,1,SERVICIO DE EVALUACION DE LA CALIDAD Y CONTROL AMBIENTAL,,34,ETRA (Estacion de Transferencia),1,AUTOMATICA,NO,16/01/24 10:49,,25/12/23 11:25,2,ETRA,1,DESCARGA
4015693,25/12/23 00:00,25/12/23 11:21,STP,1,TIPO DOMICILIARIO,3,LIMPIEZA DE DEPOSITOS,5440,16690,11250,5,10,COMPACTADOR CONVENCIONAL,,,,,SERVICIO DE EVALUACION DE LA CALIDAD Y CONTROL AMBIENTAL,,,,,,49379,62056,1,SERVICIO DE EVALUACION DE LA CALIDAD Y CONTROL AMBIENTAL,,34,ETRA (Estacion de Transferencia),1,AUTOMATICA,NO,16/01/24 10:49,,25/12/23 11:26,2,ETRA,1,DESCARGA
4015694,25/12/23 00:00,25/12/23 11:19,STP,1,TIPO DOMICILIARIO,1,ASIMILABLE A DOMICILIARIO,10670,33990,23320,5,1,COMPACTADOR LEVANTE LAT.,,,,,SERVICIO DE EVALUACION DE LA CALIDAD Y CONTROL AMBIENTAL,,,,,,49248,61909,1,SERVICIO DE EVALUACION DE LA CALIDAD Y CONTROL AMBIENTAL,,34,ETRA (Estacion de Transferencia),1,AUTOMATICA,NO,16/01/24 10:49,,25/12/23 11:28,2,ETRA,1,DESCARGA
4015695,25/12/23 00:00,25/12/23 11:25,STP,1,TIPO DOMICILIARIO,3,LIMPIEZA DE DEPOSITOS,6370,17770,11400,5,1,COMPACTADOR LEVANTE LAT.,,,,,SERVICIO DE EVALUACION DE LA CALIDAD Y CONTROL AMBIENTAL,,,,,,49379,62056,1,SERVICIO DE EVALUACION DE LA CALIDAD Y CONTROL AMBIENTAL,,34,ETRA (Estacion de Transferencia),1,AUTOMATICA,NO,16/01/24 10:49,,25/12/23 11:30,2,ETRA,1,DESCARGA
4015696,25/12/23 00:00,25/12/23 11:28,STP,1,TIPO DOMICILIARIO,3,LIMPIEZA DE DEPOSITOS,5220,16120,10900,5,11,COMPACTADOR LEVANTE TRAS.,,,,,SERVICIO DE EVALUACION DE LA CALIDAD Y CONTROL AMBIENTAL,,,,,,49379,62056,1,SERVICIO DE EVALUACION DE LA CALIDAD Y CONTROL AMBIENTAL,,34,ETRA (Estacion de Transferencia),1,AUTOMATICA,NO,16/01/24 10:49,,25/12/23 11:33,2,ETRA,1,DESCARGA
4015697,25/12/23 00:00,25/12/23 11:33,STP,1,TIPO DOMICILIARIO,3,LIMPIEZA DE DEPOSITOS,3330,14450,11120,5,10,COMPACTADOR CONVENCIONAL,,,,,SERVICIO DE EVALUACION DE LA CALIDAD Y CONTROL AMBIENTAL,,,,,,49379,62056,1,SERVICIO DE EVALUACION DE LA CALIDAD Y CONTROL AMBIENTAL,,34,ETRA (Estacion de Transferencia),1,AUTOMATICA,NO,16/01/24 10:49,,25/12/23 11:39,2,ETRA,1,DESCARGA
4015698,25/12/23 00:00,25/12/23 11:36,SCM,1,TIPO DOMICILIARIO,3,LIMPIEZA DE DEPOSITOS,2050,7870,5820,5,3,CAJA CERRADA,,,,,SERVICIO DE EVALUACION DE LA CALIDAD Y CONTROL AMBIENTAL,,,,,,49380,62057,1,SERVICIO DE EVALUACION DE LA CALIDAD Y CONTROL AMBIENTAL,,34,ETRA (Estacion de Transferencia),1,AUTOMATICA,NO,16/01/24 10:49,,25/12/23 11:46,2,ETRA,1,DESCARGA
4015699,25/12/23 00:00,25/12/23 11:38,STP,1,TIPO DOMICILIARIO,3,LIMPIEZA DE DEPOSITOS,3420,14790,11370,5,10,COMPACTADOR CONVENCIONAL,,,,,SERVICIO DE EVALUACION DE LA CALIDAD Y CONTROL AMBIENTAL,,,,,,49379,62056,1,SERVICIO DE EVALUACION DE LA CALIDAD Y CONTROL AMBIENTAL,,34,ETRA (Estacion de Transferencia),1,AUTOMATICA,NO,16/01/24 10:49,,25/12/23 11:51,2,ETRA,1,DESCARGA
4015700,25/12/23 00:00,25/12/23 11:45,SCR,1,TIPO DOMICILIARIO,3,LIMPIEZA DE DEPOSITOS,5570,13850,8280,5,3,CAJA CERRADA,,,,,SERVICIO DE EVALUACION DE LA CALIDAD Y CONTROL AMBIENTAL,,,,,,49377,62051,1,SERVICIO DE EVALUACION DE LA CALIDAD Y CONTROL AMBIENTAL,,34,ETRA (Estacion de Transferencia),1,AUTOMATICA,NO,16/01/24 10:49,,25/12/23 11:57,2,ETRA,1,DESCARGA
4015701,25/12/23 00:00,25/12/23 11:52,STP,1,TIPO DOMICILIARIO,3,LIMPIEZA DE DEPOSITOS,1410,9080,7670,5,2,CAJA ABIERTA 6 M3,,,,,SERVICIO DE EVALUACION DE LA CALIDAD Y CONTROL AMBIENTAL,,,,,,49379,62056,1,SERVICIO DE EVALUACION DE LA CALIDAD Y CONTROL AMBIENTAL,,34,ETRA (Estacion de Transferencia),1,AUTOMATICA,NO,16/01/24 10:49,,25/12/23 12:02,2,ETRA,1,DESCARGA
4015702,25/12/23 00:00,25/12/23 12:06,STP,1,TIPO DOMICILIARIO,1,ASIMILABLE A DOMICILIARIO,4930,24100,19170,5,10,COMPACTADOR CONVENCIONAL,,,,,SERVICIO DE EVALUACION DE LA CALIDAD Y CONTROL AMBIENTAL,,,,,,49248,61909,1,SERVICIO DE EVALUACION DE LA CALIDAD Y CONTROL AMBIENTAL,,34,ETRA (Estacion de Transferencia),1,AUTOMATICA,NO,16/01/24 10:49,,25/12/23 12:12,2,ETRA,1,DESCARGA
4015703,25/12/23 00:00,25/12/23 12:24,STP,1,TIPO DOMICILIARIO,1,ASIMILABLE A DOMICILIARIO,3750,16190,12440,5,11,COMPACTADOR LEVANTE TRAS.,,,,,SERVICIO DE EVALUACION DE LA CALIDAD Y CONTROL AMBIENTAL,,,,,,49248,61909,1,SERVICIO DE EVALUACION DE LA CALIDAD Y CONTROL AMBIENTAL,,34,ETRA (Estacion de Transferencia),1,AUTOMATICA,NO,16/01/24 10:49,,25/12/23 12:32,2,ETRA,1,DESCARGA
4015704,25/12/23 00:00,25/12/23 12:25,STP,1,TIPO DOMICILIARIO,1,ASIMILABLE A DOMICILIARIO,1120,14440,13320,5,16,GRÚA,,,,,SERVICIO DE EVALUACION DE LA CALIDAD Y CONTROL AMBIENTAL,,,,,,49248,61909,1,SERVICIO DE EVALUACION DE LA CALIDAD Y CONTROL AMBIENTAL,,34,ETRA (Estacion de Transferencia),1,AUTOMATICA,NO,16/01/24 10:49,,25/12/23 12:33,2,ETRA,1,DESCARGA
4015705,25/12/23 00:00,25/12/23 13:10,STP,1,TIPO DOMICILIARIO,3,LIMPIEZA DE DEPOSITOS,250,7230,6980,5,2,CAJA ABIERTA 6 M3,,,,,SERVICIO DE EVALUACION DE LA CALIDAD Y CONTROL AMBIENTAL,,,,,,50855,63722,1,SERVICIO DE EVALUACION DE LA CALIDAD Y CONTROL AMBIENTAL,,34,ETRA (Estacion de Transferencia),1,AUTOMATICA,NO,16/01/24 10:49,,25/12/23 13:16,2,ETRA,1,DESCARGA
4015706,25/12/23 00:00,25/12/23 13:09,STP,1,TIPO DOMICILIARIO,3,LIMPIEZA DE DEPOSITOS,680,11100,10420,5,12,CAJA ABIERTA 10 M3,,,,,SERVICIO DE EVALUACION DE LA CALIDAD Y CONTROL AMBIENTAL,,,,,,50855,63722,1,SERVICIO DE EVALUACION DE LA CALIDAD Y CONTROL AMBIENTAL,,34,ETRA (Estacion de Transferencia),1,AUTOMATICA,NO,16/01/24 10:49,,25/12/23 13:19,2,ETRA,1,DESCARGA
4015707,25/12/23 00:00,25/12/23 13:29,STP,1,TIPO DOMICILIARIO,1,ASIMILABLE A DOMICILIARIO,3690,15650,11960,5,11,COMPACTADOR LEVANTE TRAS.,,,,,SERVICIO DE EVALUACION DE LA CALIDAD Y CONTROL AMBIENTAL,,,,,,50855,63722,1,SERVICIO DE EVALUACION DE LA CALIDAD Y CONTROL AMBIENTAL,,34,ETRA (Estacion de Transferencia),1,AUTOMATICA,NO,16/01/24 10:49,,25/12/23 13:35,2,ETRA,1,DESCARGA
4015708,25/12/23 00:00,25/12/23 13:37,SCR,1,TIPO DOMICILIARIO,3,LIMPIEZA DE DEPOSITOS,860,8920,8060,5,3,CAJA CERRADA,,,,,SERVICIO DE EVALUACION DE LA CALIDAD Y CONTROL AMBIENTAL,,,,,,49380,62057,1,SERVICIO DE EVALUACION DE LA CALIDAD Y CONTROL AMBIENTAL,,34,ETRA (Estacion de Transferencia),1,AUTOMATICA,NO,16/01/24 10:49,,25/12/23 13:41,2,ETRA,1,DESCARGA
4015770,26/12/23 00:00,26/12/23 06:53,SCX,1,TIPO DOMICILIARIO,3,LIMPIEZA DE DEPOSITOS,820,4130,3310,5,3,CAJA CERRADA,,,,,SERVICIO DE EVALUACION DE LA CALIDAD Y CONTROL AMBIENTAL,,,,,,50011,62873,1,SERVICIO DE EVALUACION DE LA CALIDAD Y CONTROL AMBIENTAL,,34,ETRA (Estacion de Transferencia),1,AUTOMATICA,NO,16/01/24 10:49,,26/12/23 07:02,2,ETRA,1,DESCARGA
4015782,26/12/23 00:00,26/12/23 07:10,SIM,2,TIPO NO DOMICILIARIO,22,NO DOMICILIARIO - FRACCIÓN HÚMEDA,3400,13870,10470,5,11,COMPACTADOR LEVANTE TRAS.,,,,,SIN PERMISO,,,,,,,,,,,34,ETRA (Estacion de Transferencia),1,AUTOMATICA,NO,16/01/24 10:49,,26/12/23 07:18,2,ETRA,1,DESCARGA
4015790,26/12/23 00:00,26/12/23 07:13,SIM,1,TIPO DOMICILIARIO,1,ASIMILABLE A DOMICILIARIO,1010,11430,10420,5,11,COMPACTADOR LEVANTE TRAS.,,,,,SIN PERMISO,,,,,,,,,,,34,ETRA (Estacion de Transferencia),1,AUTOMATICA,NO,16/01/24 10:49,,26/12/23 07:21,2,ETRA,1,DESCARGA
4015847,26/12/23 00:00,26/12/23 08:12,SIM,1,TIPO DOMICILIARIO,1,ASIMILABLE A DOMICILIARIO,9100,26170,17070,5,1,COMPACTADOR LEVANTE LAT.,,,,,SIN PERMISO,,,,,,,,,,,34,ETRA (Estacion de Transferencia),1,AUTOMATICA,NO,16/01/24 10:49,26/12/23 00:00,26/12/23 08:20,2,ETRA,1,DESCARGA
4015859,26/12/23 00:00,26/12/23 08:28,SIM,1,TIPO DOMICILIARIO,1,ASIMILABLE A DOMICILIARIO,7500,24820,17320,5,1,COMPACTADOR LEVANTE LAT.,,,,,SIN PERMISO,,,,,,,,,,,34,ETRA (Estacion de Transferencia),1,AUTOMATICA,NO,16/01/24 10:49,25/12/23 00:00,26/12/23 08:34,2,ETRA,1,DESCARGA
4015870,26/12/23 00:00,26/12/23 08:36,SIM,1,TIPO DOMICILIARIO,1,ASIMILABLE A DOMICILIARIO,10390,27580,17190,5,1,COMPACTADOR LEVANTE LAT.,,,,,SIN PERMISO,,,,,,,,,,,34,ETRA (Estacion de Transferencia),1,AUTOMATICA,NO,16/01/24 10:49,26/12/23 00:00,26/12/23 08:42,2,ETRA,1,DESCARGA
4015872,26/12/23 00:00,26/12/23 08:37,SIM,1,TIPO DOMICILIARIO,1,ASIMILABLE A DOMICILIARIO,7700,24980,17280,5,1,COMPACTADOR LEVANTE LAT.,,,,,SIN PERMISO,,,,,,,,,,,34,ETRA (Estacion de Transferencia),1,AUTOMATICA,NO,16/01/24 10:49,26/12/23 00:00,26/12/23 08:43,2,ETRA,1,DESCARGA
4015884,26/12/23 00:00,26/12/23 08:35,SIM,1,TIPO DOMICILIARIO,1,ASIMILABLE A DOMICILIARIO,10140,29110,18970,5,50,COMPACTADOR LAT.CAJA DESM,,,,,SIN PERMISO,,,,,,,,,,,34,ETRA (Estacion de Transferencia),1,AUTOMATICA,NO,16/01/24 10:49,26/12/23 00:00,26/12/23 08:49,2,ETRA,1,DESCARGA
4015887,26/12/23 00:00,26/12/23 08:41,SIM,1,TIPO DOMICILIARIO,1,ASIMILABLE A DOMICILIARIO,3900,22770,18870,5,50,COMPACTADOR LAT.CAJA DESM,,,,,SIN PERMISO,,,,,,,,,,,34,ETRA (Estacion de Transferencia),1,AUTOMATICA,NO,16/01/24 10:49,26/12/23 00:00,26/12/23 08:51,2,ETRA,1,DESCARGA
4015890,26/12/23 00:00,26/12/23 08:45,SIM,1,TIPO DOMICILIARIO,1,ASIMILABLE A DOMICILIARIO,11490,27800,16310,5,1,COMPACTADOR LEVANTE LAT.,,,,,SIN PERMISO,,,,,,,,,,,34,ETRA (Estacion de Transferencia),1,AUTOMATICA,NO,16/01/24 10:49,26/12/23 00:00,26/12/23 08:52,2,ETRA,1,DESCARGA
4015895,26/12/23 00:00,26/12/23 08:46,SIM,1,TIPO DOMICILIARIO,1,ASIMILABLE A DOMICILIARIO,12430,29370,16940,5,1,COMPACTADOR LEVANTE LAT.,,,,,SIN PERMISO,,,,,,,,,,,34,ETRA (Estacion de Transferencia),1,AUTOMATICA,NO,16/01/24 10:49,26/12/23 00:00,26/12/23 08:56,2,ETRA,1,DESCARGA
4015897,26/12/23 00:00,26/12/23 08:43,SIM,1,TIPO DOMICILIARIO,1,ASIMILABLE A DOMICILIARIO,7830,26480,18650,5,50,COMPACTADOR LAT.CAJA DESM,,,,,SIN PERMISO,,,,,,,,,,,34,ETRA (Estacion de Transferencia),1,AUTOMATICA,NO,16/01/24 10:49,26/12/23 00:00,26/12/23 08:57,2,ETRA,1,DESCARGA
4015916,26/12/23 00:00,26/12/23 08:54,SIM,1,TIPO DOMICILIARIO,1,ASIMILABLE A DOMICILIARIO,8170,26800,18630,5,50,COMPACTADOR LAT.CAJA DESM,,,,,SIN PERMISO,,,,,,,,,,,34,ETRA (Estacion de Transferencia),1,AUTOMATICA,NO,16/01/24 10:49,26/12/23 00:00,26/12/23 09:10,2,ETRA,1,DESCARGA
4015957,26/12/23 00:00,26/12/23 09:32,SIM,1,TIPO DOMICILIARIO,1,ASIMILABLE A DOMICILIARIO,3020,13570,10550,5,10,COMPACTADOR CONVENCIONAL,,,,,SIN PERMISO,,,,,,,,,,,34,ETRA (Estacion de Transferencia),1,AUTOMATICA,NO,16/01/24 10:49,26/12/23 00:00,26/12/23 09:39,2,ETRA,1,DESCARGA
4015970,26/12/23 00:00,26/12/23 09:40,SIM,1,TIPO DOMICILIARIO,1,ASIMILABLE A DOMICILIARIO,11470,28630,17160,5,1,COMPACTADOR LEVANTE LAT.,,,,,SIN PERMISO,,,,,,,,,,,34,ETRA (Estacion de Transferencia),1,AUTOMATICA,NO,16/01/24 10:49,26/12/23 00:00,26/12/23 09:47,2,ETRA,1,DESCARGA
4016028,26/12/23 00:00,26/12/23 10:18,SIM,1,TIPO DOMICILIARIO,1,ASIMILABLE A DOMICILIARIO,2380,12670,10290,5,10,COMPACTADOR CONVENCIONAL,,,,,SIN PERMISO,,,,,,,,,,,34,ETRA (Estacion de Transferencia),1,AUTOMATICA,NO,16/01/24 10:49,26/12/23 00:00,26/12/23 10:25,2,ETRA,1,DESCARGA
4016031,26/12/23 00:00,26/12/23 10:11,SIM,1,TIPO DOMICILIARIO,1,ASIMILABLE A DOMICILIARIO,7660,26400,18740,5,50,COMPACTADOR LAT.CAJA DESM,,,,,SIN PERMISO,,,,,,,,,,,34,ETRA (Estacion de Transferencia),1,AUTOMATICA,NO,16/01/24 10:49,26/12/23 00:00,26/12/23 10:26,2,ETRA,1,DESCARGA
4016033,26/12/23 00:00,26/12/23 10:17,STP,1,TIPO DOMICILIARIO,2,BARRIDO,900,8050,7150,5,2,CAJA ABIERTA 6 M3,,,,,SERVICIO DE EVALUACION DE LA CALIDAD Y CONTROL AMBIENTAL,,,,,,50041,62828,1,SERVICIO DE EVALUACION DE LA CALIDAD Y CONTROL AMBIENTAL,,34,ETRA (Estacion de Transferencia),1,AUTOMATICA,NO,16/01/24 10:49,,26/12/23 10:27,2,ETRA,1,DESCARGA
4016036,26/12/23 00:00,26/12/23 10:21,SIM,1,TIPO DOMICILIARIO,1,ASIMILABLE A DOMICILIARIO,12150,29300,17150,5,1,COMPACTADOR LEVANTE LAT.,,,,,SIN PERMISO,,,,,,,,,,,34,ETRA (Estacion de Transferencia),1,AUTOMATICA,NO,16/01/24 10:49,26/12/23 00:00,26/12/23 10:29,2,ETRA,1,DESCARGA
4016038,26/12/23 00:00,26/12/23 10:24,SIM,1,TIPO DOMICILIARIO,1,ASIMILABLE A DOMICILIARIO,7160,24350,17190,5,1,COMPACTADOR LEVANTE LAT.,,,,,SIN PERMISO,,,,,,,,,,,34,ETRA (Estacion de Transferencia),1,AUTOMATICA,NO,16/01/24 10:49,26/12/23 00:00,26/12/23 10:30,2,ETRA,1,DESCARGA
4016039,26/12/23 00:00,26/12/23 10:22,SIM,1,TIPO DOMICILIARIO,1,ASIMILABLE A DOMICILIARIO,12870,29860,16990,5,1,COMPACTADOR LEVANTE LAT.,,,,,SIN PERMISO,,,,,,,,,,,34,ETRA (Estacion de Transferencia),1,AUTOMATICA,NO,16/01/24 10:49,26/12/23 00:00,26/12/23 10:31,2,ETRA,1,DESCARGA
4016048,26/12/23 00:00,26/12/23 10:32,SIM,1,TIPO DOMICILIARIO,1,ASIMILABLE A DOMICILIARIO,1210,18500,17290,5,1,COMPACTADOR LEVANTE LAT.,,,,,SIN PERMISO,,,,,,,,,,,34,ETRA (Estacion de Transferencia),1,AUTOMATICA,NO,16/01/24 10:49,25/12/23 00:00,26/12/23 10:38,2,ETRA,1,DESCARGA
4016060,26/12/23 00:00,26/12/23 10:29,SIM,1,TIPO DOMICILIARIO,1,ASIMILABLE A DOMICILIARIO,8560,27200,18640,5,50,COMPACTADOR LAT.CAJA DESM,,,,,SIN PERMISO,,,,,,,,,,,34,ETRA (Estacion de Transferencia),1,AUTOMATICA,NO,16/01/24 10:49,26/12/23 00:00,26/12/23 10:45,2,ETRA,1,DESCARGA
4016069,26/12/23 00:00,26/12/23 10:44,STP,500,BARROS Y LODOS,501,BARROS,3350,13430,10080,5,44,CAJA ABIERTA CON VOLCADOR,,,,,SERVICIO DE EVALUACION DE LA CALIDAD Y CONTROL AMBIENTAL,,,,,,50041,62828,1,SERVICIO DE EVALUACION DE LA CALIDAD Y CONTROL AMBIENTAL,,34,ETRA (Estacion de Transferencia),1,AUTOMATICA,NO,16/01/24 10:49,,26/12/23 10:52,2,ETRA,1,DESCARGA
4016079,26/12/23 00:00,26/12/23 10:51,STP,1,TIPO DOMICILIARIO,3,LIMPIEZA DE DEPOSITOS,3940,10510,6570,5,2,CAJA ABIERTA 6 M3,,,,,SERVICIO DE EVALUACION DE LA CALIDAD Y CONTROL AMBIENTAL,,,,,,50041,62828,1,SERVICIO DE EVALUACION DE LA CALIDAD Y CONTROL AMBIENTAL,,34,ETRA (Estacion de Transferencia),1,AUTOMATICA,NO,16/01/24 10:49,,26/12/23 10:58,2,ETRA,1,DESCARGA
4016081,26/12/23 00:00,26/12/23 10:54,SIM,1,TIPO DOMICILIARIO,1,ASIMILABLE A DOMICILIARIO,3970,21180,17210,5,1,COMPACTADOR LEVANTE LAT.,,,,,SIN PERMISO,,,,,,,,,,,34,ETRA (Estacion de Transferencia),1,AUTOMATICA,NO,16/01/24 10:49,26/12/23 00:00,26/12/23 10:59,2,ETRA,1,DESCARGA
4016087,26/12/23 00:00,26/12/23 10:48,SIM,1,TIPO DOMICILIARIO,1,ASIMILABLE A DOMICILIARIO,8420,25400,16980,5,1,COMPACTADOR LEVANTE LAT.,,,,,SIN PERMISO,,,,,,,,,,,34,ETRA (Estacion de Transferencia),1,AUTOMATICA,NO,16/01/24 10:49,25/12/23 00:00,26/12/23 11:01,2,ETRA,1,DESCARGA
4016106,26/12/23 00:00,26/12/23 11:05,SIM,1,TIPO DOMICILIARIO,1,ASIMILABLE A DOMICILIARIO,3730,13770,10040,5,10,COMPACTADOR CONVENCIONAL,,,,,SIN PERMISO,,,,,,,,,,,34,ETRA (Estacion de Transferencia),1,AUTOMATICA,NO,16/01/24 10:49,,26/12/23 11:12,2,ETRA,1,DESCARGA
4016113,26/12/23 00:00,26/12/23 11:08,SIM,2,TIPO NO DOMICILIARIO,22,NO DOMICILIARIO - FRACCIÓN HÚMEDA,6910,17110,10200,5,11,COMPACTADOR LEVANTE TRAS.,,,,,SIN PERMISO,,,,,,,,,,,34,ETRA (Estacion de Transferencia),1,AUTOMATICA,NO,16/01/24 10:49,,26/12/23 11:15,2,ETRA,1,DESCARGA
4016120,26/12/23 00:00,26/12/23 11:11,SIM,1,TIPO DOMICILIARIO,1,ASIMILABLE A DOMICILIARIO,10050,26340,16290,5,1,COMPACTADOR LEVANTE LAT.,,,,,SIN PERMISO,,,,,,,,,,,34,ETRA (Estacion de Transferencia),1,AUTOMATICA,NO,16/01/24 10:49,26/12/23 00:00,26/12/23 11:19,2,ETRA,1,DESCARGA
4016130,26/12/23 00:00,26/12/23 11:20,SDA,1,TIPO DOMICILIARIO,3,LIMPIEZA DE DEPOSITOS,880,4360,3480,5,3,CAJA CERRADA,,,,,SERVICIO DE EVALUACION DE LA CALIDAD Y CONTROL AMBIENTAL,,,,,,50011,62873,1,SERVICIO DE EVALUACION DE LA CALIDAD Y CONTROL AMBIENTAL,,34,ETRA (Estacion de Transferencia),1,AUTOMATICA,NO,16/01/24 10:49,,26/12/23 11:27,2,ETRA,1,DESCARGA
4016136,26/12/23 00:00,26/12/23 11:24,SIM,1,TIPO DOMICILIARIO,1,ASIMILABLE A DOMICILIARIO,12420,29580,17160,5,1,COMPACTADOR LEVANTE LAT.,,,,,SIN PERMISO,,,,,,,,,,,34,ETRA (Estacion de Transferencia),1,AUTOMATICA,NO,16/01/24 10:49,26/12/23 00:00,26/12/23 11:32,2,ETRA,1,DESCARGA
4016140,26/12/23 00:00,26/12/23 11:27,SIM,1,TIPO DOMICILIARIO,1,ASIMILABLE A DOMICILIARIO,3690,14130,10440,5,10,COMPACTADOR CONVENCIONAL,,,,,SIN PERMISO,,,,,,,,,,,34,ETRA (Estacion de Transferencia),1,AUTOMATICA,NO,16/01/24 10:49,,26/12/23 11:33,2,ETRA,1,DESCARGA
4016153,26/12/23 00:00,26/12/23 11:30,SIM,1,TIPO DOMICILIARIO,1,ASIMILABLE A DOMICILIARIO,5700,22860,17160,5,1,COMPACTADOR LEVANTE LAT.,,,,,SIN PERMISO,,,,,,,,,,,34,ETRA (Estacion de Transferencia),1,AUTOMATICA,NO,16/01/24 10:49,26/12/23 00:00,26/12/23 11:41,2,ETRA,1,DESCARGA
4016161,26/12/23 00:00,26/12/23 11:36,SCX,1,TIPO DOMICILIARIO,3,LIMPIEZA DE DEPOSITOS,1020,4310,3290,5,3,CAJA CERRADA,,,,,SERVICIO DE EVALUACION DE LA CALIDAD Y CONTROL AMBIENTAL,,,,,,50011,62873,1,SERVICIO DE EVALUACION DE LA CALIDAD Y CONTROL AMBIENTAL,,34,ETRA (Estacion de Transferencia),1,AUTOMATICA,NO,16/01/24 10:49,,26/12/23 11:47,2,ETRA,1,DESCARGA
4016166,26/12/23 00:00,26/12/23 11:35,SIM,1,TIPO DOMICILIARIO,1,ASIMILABLE A DOMICILIARIO,5390,24030,18640,5,50,COMPACTADOR LAT.CAJA DESM,,,,,SIN PERMISO,,,,,,,,,,,34,ETRA (Estacion de Transferencia),1,AUTOMATICA,NO,16/01/24 10:49,26/12/23 00:00,26/12/23 11:51,2,ETRA,1,DESCARGA
4016175,26/12/23 00:00,26/12/23 11:46,STP,1,TIPO DOMICILIARIO,1,ASIMILABLE A DOMICILIARIO,3820,11210,7390,5,2,CAJA ABIERTA 6 M3,,,,,SERVICIO DE EVALUACION DE LA CALIDAD Y CONTROL AMBIENTAL,,,,,,50041,62828,1,SERVICIO DE EVALUACION DE LA CALIDAD Y CONTROL AMBIENTAL,,34,ETRA (Estacion de Transferencia),1,AUTOMATICA,NO,16/01/24 10:49,,26/12/23 11:56,2,ETRA,1,DESCARGA
4016176,26/12/23 00:00,26/12/23 11:39,STP,100,CONSTRUCCION,104,TIERRA SUCIA,4140,14450,10310,5,2,CAJA ABIERTA 6 M3,,,,,SERVICIO DE EVALUACION DE LA CALIDAD Y CONTROL AMBIENTAL,,,,,,50041,62828,1,SERVICIO DE EVALUACION DE LA CALIDAD Y CONTROL AMBIENTAL,,34,ETRA (Estacion de Transferencia),1,AUTOMATICA,NO,16/01/24 10:49,,26/12/23 11:57,2,ETRA,1,DESCARGA
4016182,26/12/23 00:00,26/12/23 11:54,SIM,1,TIPO DOMICILIARIO,1,ASIMILABLE A DOMICILIARIO,5800,22760,16960,5,1,COMPACTADOR LEVANTE LAT.,,,,,SIN PERMISO,,,,,,,,,,,34,ETRA (Estacion de Transferencia),1,AUTOMATICA,NO,16/01/24 10:49,26/12/23 00:00,26/12/23 12:00,2,ETRA,1,DESCARGA
4016201,26/12/23 00:00,26/12/23 12:02,STP,1,TIPO DOMICILIARIO,3,LIMPIEZA DE DEPOSITOS,1950,9060,7110,5,21,RETROEXCAVADORA,,,,,SERVICIO DE EVALUACION DE LA CALIDAD Y CONTROL AMBIENTAL,,,,,,50041,62828,1,SERVICIO DE EVALUACION DE LA CALIDAD Y CONTROL AMBIENTAL,,34,ETRA (Estacion de Transferencia),1,AUTOMATICA,NO,16/01/24 10:49,,26/12/23 12:12,2,ETRA,1,DESCARGA
4016217,26/12/23 00:00,26/12/23 12:15,STP,100,CONSTRUCCION,101,ESCOMBRO SUCIO,1440,11250,9810,5,12,CAJA ABIERTA 10 M3,,,,,SERVICIO DE EVALUACION DE LA CALIDAD Y CONTROL AMBIENTAL,,,,,,50041,62828,1,SERVICIO DE EVALUACION DE LA CALIDAD Y CONTROL AMBIENTAL,,34,ETRA (Estacion de Transferencia),1,AUTOMATICA,NO,16/01/24 10:49,,26/12/23 12:21,2,ETRA,1,DESCARGA
4016229,26/12/23 00:00,26/12/23 12:20,SDC,1,TIPO DOMICILIARIO,3,LIMPIEZA DE DEPOSITOS,1120,4580,3460,5,3,CAJA CERRADA,,,,,SERVICIO DE EVALUACION DE LA CALIDAD Y CONTROL AMBIENTAL,,,,,,50011,62873,1,SERVICIO DE EVALUACION DE LA CALIDAD Y CONTROL AMBIENTAL,,34,ETRA (Estacion de Transferencia),1,AUTOMATICA,NO,16/01/24 10:49,,26/12/23 12:28,2,ETRA,1,DESCARGA
4016236,26/12/23 00:00,26/12/23 12:17,STP,1,TIPO DOMICILIARIO,3,LIMPIEZA DE DEPOSITOS,1790,8350,6560,5,2,CAJA ABIERTA 6 M3,,,,,SERVICIO DE EVALUACION DE LA CALIDAD Y CONTROL AMBIENTAL,,,,,,50041,62828,1,SERVICIO DE EVALUACION DE LA CALIDAD Y CONTROL AMBIENTAL,,34,ETRA (Estacion de Transferencia),1,AUTOMATICA,NO,16/01/24 10:49,,26/12/23 12:31,2,ETRA,1,DESCARGA
4016244,26/12/23 00:00,26/12/23 12:24,STP,1,TIPO DOMICILIARIO,3,LIMPIEZA DE DEPOSITOS,1980,8590,6610,5,2,CAJA ABIERTA 6 M3,,,,,SERVICIO DE EVALUACION DE LA CALIDAD Y CONTROL AMBIENTAL,,,,,,50041,62828,1,SERVICIO DE EVALUACION DE LA CALIDAD Y CONTROL AMBIENTAL,,34,ETRA (Estacion de Transferencia),1,AUTOMATICA,NO,16/01/24 10:49,,26/12/23 12:37,2,ETRA,1,DESCARGA
4016249,26/12/23 00:00,26/12/23 12:34,SDB,1,TIPO DOMICILIARIO,1,ASIMILABLE A DOMICILIARIO,3270,12560,9290,5,11,COMPACTADOR LEVANTE TRAS.,,,,,SERVICIO DE EVALUACION DE LA CALIDAD Y CONTROL AMBIENTAL,,,,,,50041,62828,1,SERVICIO DE EVALUACION DE LA CALIDAD Y CONTROL AMBIENTAL,,34,ETRA (Estacion de Transferencia),1,AUTOMATICA,NO,16/01/24 10:49,,26/12/23 12:40,2,ETRA,1,DESCARGA
4016256,26/12/23 00:00,26/12/23 12:31,SDB,1,TIPO DOMICILIARIO,2,BARRIDO,3480,12940,9460,5,11,COMPACTADOR LEVANTE TRAS.,,,,,SERVICIO DE EVALUACION DE LA CALIDAD Y CONTROL AMBIENTAL,,,,,,50041,62828,1,SERVICIO DE EVALUACION DE LA CALIDAD Y CONTROL AMBIENTAL,,34,ETRA (Estacion de Transferencia),1,AUTOMATICA,NO,16/01/24 10:49,,26/12/23 12:45,2,ETRA,1,DESCARGA
4016261,26/12/23 00:00,26/12/23 12:41,SDB,1,TIPO DOMICILIARIO,1,ASIMILABLE A DOMICILIARIO,3050,12360,9310,5,11,COMPACTADOR LEVANTE TRAS.,,,,,SERVICIO DE EVALUACION DE LA CALIDAD Y CONTROL AMBIENTAL,,,,,,50041,62828,1,SERVICIO DE EVALUACION DE LA CALIDAD Y CONTROL AMBIENTAL,,34,ETRA (Estacion de Transferencia),1,AUTOMATICA,NO,16/01/24 10:49,,26/12/23 12:48,2,ETRA,1,DESCARGA
4016264,26/12/23 00:00,26/12/23 12:35,SDB,1,TIPO DOMICILIARIO,1,ASIMILABLE A DOMICILIARIO,3810,13150,9340,5,11,COMPACTADOR LEVANTE TRAS.,,,,,SERVICIO DE EVALUACION DE LA CALIDAD Y CONTROL AMBIENTAL,,,,,,50041,62828,1,SERVICIO DE EVALUACION DE LA CALIDAD Y CONTROL AMBIENTAL,,34,ETRA (Estacion de Transferencia),1,AUTOMATICA,NO,16/01/24 10:49,,26/12/23 12:49,2,ETRA,1,DESCARGA
4016273,26/12/23 00:00,26/12/23 12:45,SDB,1,TIPO DOMICILIARIO,1,ASIMILABLE A DOMICILIARIO,5410,14580,9170,5,42,COMPACTADOR TRASERO,,,,,SERVICIO DE EVALUACION DE LA CALIDAD Y CONTROL AMBIENTAL,,,,,,50041,62828,1,SERVICIO DE EVALUACION DE LA CALIDAD Y CONTROL AMBIENTAL,,34,ETRA (Estacion de Transferencia),1,AUTOMATICA,NO,16/01/24 10:49,,26/12/23 12:54,2,ETRA,1,DESCARGA
4016290,26/12/23 00:00,26/12/23 12:56,STP,1,TIPO DOMICILIARIO,3,LIMPIEZA DE DEPOSITOS,2770,9190,6420,5,2,CAJA ABIERTA 6 M3,,,,,SERVICIO DE EVALUACION DE LA CALIDAD Y CONTROL AMBIENTAL,,,,,,49439,62142,1,SERVICIO DE EVALUACION DE LA CALIDAD Y CONTROL AMBIENTAL,,34,ETRA (Estacion de Transferencia),1,AUTOMATICA,NO,16/01/24 10:49,,26/12/23 13:05,2,ETRA,1,DESCARGA
4016319,26/12/23 00:00,26/12/23 13:18,STP,500,BARROS Y LODOS,501,BARROS,1880,11950,10070,5,44,CAJA ABIERTA CON VOLCADOR,,,,,SERVICIO DE EVALUACION DE LA CALIDAD Y CONTROL AMBIENTAL,,,,,,50041,62828,1,SERVICIO DE EVALUACION DE LA CALIDAD Y CONTROL AMBIENTAL,,34,ETRA (Estacion de Transferencia),1,AUTOMATICA,NO,16/01/24 10:49,,26/12/23 13:29,2,ETRA,1,DESCARGA
4016712,26/12/23 00:00,26/12/23 19:07,SIM,1,TIPO DOMICILIARIO,1,ASIMILABLE A DOMICILIARIO,13240,30550,17310,5,1,COMPACTADOR LEVANTE LAT.,,,,,SIN PERMISO,,,,,,,,,,,34,ETRA (Estacion de Transferencia),1,AUTOMATICA,NO,16/01/24 10:49,26/12/23 00:00,26/12/23 19:14,2,ETRA,1,DESCARGA
4016882,27/12/23 00:00,27/12/23 08:00,SIM,1,TIPO DOMICILIARIO,1,ASIMILABLE A DOMICILIARIO,1960,11950,9990,5,11,COMPACTADOR LEVANTE TRAS.,,,,,SIN PERMISO,,,,,,,,,,,34,ETRA (Estacion de Transferencia),1,AUTOMATICA,NO,16/01/24 10:50,26/12/23 00:00,27/12/23 08:08,2,ETRA,1,DESCARGA
4016905,27/12/23 00:00,27/12/23 08:13,SIM,1,TIPO DOMICILIARIO,1,ASIMILABLE A DOMICILIARIO,8710,27420,18710,5,50,COMPACTADOR LAT.CAJA DESM,,,,,SIN PERMISO,,,,,,,,,,,34,ETRA (Estacion de Transferencia),1,AUTOMATICA,NO,16/01/24 10:50,26/12/23 00:00,27/12/23 08:28,2,ETRA,1,DESCARGA
4016931,27/12/23 00:00,27/12/23 08:39,SIM,1,TIPO DOMICILIARIO,1,ASIMILABLE A DOMICILIARIO,8970,27780,18810,5,50,COMPACTADOR LAT.CAJA DESM,,,,,SIN PERMISO,,,,,,,,,,,34,ETRA (Estacion de Transferencia),1,AUTOMATICA,NO,16/01/24 10:50,27/12/23 00:00,27/12/23 08:50,2,ETRA,1,DESCARGA
4016932,27/12/23 00:00,27/12/23 08:35,SIM,1,TIPO DOMICILIARIO,1,ASIMILABLE A DOMICILIARIO,8060,27160,19100,5,50,COMPACTADOR LAT.CAJA DESM,,,,,SIN PERMISO,,,,,,,,,,,34,ETRA (Estacion de Transferencia),1,AUTOMATICA,NO,16/01/24 10:50,27/12/23 00:00,27/12/23 08:51,2,ETRA,1,DESCARGA
4016937,27/12/23 00:00,27/12/23 08:46,SIM,1,TIPO DOMICILIARIO,1,ASIMILABLE A DOMICILIARIO,12770,30090,17320,5,1,COMPACTADOR LEVANTE LAT.,,,,,SIN PERMISO,,,,,,,,,,,34,ETRA (Estacion de Transferencia),1,AUTOMATICA,NO,16/01/24 10:50,27/12/23 00:00,27/12/23 08:56,2,ETRA,1,DESCARGA
4016945,27/12/23 00:00,27/12/23 08:54,SIM,1,TIPO DOMICILIARIO,1,ASIMILABLE A DOMICILIARIO,8690,25840,17150,5,1,COMPACTADOR LEVANTE LAT.,,,,,SIN PERMISO,,,,,,,,,,,34,ETRA (Estacion de Transferencia),1,AUTOMATICA,NO,16/01/24 10:50,26/12/23 00:00,27/12/23 09:00,2,ETRA,1,DESCARGA
4016954,27/12/23 00:00,27/12/23 08:56,SIM,1,TIPO DOMICILIARIO,99,OTROS,10780,27160,16380,5,1,COMPACTADOR LEVANTE LAT.,,,,,SIN PERMISO,,,,,,,,,,,34,ETRA (Estacion de Transferencia),1,AUTOMATICA,NO,16/01/24 10:50,27/12/23 00:00,27/12/23 09:04,2,ETRA,1,DESCARGA
4016967,27/12/23 00:00,27/12/23 09:10,SIM,1,TIPO DOMICILIARIO,1,ASIMILABLE A DOMICILIARIO,15080,32120,17040,5,1,COMPACTADOR LEVANTE LAT.,,,,,SIN PERMISO,,,,,,,,,,,34,ETRA (Estacion de Transferencia),1,AUTOMATICA,NO,16/01/24 10:50,27/12/23 00:00,27/12/23 09:17,2,ETRA,1,DESCARGA
4016970,27/12/23 00:00,27/12/23 09:09,SIM,1,TIPO DOMICILIARIO,1,ASIMILABLE A DOMICILIARIO,12270,31100,18830,5,50,COMPACTADOR LAT.CAJA DESM,,,,,SIN PERMISO,,,,,,,,,,,34,ETRA (Estacion de Transferencia),1,AUTOMATICA,NO,16/01/24 10:50,27/12/23 00:00,27/12/23 09:18,2,ETRA,1,DESCARGA
4016971,27/12/23 00:00,27/12/23 09:11,SDC,1,TIPO DOMICILIARIO,3,LIMPIEZA DE DEPOSITOS,1300,4700,3400,5,3,CAJA CERRADA,,,,,SERVICIO DE EVALUACION DE LA CALIDAD Y CONTROL AMBIENTAL,,,,,,50011,62873,1,SERVICIO DE EVALUACION DE LA CALIDAD Y CONTROL AMBIENTAL,,34,ETRA (Estacion de Transferencia),1,AUTOMATICA,NO,16/01/24 10:50,,27/12/23 09:20,2,ETRA,1,DESCARGA
4016992,27/12/23 00:00,27/12/23 09:31,SIM,1,TIPO DOMICILIARIO,1,ASIMILABLE A DOMICILIARIO,8680,25520,16840,5,1,COMPACTADOR LEVANTE LAT.,,,,,SIN PERMISO,,,,,,,,,,,34,ETRA (Estacion de Transferencia),1,AUTOMATICA,NO,16/01/24 10:50,27/12/23 00:00,27/12/23 09:39,2,ETRA,1,DESCARGA
4016995,27/12/23 00:00,27/12/23 09:27,SIM,2,TIPO NO DOMICILIARIO,22,NO DOMICILIARIO - FRACCIÓN HÚMEDA,6490,16680,10190,5,11,COMPACTADOR LEVANTE TRAS.,,,,,SIN PERMISO,,,,,,,,,,,34,ETRA (Estacion de Transferencia),1,AUTOMATICA,NO,16/01/24 10:50,26/12/23 00:00,27/12/23 09:41,2,ETRA,1,DESCARGA
4016998,27/12/23 00:00,27/12/23 09:35,SDA,1,TIPO DOMICILIARIO,3,LIMPIEZA DE DEPOSITOS,780,4370,3590,5,3,CAJA CERRADA,,,,,SERVICIO DE EVALUACION DE LA CALIDAD Y CONTROL AMBIENTAL,,,,,,50041,62828,1,SERVICIO DE EVALUACION DE LA CALIDAD Y CONTROL AMBIENTAL,,34,ETRA (Estacion de Transferencia),1,AUTOMATICA,NO,16/01/24 10:50,,27/12/23 09:43,2,ETRA,1,DESCARGA
4017003,27/12/23 00:00,27/12/23 09:30,STP,500,BARROS Y LODOS,501,BARROS,1910,11970,10060,5,44,CAJA ABIERTA CON VOLCADOR,,,,,SERVICIO DE EVALUACION DE LA CALIDAD Y CONTROL AMBIENTAL,,,,,,50041,62828,1,SERVICIO DE EVALUACION DE LA CALIDAD Y CONTROL AMBIENTAL,,34,ETRA (Estacion de Transferencia),1,AUTOMATICA,NO,16/01/24 10:50,,27/12/23 09:47,2,ETRA,1,DESCARGA
4017010,27/12/23 00:00,27/12/23 09:40,STP,100,CONSTRUCCION,101,ESCOMBRO SUCIO,5280,15130,9850,5,12,CAJA ABIERTA 10 M3,,,,,SERVICIO DE EVALUACION DE LA CALIDAD Y CONTROL AMBIENTAL,,,,,,50041,62828,1,SERVICIO DE EVALUACION DE LA CALIDAD Y CONTROL AMBIENTAL,,34,ETRA (Estacion de Transferencia),1,AUTOMATICA,NO,16/01/24 10:50,,27/12/23 09:51,2,ETRA,1,DESCARGA
4017013,27/12/23 00:00,27/12/23 09:37,SIM,1,TIPO DOMICILIARIO,1,ASIMILABLE A DOMICILIARIO,5800,24500,18700,5,50,COMPACTADOR LAT.CAJA DESM,,,,,SIN PERMISO,,,,,,,,,,,34,ETRA (Estacion de Transferencia),1,AUTOMATICA,NO,16/01/24 10:50,26/12/23 00:00,27/12/23 09:52,2,ETRA,1,DESCARGA
4017017,27/12/23 00:00,27/12/23 09:46,STP,100,CONSTRUCCION,104,TIERRA SUCIA,1240,11550,10310,5,2,CAJA ABIERTA 6 M3,,,,,SERVICIO DE EVALUACION DE LA CALIDAD Y CONTROL AMBIENTAL,,,,,,50041,62828,1,SERVICIO DE EVALUACION DE LA CALIDAD Y CONTROL AMBIENTAL,,34,ETRA (Estacion de Transferencia),1,AUTOMATICA,NO,16/01/24 10:50,,27/12/23 09:58,2,ETRA,1,DESCARGA
4017021,27/12/23 00:00,27/12/23 09:50,SIM,1,TIPO DOMICILIARIO,1,ASIMILABLE A DOMICILIARIO,2240,12750,10510,5,11,COMPACTADOR LEVANTE TRAS.,,,,,SIN PERMISO,,,,,,,,,,,34,ETRA (Estacion de Transferencia),1,AUTOMATICA,NO,16/01/24 10:50,27/12/23 00:00,27/12/23 09:59,2,ETRA,1,DESCARGA
4017041,27/12/23 00:00,27/12/23 10:08,SIM,1,TIPO DOMICILIARIO,1,ASIMILABLE A DOMICILIARIO,5430,15870,10440,5,10,COMPACTADOR CONVENCIONAL,,,,,SIN PERMISO,,,,,,,,,,,34,ETRA (Estacion de Transferencia),1,AUTOMATICA,NO,16/01/24 10:50,27/12/23 00:00,27/12/23 10:15,2,ETRA,1,DESCARGA
4017065,27/12/23 00:00,27/12/23 10:19,SCX,1,TIPO DOMICILIARIO,3,LIMPIEZA DE DEPOSITOS,550,3830,3280,5,3,CAJA CERRADA,,,,,SERVICIO DE EVALUACION DE LA CALIDAD Y CONTROL AMBIENTAL,,,,,,50011,62873,1,SERVICIO DE EVALUACION DE LA CALIDAD Y CONTROL AMBIENTAL,,34,ETRA (Estacion de Transferencia),1,AUTOMATICA,NO,16/01/24 10:50,,27/12/23 10:28,2,ETRA,1,DESCARGA
4017083,27/12/23 00:00,27/12/23 10:30,SIM,1,TIPO DOMICILIARIO,1,ASIMILABLE A DOMICILIARIO,8860,27600,18740,5,50,COMPACTADOR LAT.CAJA DESM,,,,,SIN PERMISO,,,,,,,,,,,34,ETRA (Estacion de Transferencia),1,AUTOMATICA,NO,16/01/24 10:50,27/12/23 00:00,27/12/23 10:41,2,ETRA,1,DESCARGA
4017086,27/12/23 00:00,27/12/23 10:37,SDB,1,TIPO DOMICILIARIO,1,ASIMILABLE A DOMICILIARIO,2430,11820,9390,5,10,COMPACTADOR CONVENCIONAL,,,,,SERVICIO DE EVALUACION DE LA CALIDAD Y CONTROL AMBIENTAL,,,,,,50041,62828,1,SERVICIO DE EVALUACION DE LA CALIDAD Y CONTROL AMBIENTAL,,34,ETRA (Estacion de Transferencia),1,AUTOMATICA,NO,16/01/24 10:50,,27/12/23 10:43,2,ETRA,1,DESCARGA
4017094,27/12/23 00:00,27/12/23 10:39,SIM,1,TIPO DOMICILIARIO,1,ASIMILABLE A DOMICILIARIO,6210,16300,10090,5,10,COMPACTADOR CONVENCIONAL,,,,,SIN PERMISO,,,,,,,,,,,34,ETRA (Estacion de Transferencia),1,AUTOMATICA,NO,16/01/24 10:50,,27/12/23 10:46,2,ETRA,1,DESCARGA
4017121,27/12/23 00:00,27/12/23 10:56,SDC,1,TIPO DOMICILIARIO,3,LIMPIEZA DE DEPOSITOS,1320,4850,3530,5,3,CAJA CERRADA,,,,,SERVICIO DE EVALUACION DE LA CALIDAD Y CONTROL AMBIENTAL,,,,,,50011,62873,1,SERVICIO DE EVALUACION DE LA CALIDAD Y CONTROL AMBIENTAL,,34,ETRA (Estacion de Transferencia),1,AUTOMATICA,NO,16/01/24 10:50,,27/12/23 11:05,2,ETRA,1,DESCARGA
4017125,27/12/23 00:00,27/12/23 10:50,SIM,1,TIPO DOMICILIARIO,1,ASIMILABLE A DOMICILIARIO,9640,28450,18810,5,50,COMPACTADOR LAT.CAJA DESM,,,,,SIN PERMISO,,,,,,,,,,,34,ETRA (Estacion de Transferencia),1,AUTOMATICA,NO,16/01/24 10:50,27/12/23 00:00,27/12/23 11:06,2,ETRA,1,DESCARGA
4017127,27/12/23 00:00,27/12/23 11:01,SIM,1,TIPO DOMICILIARIO,1,ASIMILABLE A DOMICILIARIO,10500,27650,17150,5,1,COMPACTADOR LEVANTE LAT.,,,,,SIN PERMISO,,,,,,,,,,,34,ETRA (Estacion de Transferencia),1,AUTOMATICA,NO,16/01/24 10:50,26/12/23 00:00,27/12/23 11:07,2,ETRA,1,DESCARGA
4017133,27/12/23 00:00,27/12/23 11:02,SIM,1,TIPO DOMICILIARIO,1,ASIMILABLE A DOMICILIARIO,6000,16260,10260,5,10,COMPACTADOR CONVENCIONAL,,,,,SIN PERMISO,,,,,,,,,,,34,ETRA (Estacion de Transferencia),1,AUTOMATICA,NO,16/01/24 10:50,,27/12/23 11:10,2,ETRA,1,DESCARGA
4017136,27/12/23 00:00,27/12/23 11:06,SIM,1,TIPO DOMICILIARIO,1,ASIMILABLE A DOMICILIARIO,10390,27660,17270,5,1,COMPACTADOR LEVANTE LAT.,,,,,SIN PERMISO,,,,,,,,,,,34,ETRA (Estacion de Transferencia),1,AUTOMATICA,NO,16/01/24 10:50,27/12/23 00:00,27/12/23 11:12,2,ETRA,1,DESCARGA
4017143,27/12/23 00:00,27/12/23 11:09,SIM,2,TIPO NO DOMICILIARIO,22,NO DOMICILIARIO - FRACCIÓN HÚMEDA,6100,16570,10470,5,11,COMPACTADOR LEVANTE TRAS.,,,,,SIN PERMISO,,,,,,,,,,,34,ETRA (Estacion de Transferencia),1,AUTOMATICA,NO,16/01/24 10:50,26/12/23 00:00,27/12/23 11:15,2,ETRA,1,DESCARGA
4017159,27/12/23 00:00,27/12/23 11:19,SIM,1,TIPO DOMICILIARIO,99,OTROS,11140,27430,16290,5,1,COMPACTADOR LEVANTE LAT.,,,,,SIN PERMISO,,,,,,,,,,,34,ETRA (Estacion de Transferencia),1,AUTOMATICA,NO,16/01/24 10:50,27/12/23 00:00,27/12/23 11:26,2,ETRA,1,DESCARGA
4017162,27/12/23 00:00,27/12/23 11:21,SIM,2,TIPO NO DOMICILIARIO,22,NO DOMICILIARIO - FRACCIÓN HÚMEDA,2740,12910,10170,5,11,COMPACTADOR LEVANTE TRAS.,,,,,SIN PERMISO,,,,,,,,,,,34,ETRA (Estacion de Transferencia),1,AUTOMATICA,NO,16/01/24 10:50,26/12/23 00:00,27/12/23 11:28,2,ETRA,1,DESCARGA
4017165,27/12/23 00:00,27/12/23 11:23,STP,1,TIPO DOMICILIARIO,2,BARRIDO,1090,8440,7350,5,2,CAJA ABIERTA 6 M3,,,,,SERVICIO DE EVALUACION DE LA CALIDAD Y CONTROL AMBIENTAL,,,,,,50041,62828,1,SERVICIO DE EVALUACION DE LA CALIDAD Y CONTROL AMBIENTAL,,34,ETRA (Estacion de Transferencia),1,AUTOMATICA,NO,16/01/24 10:50,,27/12/23 11:29,2,ETRA,1,DESCARGA
4017171,27/12/23 00:00,27/12/23 11:22,STP,100,CONSTRUCCION,101,ESCOMBRO SUCIO,3360,13200,9840,5,12,CAJA ABIERTA 10 M3,,,,,SERVICIO DE EVALUACION DE LA CALIDAD Y CONTROL AMBIENTAL,,,,,,50041,62828,1,SERVICIO DE EVALUACION DE LA CALIDAD Y CONTROL AMBIENTAL,,34,ETRA (Estacion de Transferencia),1,AUTOMATICA,NO,16/01/24 10:50,,27/12/23 11:31,2,ETRA,1,DESCARGA
4017181,27/12/23 00:00,27/12/23 11:25,SIM,1,TIPO DOMICILIARIO,1,ASIMILABLE A DOMICILIARIO,10680,29420,18740,5,50,COMPACTADOR LAT.CAJA DESM,,,,,SIN PERMISO,,,,,,,,,,,34,ETRA (Estacion de Transferencia),1,AUTOMATICA,NO,16/01/24 10:50,27/12/23 00:00,27/12/23 11:39,2,ETRA,1,DESCARGA
4017183,27/12/23 00:00,27/12/23 11:34,SIM,1,TIPO DOMICILIARIO,1,ASIMILABLE A DOMICILIARIO,5300,15680,10380,5,42,COMPACTADOR TRASERO,,,,,SIN PERMISO,,,,,,,,,,,34,ETRA (Estacion de Transferencia),1,AUTOMATICA,NO,16/01/24 10:50,27/12/23 00:00,27/12/23 11:41,2,ETRA,1,DESCARGA
4017187,27/12/23 00:00,27/12/23 11:35,SIM,1,TIPO DOMICILIARIO,1,ASIMILABLE A DOMICILIARIO,14500,31660,17160,5,1,COMPACTADOR LEVANTE LAT.,,,,,SIN PERMISO,,,,,,,,,,,34,ETRA (Estacion de Transferencia),1,AUTOMATICA,NO,16/01/24 10:50,27/12/23 00:00,27/12/23 11:43,2,ETRA,1,DESCARGA
4017191,27/12/23 00:00,27/12/23 11:38,STP,1,TIPO DOMICILIARIO,1,ASIMILABLE A DOMICILIARIO,3260,10750,7490,5,2,CAJA ABIERTA 6 M3,,,,,SERVICIO DE EVALUACION DE LA CALIDAD Y CONTROL AMBIENTAL,,,,,,50041,62828,1,SERVICIO DE EVALUACION DE LA CALIDAD Y CONTROL AMBIENTAL,,34,ETRA (Estacion de Transferencia),1,AUTOMATICA,NO,16/01/24 10:50,,27/12/23 11:45,2,ETRA,1,DESCARGA
4017216,27/12/23 00:00,27/12/23 11:52,STP,1,TIPO DOMICILIARIO,3,LIMPIEZA DE DEPOSITOS,2930,9950,7020,5,2,CAJA ABIERTA 6 M3,,,,,SERVICIO DE EVALUACION DE LA CALIDAD Y CONTROL AMBIENTAL,,,,,,49439,62142,1,SERVICIO DE EVALUACION DE LA CALIDAD Y CONTROL AMBIENTAL,,34,ETRA (Estacion de Transferencia),1,AUTOMATICA,NO,16/01/24 10:50,,27/12/23 12:02,2,ETRA,1,DESCARGA
4017219,27/12/23 00:00,27/12/23 11:55,SDA,1,TIPO DOMICILIARIO,3,LIMPIEZA DE DEPOSITOS,1860,5460,3600,5,3,CAJA CERRADA,,,,,SERVICIO DE EVALUACION DE LA CALIDAD Y CONTROL AMBIENTAL,,,,,,50011,62873,1,SERVICIO DE EVALUACION DE LA CALIDAD Y CONTROL AMBIENTAL,,34,ETRA (Estacion de Transferencia),1,AUTOMATICA,NO,16/01/24 10:50,,27/12/23 12:03,2,ETRA,1,DESCARGA
4017222,27/12/23 00:00,27/12/23 11:53,STP,100,CONSTRUCCION,104,TIERRA SUCIA,3090,13390,10300,5,2,CAJA ABIERTA 6 M3,,,,,SERVICIO DE EVALUACION DE LA CALIDAD Y CONTROL AMBIENTAL,,,,,,50041,62828,1,SERVICIO DE EVALUACION DE LA CALIDAD Y CONTROL AMBIENTAL,,34,ETRA (Estacion de Transferencia),1,AUTOMATICA,NO,16/01/24 10:50,,27/12/23 12:05,2,ETRA,1,DESCARGA
4017224,27/12/23 00:00,27/12/23 11:56,SDB,1,TIPO DOMICILIARIO,1,ASIMILABLE A DOMICILIARIO,5200,14520,9320,5,11,COMPACTADOR LEVANTE TRAS.,,,,,SERVICIO DE EVALUACION DE LA CALIDAD Y CONTROL AMBIENTAL,,,,,,50041,62828,1,SERVICIO DE EVALUACION DE LA CALIDAD Y CONTROL AMBIENTAL,,34,ETRA (Estacion de Transferencia),1,AUTOMATICA,NO,16/01/24 10:50,,27/12/23 12:06,2,ETRA,1,DESCARGA
4017230,27/12/23 00:00,27/12/23 11:57,STP,1,TIPO DOMICILIARIO,3,LIMPIEZA DE DEPOSITOS,1150,7750,6600,5,2,CAJA ABIERTA 6 M3,,,,,SERVICIO DE EVALUACION DE LA CALIDAD Y CONTROL AMBIENTAL,,,,,,50041,62828,1,SERVICIO DE EVALUACION DE LA CALIDAD Y CONTROL AMBIENTAL,,34,ETRA (Estacion de Transferencia),1,AUTOMATICA,NO,16/01/24 10:50,,27/12/23 12:09,2,ETRA,1,DESCARGA
4017241,27/12/23 00:00,27/12/23 12:00,STP,1,TIPO DOMICILIARIO,3,LIMPIEZA DE DEPOSITOS,2400,8980,6580,5,2,CAJA ABIERTA 6 M3,,,,,SERVICIO DE EVALUACION DE LA CALIDAD Y CONTROL AMBIENTAL,,,,,,50041,62828,1,SERVICIO DE EVALUACION DE LA CALIDAD Y CONTROL AMBIENTAL,,34,ETRA (Estacion de Transferencia),1,AUTOMATICA,NO,16/01/24 10:50,,27/12/23 12:16,2,ETRA,1,DESCARGA
4017247,27/12/23 00:00,27/12/23 12:08,STP,1,TIPO DOMICILIARIO,3,LIMPIEZA DE DEPOSITOS,1730,8820,7090,5,21,RETROEXCAVADORA,,,,,SERVICIO DE EVALUACION DE LA CALIDAD Y CONTROL AMBIENTAL,,,,,,49439,62142,1,SERVICIO DE EVALUACION DE LA CALIDAD Y CONTROL AMBIENTAL,,34,ETRA (Estacion de Transferencia),1,AUTOMATICA,NO,16/01/24 10:50,,27/12/23 12:21,2,ETRA,1,DESCARGA
4017256,27/12/23 00:00,27/12/23 12:20,STP,1,TIPO DOMICILIARIO,3,LIMPIEZA DE DEPOSITOS,1850,8460,6610,5,2,CAJA ABIERTA 6 M3,,,,,SERVICIO DE EVALUACION DE LA CALIDAD Y CONTROL AMBIENTAL,,,,,,49439,62142,1,SERVICIO DE EVALUACION DE LA CALIDAD Y CONTROL AMBIENTAL,,34,ETRA (Estacion de Transferencia),1,AUTOMATICA,NO,16/01/24 10:50,,27/12/23 12:26,2,ETRA,1,DESCARGA
4017268,27/12/23 00:00,27/12/23 12:26,SDB,1,TIPO DOMICILIARIO,2,BARRIDO,2560,11900,9340,5,11,COMPACTADOR LEVANTE TRAS.,,,,,SERVICIO DE EVALUACION DE LA CALIDAD Y CONTROL AMBIENTAL,,,,,,50041,62828,1,SERVICIO DE EVALUACION DE LA CALIDAD Y CONTROL AMBIENTAL,,34,ETRA (Estacion de Transferencia),1,AUTOMATICA,NO,16/01/24 10:50,,27/12/23 12:33,2,ETRA,1,DESCARGA
4017274,27/12/23 00:00,27/12/23 12:34,SDB,1,TIPO DOMICILIARIO,1,ASIMILABLE A DOMICILIARIO,3270,12360,9090,5,11,COMPACTADOR LEVANTE TRAS.,,,,,SERVICIO DE EVALUACION DE LA CALIDAD Y CONTROL AMBIENTAL,,,,,,50041,62828,1,SERVICIO DE EVALUACION DE LA CALIDAD Y CONTROL AMBIENTAL,,34,ETRA (Estacion de Transferencia),1,AUTOMATICA,NO,16/01/24 10:50,,27/12/23 12:39,2,ETRA,1,DESCARGA
4017279,27/12/23 00:00,27/12/23 12:38,SDB,1,TIPO DOMICILIARIO,2,BARRIDO,2470,11670,9200,5,2,CAJA ABIERTA 6 M3,,,,,SERVICIO DE EVALUACION DE LA CALIDAD Y CONTROL AMBIENTAL,,,,,,50041,62828,1,SERVICIO DE EVALUACION DE LA CALIDAD Y CONTROL AMBIENTAL,,34,ETRA (Estacion de Transferencia),1,AUTOMATICA,NO,16/01/24 10:50,,27/12/23 12:43,2,ETRA,1,DESCARGA
4017290,27/12/23 00:00,27/12/23 12:42,SDB,1,TIPO DOMICILIARIO,1,ASIMILABLE A DOMICILIARIO,4750,13890,9140,5,42,COMPACTADOR TRASERO,,,,,SERVICIO DE EVALUACION DE LA CALIDAD Y CONTROL AMBIENTAL,,,,,,50041,62828,1,SERVICIO DE EVALUACION DE LA CALIDAD Y CONTROL AMBIENTAL,,34,ETRA (Estacion de Transferencia),1,AUTOMATICA,NO,16/01/24 10:50,,27/12/23 12:49,2,ETRA,1,DESCARGA
4017292,27/12/23 00:00,27/12/23 12:40,STP,500,BARROS Y LODOS,501,BARROS,1470,11500,10030,5,44,CAJA ABIERTA CON VOLCADOR,,,,,SERVICIO DE EVALUACION DE LA CALIDAD Y CONTROL AMBIENTAL,,,,,,50041,62828,1,SERVICIO DE EVALUACION DE LA CALIDAD Y CONTROL AMBIENTAL,,34,ETRA (Estacion de Transferencia),1,AUTOMATICA,NO,16/01/24 10:50,,27/12/23 12:53,2,ETRA,1,DESCARGA
4017293,27/12/23 00:00,27/12/23 12:37,SDB,1,TIPO DOMICILIARIO,1,ASIMILABLE A DOMICILIARIO,4160,13310,9150,5,11,COMPACTADOR LEVANTE TRAS.,,,,,SERVICIO DE EVALUACION DE LA CALIDAD Y CONTROL AMBIENTAL,,,,,,50041,62828,1,SERVICIO DE EVALUACION DE LA CALIDAD Y CONTROL AMBIENTAL,,34,ETRA (Estacion de Transferencia),1,AUTOMATICA,NO,16/01/24 10:50,,27/12/23 12:56,2,ETRA,1,DESCARGA
4017890,28/12/23 00:00,28/12/23 07:59,SIM,1,TIPO DOMICILIARIO,1,ASIMILABLE A DOMICILIARIO,4550,14890,10340,5,10,COMPACTADOR CONVENCIONAL,,,,,SIN PERMISO,,,,,,,,,,,34,ETRA (Estacion de Transferencia),1,AUTOMATICA,NO,16/01/24 10:50,,28/12/23 08:07,2,ETRA,1,DESCARGA
4017923,28/12/23 00:00,28/12/23 08:27,SIM,1,TIPO DOMICILIARIO,1,ASIMILABLE A DOMICILIARIO,11600,25620,14020,5,49,TRANSPORTADOR CAJA DESM,,,,,SIN PERMISO,,,,,,,,,,,34,ETRA (Estacion de Transferencia),1,AUTOMATICA,NO,16/01/24 10:50,28/12/23 00:00,28/12/23 08:34,2,ETRA,1,DESCARGA
4017935,28/12/23 00:00,28/12/23 08:38,SDB,1,TIPO DOMICILIARIO,1,ASIMILABLE A DOMICILIARIO,3900,13010,9110,5,10,COMPACTADOR CONVENCIONAL,,,,,SERVICIO DE EVALUACION DE LA CALIDAD Y CONTROL AMBIENTAL,,,,,,50041,62828,1,SERVICIO DE EVALUACION DE LA CALIDAD Y CONTROL AMBIENTAL,,34,ETRA (Estacion de Transferencia),1,AUTOMATICA,NO,16/01/24 10:50,,28/12/23 08:43,2,ETRA,1,DESCARGA
4017941,28/12/23 00:00,28/12/23 08:37,SIM,1,TIPO DOMICILIARIO,1,ASIMILABLE A DOMICILIARIO,12920,29360,16440,5,1,COMPACTADOR LEVANTE LAT.,,,,,SIN PERMISO,,,,,,,,,,,34,ETRA (Estacion de Transferencia),1,AUTOMATICA,NO,16/01/24 10:50,27/12/23 00:00,28/12/23 08:47,2,ETRA,1,DESCARGA
4017942,28/12/23 00:00,28/12/23 08:40,SIM,1,TIPO DOMICILIARIO,1,ASIMILABLE A DOMICILIARIO,10970,27460,16490,5,1,COMPACTADOR LEVANTE LAT.,,,,,SIN PERMISO,,,,,,,,,,,34,ETRA (Estacion de Transferencia),1,AUTOMATICA,NO,16/01/24 10:50,28/12/23 00:00,28/12/23 08:48,2,ETRA,1,DESCARGA
4017966,28/12/23 00:00,28/12/23 08:59,SIM,1,TIPO DOMICILIARIO,1,ASIMILABLE A DOMICILIARIO,2460,9780,7320,5,2,CAJA ABIERTA 6 M3,,,,,SIN PERMISO,,,,,,,,,,,34,ETRA (Estacion de Transferencia),1,AUTOMATICA,NO,16/01/24 10:50,27/12/23 00:00,28/12/23 09:06,2,ETRA,1,DESCARGA
4017978,28/12/23 00:00,28/12/23 09:05,SIM,1,TIPO DOMICILIARIO,99,OTROS,8340,27600,19260,5,50,COMPACTADOR LAT.CAJA DESM,,,,,SIN PERMISO,,,,,,,,,,,34,ETRA (Estacion de Transferencia),1,AUTOMATICA,NO,16/01/24 10:50,27/12/23 00:00,28/12/23 09:15,2,ETRA,1,DESCARGA
4017983,28/12/23 00:00,28/12/23 09:13,SIM,1,TIPO DOMICILIARIO,1,ASIMILABLE A DOMICILIARIO,1080,11560,10480,5,10,COMPACTADOR CONVENCIONAL,,,,,SIN PERMISO,,,,,,,,,,,34,ETRA (Estacion de Transferencia),1,AUTOMATICA,NO,16/01/24 10:50,28/12/23 00:00,28/12/23 09:19,2,ETRA,1,DESCARGA
4017994,28/12/23 00:00,28/12/23 09:18,SIM,1,TIPO DOMICILIARIO,1,ASIMILABLE A DOMICILIARIO,10600,27650,17050,5,1,COMPACTADOR LEVANTE LAT.,,,,,SIN PERMISO,,,,,,,,,,,34,ETRA (Estacion de Transferencia),1,AUTOMATICA,NO,16/01/24 10:50,27/12/23 00:00,28/12/23 09:25,2,ETRA,1,DESCARGA
4018003,28/12/23 00:00,28/12/23 09:24,SIM,1,TIPO DOMICILIARIO,1,ASIMILABLE A DOMICILIARIO,3680,11430,7750,5,2,CAJA ABIERTA 6 M3,,,,,SIN PERMISO,,,,,,,,,,,34,ETRA (Estacion de Transferencia),1,AUTOMATICA,NO,16/01/24 10:50,27/12/23 00:00,28/12/23 09:30,2,ETRA,1,DESCARGA
4018011,28/12/23 00:00,28/12/23 09:17,SIM,1,TIPO DOMICILIARIO,1,ASIMILABLE A DOMICILIARIO,9140,27870,18730,5,50,COMPACTADOR LAT.CAJA DESM,,,,,SIN PERMISO,,,,,,,,,,,34,ETRA (Estacion de Transferencia),1,AUTOMATICA,NO,16/01/24 10:50,28/12/23 00:00,28/12/23 09:34,2,ETRA,1,DESCARGA
4018016,28/12/23 00:00,28/12/23 09:29,SIM,1,TIPO DOMICILIARIO,1,ASIMILABLE A DOMICILIARIO,2380,10590,8210,5,2,CAJA ABIERTA 6 M3,,,,,SIN PERMISO,,,,,,,,,,,34,ETRA (Estacion de Transferencia),1,AUTOMATICA,NO,16/01/24 10:50,27/12/23 00:00,28/12/23 09:35,2,ETRA,1,DESCARGA
4018026,28/12/23 00:00,28/12/23 09:34,SIM,1,TIPO DOMICILIARIO,1,ASIMILABLE A DOMICILIARIO,11730,29080,17350,5,1,COMPACTADOR LEVANTE LAT.,,,,,SIN PERMISO,,,,,,,,,,,34,ETRA (Estacion de Transferencia),1,AUTOMATICA,NO,16/01/24 10:50,28/12/23 00:00,28/12/23 09:40,2,ETRA,1,DESCARGA
4018033,28/12/23 00:00,28/12/23 09:37,SDA,1,TIPO DOMICILIARIO,3,LIMPIEZA DE DEPOSITOS,790,4310,3520,5,3,CAJA CERRADA,,,,,SERVICIO DE EVALUACION DE LA CALIDAD Y CONTROL AMBIENTAL,,,,,,50011,62873,1,SERVICIO DE EVALUACION DE LA CALIDAD Y CONTROL AMBIENTAL,,34,ETRA (Estacion de Transferencia),1,AUTOMATICA,NO,16/01/24 10:50,,28/12/23 09:43,2,ETRA,1,DESCARGA
4018044,28/12/23 00:00,28/12/23 09:42,SIM,1,TIPO DOMICILIARIO,1,ASIMILABLE A DOMICILIARIO,9140,26190,17050,5,1,COMPACTADOR LEVANTE LAT.,,,,,SIN PERMISO,,,,,,,,,,,34,ETRA (Estacion de Transferencia),1,AUTOMATICA,NO,16/01/24 10:50,28/12/23 00:00,28/12/23 09:49,2,ETRA,1,DESCARGA
4018051,28/12/23 00:00,28/12/23 09:44,STP,500,BARROS Y LODOS,501,BARROS,1790,11810,10020,5,44,CAJA ABIERTA CON VOLCADOR,,,,,SERVICIO DE EVALUACION DE LA CALIDAD Y CONTROL AMBIENTAL,,,,,,50041,62828,1,SERVICIO DE EVALUACION DE LA CALIDAD Y CONTROL AMBIENTAL,,34,ETRA (Estacion de Transferencia),1,AUTOMATICA,NO,16/01/24 10:50,,28/12/23 09:56,2,ETRA,1,DESCARGA
4018062,28/12/23 00:00,28/12/23 09:59,SDC,1,TIPO DOMICILIARIO,3,LIMPIEZA DE DEPOSITOS,660,4180,3520,5,3,CAJA CERRADA,,,,,SERVICIO DE EVALUACION DE LA CALIDAD Y CONTROL AMBIENTAL,,,,,,50011,62873,1,SERVICIO DE EVALUACION DE LA CALIDAD Y CONTROL AMBIENTAL,,34,ETRA (Estacion de Transferencia),1,AUTOMATICA,NO,16/01/24 10:50,,28/12/23 10:07,2,ETRA,1,DESCARGA
4018065,28/12/23 00:00,28/12/23 10:03,SIM,1,TIPO DOMICILIARIO,1,ASIMILABLE A DOMICILIARIO,2080,12450,10370,5,10,COMPACTADOR CONVENCIONAL,,,,,SIN PERMISO,,,,,,,,,,,34,ETRA (Estacion de Transferencia),1,AUTOMATICA,NO,16/01/24 10:50,27/12/23 00:00,28/12/23 10:10,2,ETRA,1,DESCARGA
4018073,28/12/23 00:00,28/12/23 10:06,STP,100,CONSTRUCCION,104,TIERRA SUCIA,5200,15470,10270,5,2,CAJA ABIERTA 6 M3,,,,,SERVICIO DE EVALUACION DE LA CALIDAD Y CONTROL AMBIENTAL,,,,,,50041,62828,1,SERVICIO DE EVALUACION DE LA CALIDAD Y CONTROL AMBIENTAL,,34,ETRA (Estacion de Transferencia),1,AUTOMATICA,NO,16/01/24 10:50,,28/12/23 10:18,2,ETRA,1,DESCARGA
4018081,28/12/23 00:00,28/12/23 10:12,SIM,1,TIPO DOMICILIARIO,1,ASIMILABLE A DOMICILIARIO,3440,10760,7320,5,2,CAJA ABIERTA 6 M3,,,,,SIN PERMISO,,,,,,,,,,,34,ETRA (Estacion de Transferencia),1,AUTOMATICA,NO,16/01/24 10:50,27/12/23 00:00,28/12/23 10:22,2,ETRA,1,DESCARGA
4018094,28/12/23 00:00,28/12/23 10:21,SIM,1,TIPO DOMICILIARIO,1,ASIMILABLE A DOMICILIARIO,1340,11520,10180,5,11,COMPACTADOR LEVANTE TRAS.,,,,,SIN PERMISO,,,,,,,,,,,34,ETRA (Estacion de Transferencia),1,AUTOMATICA,NO,16/01/24 10:50,27/12/23 00:00,28/12/23 10:28,2,ETRA,1,DESCARGA
4018100,28/12/23 00:00,28/12/23 10:25,SIM,1,TIPO DOMICILIARIO,1,ASIMILABLE A DOMICILIARIO,2740,13210,10470,5,10,COMPACTADOR CONVENCIONAL,,,,,SIN PERMISO,,,,,,,,,,,34,ETRA (Estacion de Transferencia),1,AUTOMATICA,NO,16/01/24 10:50,28/12/23 00:00,28/12/23 10:31,2,ETRA,1,DESCARGA
4018127,28/12/23 00:00,28/12/23 10:43,SIM,1,TIPO DOMICILIARIO,1,ASIMILABLE A DOMICILIARIO,4150,11900,7750,5,2,CAJA ABIERTA 6 M3,,,,,SIN PERMISO,,,,,,,,,,,34,ETRA (Estacion de Transferencia),1,AUTOMATICA,NO,16/01/24 10:50,27/12/23 00:00,28/12/23 10:48,2,ETRA,1,DESCARGA
4018132,28/12/23 00:00,28/12/23 10:45,SIM,1,TIPO DOMICILIARIO,1,ASIMILABLE A DOMICILIARIO,13880,30780,16900,5,1,COMPACTADOR LEVANTE LAT.,,,,,SIN PERMISO,,,,,,,,,,,34,ETRA (Estacion de Transferencia),1,AUTOMATICA,NO,16/01/24 10:50,28/12/23 00:00,28/12/23 10:55,2,ETRA,1,DESCARGA
4018148,28/12/23 00:00,28/12/23 10:57,SIM,1,TIPO DOMICILIARIO,1,ASIMILABLE A DOMICILIARIO,6830,23830,17000,5,1,COMPACTADOR LEVANTE LAT.,,,,,SIN PERMISO,,,,,,,,,,,34,ETRA (Estacion de Transferencia),1,AUTOMATICA,NO,16/01/24 10:50,28/12/23 00:00,28/12/23 11:04,2,ETRA,1,DESCARGA
4018160,28/12/23 00:00,28/12/23 10:59,STP,100,CONSTRUCCION,101,ESCOMBRO SUCIO,5100,14910,9810,5,12,CAJA ABIERTA 10 M3,,,,,SERVICIO DE EVALUACION DE LA CALIDAD Y CONTROL AMBIENTAL,,,,,,50041,62828,1,SERVICIO DE EVALUACION DE LA CALIDAD Y CONTROL AMBIENTAL,,34,ETRA (Estacion de Transferencia),1,AUTOMATICA,NO,16/01/24 10:50,,28/12/23 11:09,2,ETRA,1,DESCARGA
4018171,28/12/23 00:00,28/12/23 11:00,SIM,1,TIPO DOMICILIARIO,1,ASIMILABLE A DOMICILIARIO,8880,27690,18810,5,50,COMPACTADOR LAT.CAJA DESM,,,,,SIN PERMISO,,,,,,,,,,,34,ETRA (Estacion de Transferencia),1,AUTOMATICA,NO,16/01/24 10:50,28/12/23 00:00,28/12/23 11:14,2,ETRA,1,DESCARGA
4018177,28/12/23 00:00,28/12/23 11:08,SDA,1,TIPO DOMICILIARIO,3,LIMPIEZA DE DEPOSITOS,2110,5770,3660,5,3,CAJA CERRADA,,,,,SERVICIO DE EVALUACION DE LA CALIDAD Y CONTROL AMBIENTAL,,,,,,50011,62873,1,SERVICIO DE EVALUACION DE LA CALIDAD Y CONTROL AMBIENTAL,,34,ETRA (Estacion de Transferencia),1,AUTOMATICA,NO,16/01/24 10:50,,28/12/23 11:16,2,ETRA,1,DESCARGA
4018183,28/12/23 00:00,28/12/23 11:12,SIM,1,TIPO DOMICILIARIO,1,ASIMILABLE A DOMICILIARIO,1640,12050,10410,5,10,COMPACTADOR CONVENCIONAL,,,,,SIN PERMISO,,,,,,,,,,,34,ETRA (Estacion de Transferencia),1,AUTOMATICA,NO,16/01/24 10:50,28/12/23 00:00,28/12/23 11:19,2,ETRA,1,DESCARGA
4018192,28/12/23 00:00,28/12/23 11:16,SIM,1,TIPO DOMICILIARIO,1,ASIMILABLE A DOMICILIARIO,12660,30440,17780,5,1,COMPACTADOR LEVANTE LAT.,,,,,SIN PERMISO,,,,,,,,,,,34,ETRA (Estacion de Transferencia),1,AUTOMATICA,NO,16/01/24 10:50,28/12/23 00:00,28/12/23 11:25,2,ETRA,1,DESCARGA
4018207,28/12/23 00:00,28/12/23 11:31,SIM,1,TIPO DOMICILIARIO,1,ASIMILABLE A DOMICILIARIO,6940,14250,7310,5,2,CAJA ABIERTA 6 M3,,,,,SIN PERMISO,,,,,,,,,,,34,ETRA (Estacion de Transferencia),1,AUTOMATICA,NO,16/01/24 10:50,27/12/23 00:00,28/12/23 11:36,2,ETRA,1,DESCARGA
4018210,28/12/23 00:00,28/12/23 11:23,SIM,1,TIPO DOMICILIARIO,99,OTROS,9950,28720,18770,5,50,COMPACTADOR LAT.CAJA DESM,,,,,SIN PERMISO,,,,,,,,,,,34,ETRA (Estacion de Transferencia),1,AUTOMATICA,NO,16/01/24 10:50,27/12/23 00:00,28/12/23 11:37,2,ETRA,1,DESCARGA
4018214,28/12/23 00:00,28/12/23 11:30,SIM,1,TIPO DOMICILIARIO,1,ASIMILABLE A DOMICILIARIO,12010,28600,16590,5,1,COMPACTADOR LEVANTE LAT.,,,,,SIN PERMISO,,,,,,,,,,,34,ETRA (Estacion de Transferencia),1,AUTOMATICA,NO,16/01/24 10:50,28/12/23 00:00,28/12/23 11:38,2,ETRA,1,DESCARGA
4018217,28/12/23 00:00,28/12/23 11:32,SIM,1,TIPO DOMICILIARIO,1,ASIMILABLE A DOMICILIARIO,10110,27450,17340,5,1,COMPACTADOR LEVANTE LAT.,,,,,SIN PERMISO,,,,,,,,,,,34,ETRA (Estacion de Transferencia),1,AUTOMATICA,NO,16/01/24 10:50,28/12/23 00:00,28/12/23 11:40,2,ETRA,1,DESCARGA
4018237,28/12/23 00:00,28/12/23 11:44,STP,1,TIPO DOMICILIARIO,2,BARRIDO,1270,8510,7240,5,2,CAJA ABIERTA 6 M3,,,,,SERVICIO DE EVALUACION DE LA CALIDAD Y CONTROL AMBIENTAL,,,,,,50041,62828,1,SERVICIO DE EVALUACION DE LA CALIDAD Y CONTROL AMBIENTAL,,34,ETRA (Estacion de Transferencia),1,AUTOMATICA,NO,16/01/24 10:50,,28/12/23 11:51,2,ETRA,1,DESCARGA
4018246,28/12/23 00:00,28/12/23 11:48,STP,1,TIPO DOMICILIARIO,1,ASIMILABLE A DOMICILIARIO,2750,10180,7430,5,2,CAJA ABIERTA 6 M3,,,,,SERVICIO DE EVALUACION DE LA CALIDAD Y CONTROL AMBIENTAL,,,,,,50041,62828,1,SERVICIO DE EVALUACION DE LA CALIDAD Y CONTROL AMBIENTAL,,34,ETRA (Estacion de Transferencia),1,AUTOMATICA,NO,16/01/24 10:50,,28/12/23 11:56,2,ETRA,1,DESCARGA
4018248,28/12/23 00:00,28/12/23 11:45,STP,1,TIPO DOMICILIARIO,3,LIMPIEZA DE DEPOSITOS,1620,8690,7070,5,21,RETROEXCAVADORA,,,,,SERVICIO DE EVALUACION DE LA CALIDAD Y CONTROL AMBIENTAL,,,,,,50041,62828,1,SERVICIO DE EVALUACION DE LA CALIDAD Y CONTROL AMBIENTAL,,34,ETRA (Estacion de Transferencia),1,AUTOMATICA,NO,16/01/24 10:50,,28/12/23 11:57,2,ETRA,1,DESCARGA
4018250,28/12/23 00:00,28/12/23 11:50,STP,1,TIPO DOMICILIARIO,3,LIMPIEZA DE DEPOSITOS,4380,11430,7050,5,2,CAJA ABIERTA 6 M3,,,,,SERVICIO DE EVALUACION DE LA CALIDAD Y CONTROL AMBIENTAL,,,,,,49439,62142,1,SERVICIO DE EVALUACION DE LA CALIDAD Y CONTROL AMBIENTAL,,34,ETRA (Estacion de Transferencia),1,AUTOMATICA,NO,16/01/24 10:50,,28/12/23 11:59,2,ETRA,1,DESCARGA
4018254,28/12/23 00:00,28/12/23 11:51,SIM,1,TIPO DOMICILIARIO,1,ASIMILABLE A DOMICILIARIO,12970,30290,17320,5,1,COMPACTADOR LEVANTE LAT.,,,,,SIN PERMISO,,,,,,,,,,,34,ETRA (Estacion de Transferencia),1,AUTOMATICA,NO,16/01/24 10:50,27/12/23 00:00,28/12/23 12:00,2,ETRA,1,DESCARGA
4018257,28/12/23 00:00,28/12/23 11:55,STP,100,CONSTRUCCION,104,TIERRA SUCIA,1970,8540,6570,5,2,CAJA ABIERTA 6 M3,,,,,SERVICIO DE EVALUACION DE LA CALIDAD Y CONTROL AMBIENTAL,,,,,,50041,62828,1,SERVICIO DE EVALUACION DE LA CALIDAD Y CONTROL AMBIENTAL,,34,ETRA (Estacion de Transferencia),1,AUTOMATICA,NO,16/01/24 10:50,,28/12/23 12:02,2,ETRA,1,DESCARGA
4018274,28/12/23 00:00,28/12/23 12:04,STP,1,TIPO DOMICILIARIO,3,LIMPIEZA DE DEPOSITOS,1160,7700,6540,5,2,CAJA ABIERTA 6 M3,,,,,SERVICIO DE EVALUACION DE LA CALIDAD Y CONTROL AMBIENTAL,,,,,,50041,62828,1,SERVICIO DE EVALUACION DE LA CALIDAD Y CONTROL AMBIENTAL,,34,ETRA (Estacion de Transferencia),1,AUTOMATICA,NO,16/01/24 10:50,,28/12/23 12:11,2,ETRA,1,DESCARGA
4018277,28/12/23 00:00,28/12/23 12:01,SCX,1,TIPO DOMICILIARIO,3,LIMPIEZA DE DEPOSITOS,910,4160,3250,5,3,CAJA CERRADA,,,,,SERVICIO DE EVALUACION DE LA CALIDAD Y CONTROL AMBIENTAL,,,,,,50011,62873,1,SERVICIO DE EVALUACION DE LA CALIDAD Y CONTROL AMBIENTAL,,34,ETRA (Estacion de Transferencia),1,AUTOMATICA,NO,16/01/24 10:50,,28/12/23 12:12,2,ETRA,1,DESCARGA
4018282,28/12/23 00:00,28/12/23 12:09,SDB,1,TIPO DOMICILIARIO,1,ASIMILABLE A DOMICILIARIO,3060,12180,9120,5,11,COMPACTADOR LEVANTE TRAS.,,,,,SERVICIO DE EVALUACION DE LA CALIDAD Y CONTROL AMBIENTAL,,,,,,50041,62828,1,SERVICIO DE EVALUACION DE LA CALIDAD Y CONTROL AMBIENTAL,,34,ETRA (Estacion de Transferencia),1,AUTOMATICA,NO,16/01/24 10:50,,28/12/23 12:15,2,ETRA,1,DESCARGA
4018288,28/12/23 00:00,28/12/23 11:59,STP,500,BARROS Y LODOS,501,BARROS,1940,11960,10020,5,44,CAJA ABIERTA CON VOLCADOR,,,,,SERVICIO DE EVALUACION DE LA CALIDAD Y CONTROL AMBIENTAL,,,,,,50041,62828,1,SERVICIO DE EVALUACION DE LA CALIDAD Y CONTROL AMBIENTAL,,34,ETRA (Estacion de Transferencia),1,AUTOMATICA,NO,16/01/24 10:50,,28/12/23 12:17,2,ETRA,1,DESCARGA
4018291,28/12/23 00:00,28/12/23 12:10,SDA,1,TIPO DOMICILIARIO,3,LIMPIEZA DE DEPOSITOS,710,4230,3520,5,3,CAJA CERRADA,,,,,SERVICIO DE EVALUACION DE LA CALIDAD Y CONTROL AMBIENTAL,,,,,,50011,62873,1,SERVICIO DE EVALUACION DE LA CALIDAD Y CONTROL AMBIENTAL,,34,ETRA (Estacion de Transferencia),1,AUTOMATICA,NO,16/01/24 10:50,,28/12/23 12:19,2,ETRA,1,DESCARGA
4018299,28/12/23 00:00,28/12/23 12:18,STP,1,TIPO DOMICILIARIO,3,LIMPIEZA DE DEPOSITOS,2390,8810,6420,5,2,CAJA ABIERTA 6 M3,,,,,SERVICIO DE EVALUACION DE LA CALIDAD Y CONTROL AMBIENTAL,,,,,,49439,62142,1,SERVICIO DE EVALUACION DE LA CALIDAD Y CONTROL AMBIENTAL,,34,ETRA (Estacion de Transferencia),1,AUTOMATICA,NO,16/01/24 10:50,,28/12/23 12:25,2,ETRA,1,DESCARGA
4018306,28/12/23 00:00,28/12/23 12:21,SIM,1,TIPO DOMICILIARIO,1,ASIMILABLE A DOMICILIARIO,5190,15330,10140,5,42,COMPACTADOR TRASERO,,,,,SIN PERMISO,,,,,,,,,,,34,ETRA (Estacion de Transferencia),1,AUTOMATICA,NO,16/01/24 10:50,27/12/23 00:00,28/12/23 12:30,2,ETRA,1,DESCARGA
4018324,28/12/23 00:00,28/12/23 12:28,SDB,1,TIPO DOMICILIARIO,1,ASIMILABLE A DOMICILIARIO,5170,14380,9210,5,42,COMPACTADOR TRASERO,,,,,SERVICIO DE EVALUACION DE LA CALIDAD Y CONTROL AMBIENTAL,,,,,,50041,62828,1,SERVICIO DE EVALUACION DE LA CALIDAD Y CONTROL AMBIENTAL,,34,ETRA (Estacion de Transferencia),1,AUTOMATICA,NO,16/01/24 10:50,,28/12/23 12:47,2,ETRA,1,DESCARGA
4018328,28/12/23 00:00,28/12/23 12:20,SDB,1,TIPO DOMICILIARIO,2,BARRIDO,3910,13260,9350,5,11,COMPACTADOR LEVANTE TRAS.,,,,,SERVICIO DE EVALUACION DE LA CALIDAD Y CONTROL AMBIENTAL,,,,,,50041,62828,1,SERVICIO DE EVALUACION DE LA CALIDAD Y CONTROL AMBIENTAL,,34,ETRA (Estacion de Transferencia),1,AUTOMATICA,NO,16/01/24 10:50,,28/12/23 12:51,2,ETRA,1,DESCARGA
4018338,28/12/23 00:00,28/12/23 12:26,SDB,1,TIPO DOMICILIARIO,1,ASIMILABLE A DOMICILIARIO,3380,12770,9390,5,11,COMPACTADOR LEVANTE TRAS.,,,,,SERVICIO DE EVALUACION DE LA CALIDAD Y CONTROL AMBIENTAL,,,,,,50041,62828,1,SERVICIO DE EVALUACION DE LA CALIDAD Y CONTROL AMBIENTAL,,34,ETRA (Estacion de Transferencia),1,AUTOMATICA,NO,16/01/24 10:50,,28/12/23 13:01,2,ETRA,1,DESCARGA
4018342,28/12/23 00:00,28/12/23 12:29,SDB,1,TIPO DOMICILIARIO,2,BARRIDO,2970,12150,9180,5,2,CAJA ABIERTA 6 M3,,,,,SERVICIO DE EVALUACION DE LA CALIDAD Y CONTROL AMBIENTAL,,,,,,50041,62828,1,SERVICIO DE EVALUACION DE LA CALIDAD Y CONTROL AMBIENTAL,,34,ETRA (Estacion de Transferencia),1,AUTOMATICA,NO,16/01/24 10:50,,28/12/23 13:04,2,ETRA,1,DESCARGA
4018344,28/12/23 00:00,28/12/23 12:30,SDB,1,TIPO DOMICILIARIO,1,ASIMILABLE A DOMICILIARIO,3040,12160,9120,5,11,COMPACTADOR LEVANTE TRAS.,,,,,SERVICIO DE EVALUACION DE LA CALIDAD Y CONTROL AMBIENTAL,,,,,,50041,62828,1,SERVICIO DE EVALUACION DE LA CALIDAD Y CONTROL AMBIENTAL,,34,ETRA (Estacion de Transferencia),1,AUTOMATICA,NO,16/01/24 10:50,,28/12/23 13:06,2,ETRA,1,DESCARGA
4019188,04/12/23 00:00,04/12/23 10:20,SIM,1,TIPO DOMICILIARIO,1,ASIMILABLE A DOMICILIARIO,8290,25310,17020,5,1,COMPACTADOR LEVANTE LAT.,,,,,SIN PERMISO,,,,,,,,,,,34,ETRA (Estacion de Transferencia),1,AUTOMATICA,NO,16/01/24 10:43,04/12/23 00:00,29/12/23 08:57,2,ETRA,1,DESCARGA
4019194,29/12/23 00:00,29/12/23 09:25,SIM,1,TIPO DOMICILIARIO,1,ASIMILABLE A DOMICILIARIO,1930,12530,10600,5,1,COMPACTADOR LEVANTE LAT.,,,,,SIN PERMISO,,,,,,,,,,,34,ETRA (Estacion de Transferencia),1,AUTOMATICA,NO,16/01/24 10:50,29/12/23 00:00,29/12/23 09:31,2,ETRA,1,DESCARGA
4019195,29/12/23 00:00,29/12/23 09:29,SIM,1,TIPO DOMICILIARIO,1,ASIMILABLE A DOMICILIARIO,13170,30440,17270,5,1,COMPACTADOR LEVANTE LAT.,,,,,SIN PERMISO,,,,,,,,,,,34,ETRA (Estacion de Transferencia),1,AUTOMATICA,NO,16/01/24 10:50,28/12/23 00:00,29/12/23 09:38,2,ETRA,1,DESCARGA
4019196,29/12/23 00:00,29/12/23 09:41,SIM,2,TIPO NO DOMICILIARIO,23,NO DOMICILIARIO - RESIDUO MEZCLADO,2290,9630,7340,5,2,CAJA ABIERTA 6 M3,,,,,SIN PERMISO,,,,,,,,,,,34,ETRA (Estacion de Transferencia),1,AUTOMATICA,NO,16/01/24 10:50,,29/12/23 09:46,2,ETRA,1,DESCARGA
4019197,29/12/23 00:00,29/12/23 09:42,SIM,1,TIPO DOMICILIARIO,1,ASIMILABLE A DOMICILIARIO,1350,11710,10360,5,11,COMPACTADOR LEVANTE TRAS.,,,,,SIN PERMISO,,,,,,,,,,,34,ETRA (Estacion de Transferencia),1,AUTOMATICA,NO,16/01/24 10:50,29/12/23 00:00,29/12/23 09:49,2,ETRA,1,DESCARGA
4019198,29/12/23 00:00,29/12/23 09:48,SIM,1,TIPO DOMICILIARIO,1,ASIMILABLE A DOMICILIARIO,13710,30990,17280,5,1,COMPACTADOR LEVANTE LAT.,,,,,SIN PERMISO,,,,,,,,,,,34,ETRA (Estacion de Transferencia),1,AUTOMATICA,NO,16/01/24 10:50,28/12/23 00:00,29/12/23 09:56,2,ETRA,1,DESCARGA
4019199,29/12/23 00:00,29/12/23 09:55,SIM,1,TIPO DOMICILIARIO,1,ASIMILABLE A DOMICILIARIO,10270,29130,18860,5,49,TRANSPORTADOR CAJA DESM,,,,,SIN PERMISO,,,,,,,,,,,34,ETRA (Estacion de Transferencia),1,AUTOMATICA,NO,16/01/24 10:50,28/12/23 00:00,29/12/23 10:04,2,ETRA,1,DESCARGA
4019200,29/12/23 00:00,29/12/23 10:06,SIM,2,TIPO NO DOMICILIARIO,23,NO DOMICILIARIO - RESIDUO MEZCLADO,2460,12970,10510,5,2,CAJA ABIERTA 6 M3,,,,,SIN PERMISO,,,,,,,,,,,34,ETRA (Estacion de Transferencia),1,AUTOMATICA,NO,16/01/24 10:50,29/12/23 00:00,29/12/23 10:11,2,ETRA,1,DESCARGA
4019201,29/12/23 00:00,29/12/23 10:21,STP,2,TIPO NO DOMICILIARIO,23,NO DOMICILIARIO - RESIDUO MEZCLADO,7080,17380,10300,5,2,CAJA ABIERTA 6 M3,,,,,SERVICIO DE EVALUACION DE LA CALIDAD Y CONTROL AMBIENTAL,,,,,,50041,62828,1,SERVICIO DE EVALUACION DE LA CALIDAD Y CONTROL AMBIENTAL,,34,ETRA (Estacion de Transferencia),1,AUTOMATICA,NO,16/01/24 10:50,,29/12/23 10:33,2,ETRA,1,DESCARGA
4019202,29/12/23 00:00,29/12/23 10:26,SIM,1,TIPO DOMICILIARIO,1,ASIMILABLE A DOMICILIARIO,6490,16830,10340,5,1,COMPACTADOR LEVANTE LAT.,,,,,SIN PERMISO,,,,,,,,,,,34,ETRA (Estacion de Transferencia),1,AUTOMATICA,NO,16/01/24 10:50,28/12/23 00:00,29/12/23 10:35,2,ETRA,1,DESCARGA
4019203,29/12/23 00:00,29/12/23 10:28,SIM,2,TIPO NO DOMICILIARIO,23,NO DOMICILIARIO - RESIDUO MEZCLADO,940,8680,7740,5,2,CAJA ABIERTA 6 M3,,,,,SIN PERMISO,,,,,,,,,,,34,ETRA (Estacion de Transferencia),1,AUTOMATICA,NO,16/01/24 10:50,,29/12/23 10:36,2,ETRA,1,DESCARGA
4019204,29/12/23 00:00,29/12/23 10:31,SIM,1,TIPO DOMICILIARIO,1,ASIMILABLE A DOMICILIARIO,11250,28760,17510,5,1,COMPACTADOR LEVANTE LAT.,,,,,SIN PERMISO,,,,,,,,,,,34,ETRA (Estacion de Transferencia),1,AUTOMATICA,NO,16/01/24 10:50,28/12/23 00:00,29/12/23 10:37,2,ETRA,1,DESCARGA
4019205,29/12/23 00:00,29/12/23 10:34,SIM,1,TIPO DOMICILIARIO,1,ASIMILABLE A DOMICILIARIO,8290,27060,18770,5,49,TRANSPORTADOR CAJA DESM,,,,,SIN PERMISO,,,,,,,,,,,34,ETRA (Estacion de Transferencia),1,AUTOMATICA,NO,16/01/24 10:50,29/12/23 00:00,29/12/23 10:45,2,ETRA,1,DESCARGA
4019206,29/12/23 00:00,29/12/23 10:41,SIM,1,TIPO DOMICILIARIO,1,ASIMILABLE A DOMICILIARIO,4010,14480,10470,5,42,COMPACTADOR TRASERO,,,,,SIN PERMISO,,,,,,,,,,,34,ETRA (Estacion de Transferencia),1,AUTOMATICA,NO,16/01/24 10:50,29/12/23 00:00,29/12/23 10:47,2,ETRA,1,DESCARGA
4019207,29/12/23 00:00,29/12/23 10:50,SIM,1,TIPO DOMICILIARIO,1,ASIMILABLE A DOMICILIARIO,7570,27190,19620,5,50,COMPACTADOR LAT.CAJA DESM,,,,,SIN PERMISO,,,,,,,,,,,34,ETRA (Estacion de Transferencia),1,AUTOMATICA,NO,16/01/24 10:50,28/12/23 00:00,29/12/23 11:06,2,ETRA,1,DESCARGA
4019208,29/12/23 00:00,29/12/23 10:53,SDC,2,TIPO NO DOMICILIARIO,23,NO DOMICILIARIO - RESIDUO MEZCLADO,1390,4860,3470,5,44,CAJA ABIERTA CON VOLCADOR,,,,,SERVICIO DE EVALUACION DE LA CALIDAD Y CONTROL AMBIENTAL,,,,,,50011,62873,1,SERVICIO DE EVALUACION DE LA CALIDAD Y CONTROL AMBIENTAL,,34,ETRA (Estacion de Transferencia),1,AUTOMATICA,NO,16/01/24 10:50,,29/12/23 11:00,2,ETRA,1,DESCARGA
4019210,29/12/23 00:00,29/12/23 10:59,STP,2,TIPO NO DOMICILIARIO,23,NO DOMICILIARIO - RESIDUO MEZCLADO,2480,9040,6560,5,2,CAJA ABIERTA 6 M3,,,,,SERVICIO DE EVALUACION DE LA CALIDAD Y CONTROL AMBIENTAL,,,,,,50041,62828,1,SERVICIO DE EVALUACION DE LA CALIDAD Y CONTROL AMBIENTAL,,34,ETRA (Estacion de Transferencia),1,AUTOMATICA,NO,16/01/24 10:50,,29/12/23 11:05,2,ETRA,1,DESCARGA
4019211,29/12/23 00:00,29/12/23 11:00,SIM,2,TIPO NO DOMICILIARIO,23,NO DOMICILIARIO - RESIDUO MEZCLADO,4320,14700,10380,5,2,CAJA ABIERTA 6 M3,,,,,SIN PERMISO,,,,,,,,,,,34,ETRA (Estacion de Transferencia),1,AUTOMATICA,NO,16/01/24 10:50,28/12/23 00:00,29/12/23 11:07,2,ETRA,1,DESCARGA
4019212,29/12/23 00:00,29/12/23 11:03,STP,2,TIPO NO DOMICILIARIO,23,NO DOMICILIARIO - RESIDUO MEZCLADO,1320,11090,9770,5,2,CAJA ABIERTA 6 M3,,,,,SERVICIO DE EVALUACION DE LA CALIDAD Y CONTROL AMBIENTAL,,,,,,50041,62828,1,SERVICIO DE EVALUACION DE LA CALIDAD Y CONTROL AMBIENTAL,,34,ETRA (Estacion de Transferencia),1,AUTOMATICA,NO,16/01/24 10:50,,29/12/23 11:13,2,ETRA,1,DESCARGA
4019213,29/12/23 00:00,29/12/23 11:06,SDA,2,TIPO NO DOMICILIARIO,23,NO DOMICILIARIO - RESIDUO MEZCLADO,1400,4890,3490,5,44,CAJA ABIERTA CON VOLCADOR,,,,,SERVICIO DE EVALUACION DE LA CALIDAD Y CONTROL AMBIENTAL,,,,,,50011,62873,1,SERVICIO DE EVALUACION DE LA CALIDAD Y CONTROL AMBIENTAL,,34,ETRA (Estacion de Transferencia),1,AUTOMATICA,NO,16/01/24 10:50,,29/12/23 11:11,2,ETRA,1,DESCARGA
4019215,29/12/23 00:00,29/12/23 11:16,SIM,1,TIPO DOMICILIARIO,1,ASIMILABLE A DOMICILIARIO,3360,13680,10320,5,1,COMPACTADOR LEVANTE LAT.,,,,,SIN PERMISO,,,,,,,,,,,34,ETRA (Estacion de Transferencia),1,AUTOMATICA,NO,16/01/24 10:50,28/12/23 00:00,29/12/23 11:22,2,ETRA,1,DESCARGA
4019232,29/12/23 00:00,29/12/23 11:26,SIM,2,TIPO NO DOMICILIARIO,23,NO DOMICILIARIO - RESIDUO MEZCLADO,4170,11530,7360,5,2,CAJA ABIERTA 6 M3,,,,,SIN PERMISO,,,,,,,,,,,34,ETRA (Estacion de Transferencia),1,AUTOMATICA,NO,16/01/24 10:50,,29/12/23 11:32,2,ETRA,1,DESCARGA
4019234,29/12/23 00:00,29/12/23 11:23,SIM,1,TIPO DOMICILIARIO,1,ASIMILABLE A DOMICILIARIO,6370,25200,18830,5,50,COMPACTADOR LAT.CAJA DESM,,,,,SIN PERMISO,,,,,,,,,,,34,ETRA (Estacion de Transferencia),1,AUTOMATICA,NO,16/01/24 10:50,28/12/23 00:00,29/12/23 11:32,2,ETRA,1,DESCARGA
4019238,29/12/23 00:00,29/12/23 11:25,STP,1,TIPO DOMICILIARIO,3,LIMPIEZA DE DEPOSITOS,2310,9340,7030,5,2,CAJA ABIERTA 6 M3,,,,,SERVICIO DE EVALUACION DE LA CALIDAD Y CONTROL AMBIENTAL,,,,,,49439,62142,1,SERVICIO DE EVALUACION DE LA CALIDAD Y CONTROL AMBIENTAL,,34,ETRA (Estacion de Transferencia),1,AUTOMATICA,NO,16/01/24 10:50,,29/12/23 11:33,2,ETRA,1,DESCARGA
4019244,29/12/23 00:00,29/12/23 11:29,SIM,1,TIPO DOMICILIARIO,1,ASIMILABLE A DOMICILIARIO,4720,14790,10070,5,42,COMPACTADOR TRASERO,,,,,SIN PERMISO,,,,,,,,,,,34,ETRA (Estacion de Transferencia),1,AUTOMATICA,NO,16/01/24 10:50,,29/12/23 11:36,2,ETRA,1,DESCARGA
4019255,29/12/23 00:00,29/12/23 11:34,STP,1,TIPO DOMICILIARIO,1,ASIMILABLE A DOMICILIARIO,1720,9140,7420,5,2,CAJA ABIERTA 6 M3,,,,,SERVICIO DE EVALUACION DE LA CALIDAD Y CONTROL AMBIENTAL,,,,,,50041,62828,1,SERVICIO DE EVALUACION DE LA CALIDAD Y CONTROL AMBIENTAL,,34,ETRA (Estacion de Transferencia),1,AUTOMATICA,NO,16/01/24 10:50,,29/12/23 11:41,2,ETRA,1,DESCARGA
4019264,29/12/23 00:00,29/12/23 11:42,SCX,1,TIPO DOMICILIARIO,3,LIMPIEZA DE DEPOSITOS,410,3660,3250,5,3,CAJA CERRADA,,,,,SERVICIO DE EVALUACION DE LA CALIDAD Y CONTROL AMBIENTAL,,,,,,50011,62873,1,SERVICIO DE EVALUACION DE LA CALIDAD Y CONTROL AMBIENTAL,,34,ETRA (Estacion de Transferencia),1,AUTOMATICA,NO,16/01/24 10:50,,29/12/23 11:51,2,ETRA,1,DESCARGA
4019269,29/12/23 00:00,29/12/23 11:48,SIM,1,TIPO DOMICILIARIO,1,ASIMILABLE A DOMICILIARIO,12850,29790,16940,5,1,COMPACTADOR LEVANTE LAT.,,,,,SIN PERMISO,,,,,,,,,,,34,ETRA (Estacion de Transferencia),1,AUTOMATICA,NO,16/01/24 10:50,28/12/23 00:00,29/12/23 11:54,2,ETRA,1,DESCARGA
4019274,29/12/23 00:00,29/12/23 11:47,SIM,1,TIPO DOMICILIARIO,99,OTROS,11390,28480,17090,5,1,COMPACTADOR LEVANTE LAT.,,,,,SIN PERMISO,,,,,,,,,,,34,ETRA (Estacion de Transferencia),1,AUTOMATICA,NO,16/01/24 10:50,29/12/23 00:00,29/12/23 11:57,2,ETRA,1,DESCARGA
4019276,29/12/23 00:00,29/12/23 11:52,SIM,1,TIPO DOMICILIARIO,99,OTROS,7230,24050,16820,5,1,COMPACTADOR LEVANTE LAT.,,,,,SIN PERMISO,,,,,,,,,,,34,ETRA (Estacion de Transferencia),1,AUTOMATICA,NO,16/01/24 10:50,28/12/23 00:00,29/12/23 11:58,2,ETRA,1,DESCARGA
4019287,19/12/23 00:00,19/12/23 18:28,SIM,1,TIPO DOMICILIARIO,1,ASIMILABLE A DOMICILIARIO,2420,12790,10370,5,11,COMPACTADOR LEVANTE TRAS.,,,,,SIN PERMISO,,,,,,,,,,,34,ETRA (Estacion de Transferencia),1,AUTOMATICA,NO,16/01/24 10:47,,19/12/23 18:35,2,ETRA,1,DESCARGA
4019290,19/12/23 00:00,19/12/23 18:42,SIM,1,TIPO DOMICILIARIO,1,ASIMILABLE A DOMICILIARIO,16470,33590,17120,5,1,COMPACTADOR LEVANTE LAT.,,,,,SIN PERMISO,,,,,,,,,,,34,ETRA (Estacion de Transferencia),1,AUTOMATICA,NO,16/01/24 10:47,19/12/23 00:00,19/12/23 18:53,2,ETRA,1,DESCARGA
4019291,19/12/23 00:00,19/12/23 18:45,SIM,1,TIPO DOMICILIARIO,1,ASIMILABLE A DOMICILIARIO,12710,29670,16960,5,1,COMPACTADOR LEVANTE LAT.,,,,,SIN PERMISO,,,,,,,,,,,34,ETRA (Estacion de Transferencia),1,AUTOMATICA,NO,16/01/24 10:47,19/12/23 00:00,19/12/23 18:52,2,ETRA,1,DESCARGA
4019292,19/12/23 00:00,19/12/23 18:50,SIM,1,TIPO DOMICILIARIO,1,ASIMILABLE A DOMICILIARIO,8190,25580,17390,5,1,COMPACTADOR LEVANTE LAT.,,,,,SIN PERMISO,,,,,,,,,,,34,ETRA (Estacion de Transferencia),1,AUTOMATICA,NO,16/01/24 10:47,19/12/23 00:00,19/12/23 18:55,2,ETRA,1,DESCARGA
4019293,21/12/23 00:00,21/12/23 18:10,SDC,1,TIPO DOMICILIARIO,3,LIMPIEZA DE DEPOSITOS,930,4500,3570,5,3,CAJA CERRADA,,,,,SERVICIO DE EVALUACION DE LA CALIDAD Y CONTROL AMBIENTAL,,,,,,50011,62873,1,SERVICIO DE EVALUACION DE LA CALIDAD Y CONTROL AMBIENTAL,,34,ETRA (Estacion de Transferencia),1,AUTOMATICA,NO,16/01/24 10:48,,21/12/23 18:25,2,ETRA,1,DESCARGA
4019295,21/12/23 00:00,21/12/23 18:34,SIM,1,TIPO DOMICILIARIO,1,ASIMILABLE A DOMICILIARIO,2140,12520,10380,5,11,COMPACTADOR LEVANTE TRAS.,,,,,SIN PERMISO,,,,,,,,,,,34,ETRA (Estacion de Transferencia),1,AUTOMATICA,NO,16/01/24 10:48,20/12/23 00:00,21/12/23 18:41,2,ETRA,1,DESCARGA
4019296,21/12/23 00:00,21/12/23 18:40,SIM,1,TIPO DOMICILIARIO,1,ASIMILABLE A DOMICILIARIO,10090,27820,17730,5,1,COMPACTADOR LEVANTE LAT.,,,,,SIN PERMISO,,,,,,,,,,,34,ETRA (Estacion de Transferencia),1,AUTOMATICA,NO,16/01/24 10:48,21/12/23 00:00,21/12/23 18:46,2,ETRA,1,DESCARGA
4019297,22/12/23 00:00,22/12/23 13:26,SDB,1,TIPO DOMICILIARIO,1,ASIMILABLE A DOMICILIARIO,3580,12770,9190,5,42,COMPACTADOR TRASERO,,,,,SERVICIO DE EVALUACION DE LA CALIDAD Y CONTROL AMBIENTAL,,,,,,50041,62828,1,SERVICIO DE EVALUACION DE LA CALIDAD Y CONTROL AMBIENTAL,,34,ETRA (Estacion de Transferencia),1,AUTOMATICA,NO,16/01/24 10:48,,22/12/23 13:32,2,ETRA,1,DESCARGA
4019298,22/12/23 00:00,22/12/23 13:28,SDB,1,TIPO DOMICILIARIO,1,ASIMILABLE A DOMICILIARIO,3860,13070,9210,5,11,COMPACTADOR LEVANTE TRAS.,,,,,SERVICIO DE EVALUACION DE LA CALIDAD Y CONTROL AMBIENTAL,,,,,,50041,62828,1,SERVICIO DE EVALUACION DE LA CALIDAD Y CONTROL AMBIENTAL,,34,ETRA (Estacion de Transferencia),1,AUTOMATICA,NO,16/01/24 10:48,,22/12/23 13:34,2,ETRA,1,DESCARGA
4019300,22/12/23 00:00,22/12/23 13:38,STP,1,TIPO DOMICILIARIO,3,LIMPIEZA DE DEPOSITOS,2320,9360,7040,5,21,RETROEXCAVADORA,,,,,SERVICIO DE EVALUACION DE LA CALIDAD Y CONTROL AMBIENTAL,,,,,,50041,62828,1,SERVICIO DE EVALUACION DE LA CALIDAD Y CONTROL AMBIENTAL,,34,ETRA (Estacion de Transferencia),1,AUTOMATICA,NO,16/01/24 10:48,,22/12/23 13:46,2,ETRA,1,DESCARGA
4019302,22/12/23 00:00,22/12/23 13:51,STP,1,TIPO DOMICILIARIO,3,LIMPIEZA DE DEPOSITOS,2140,8780,6640,5,2,CAJA ABIERTA 6 M3,,,,,SERVICIO DE EVALUACION DE LA CALIDAD Y CONTROL AMBIENTAL,,,,,,50041,62828,1,SERVICIO DE EVALUACION DE LA CALIDAD Y CONTROL AMBIENTAL,,34,ETRA (Estacion de Transferencia),1,AUTOMATICA,NO,16/01/24 10:48,,22/12/23 13:58,2,ETRA,1,DESCARGA
4019303,22/12/23 00:00,22/12/23 14:00,STP,1,TIPO DOMICILIARIO,3,LIMPIEZA DE DEPOSITOS,3370,9970,6600,5,2,CAJA ABIERTA 6 M3,,,,,SERVICIO DE EVALUACION DE LA CALIDAD Y CONTROL AMBIENTAL,,,,,,50041,62828,1,SERVICIO DE EVALUACION DE LA CALIDAD Y CONTROL AMBIENTAL,,34,ETRA (Estacion de Transferencia),1,AUTOMATICA,NO,16/01/24 10:48,,22/12/23 14:10,2,ETRA,1,DESCARGA
4019304,22/12/23 00:00,22/12/23 14:07,STP,1,TIPO DOMICILIARIO,3,LIMPIEZA DE DEPOSITOS,4260,10830,6570,5,2,CAJA ABIERTA 6 M3,,,,,SERVICIO DE EVALUACION DE LA CALIDAD Y CONTROL AMBIENTAL,,,,,,50041,62828,1,SERVICIO DE EVALUACION DE LA CALIDAD Y CONTROL AMBIENTAL,,34,ETRA (Estacion de Transferencia),1,AUTOMATICA,NO,16/01/24 10:48,,22/12/23 14:14,2,ETRA,1,DESCARGA
4019305,22/12/23 00:00,22/12/23 14:12,STP,1,TIPO DOMICILIARIO,1,ASIMILABLE A DOMICILIARIO,4790,12220,7430,5,2,CAJA ABIERTA 6 M3,,,,,SERVICIO DE EVALUACION DE LA CALIDAD Y CONTROL AMBIENTAL,,,,,,50041,62828,1,SERVICIO DE EVALUACION DE LA CALIDAD Y CONTROL AMBIENTAL,,34,ETRA (Estacion de Transferencia),1,AUTOMATICA,NO,16/01/24 10:48,,22/12/23 14:19,2,ETRA,1,DESCARGA
4019306,22/12/23 00:00,22/12/23 14:31,STP,1,TIPO DOMICILIARIO,3,LIMPIEZA DE DEPOSITOS,2230,8840,6610,5,2,CAJA ABIERTA 6 M3,,,,,SERVICIO DE EVALUACION DE LA CALIDAD Y CONTROL AMBIENTAL,,,,,,49439,62142,1,SERVICIO DE EVALUACION DE LA CALIDAD Y CONTROL AMBIENTAL,,34,ETRA (Estacion de Transferencia),1,AUTOMATICA,NO,16/01/24 10:48,,22/12/23 14:40,2,ETRA,1,DESCARGA
4019307,22/12/23 00:00,22/12/23 14:45,STP,100,CONSTRUCCION,104,TIERRA SUCIA,2760,13020,10260,5,2,CAJA ABIERTA 6 M3,,,,,SERVICIO DE EVALUACION DE LA CALIDAD Y CONTROL AMBIENTAL,,,,,,50041,62828,1,SERVICIO DE EVALUACION DE LA CALIDAD Y CONTROL AMBIENTAL,,34,ETRA (Estacion de Transferencia),1,AUTOMATICA,NO,16/01/24 10:48,,22/12/23 14:56,2,ETRA,1,DESCARGA
4019309,22/12/23 00:00,22/12/23 15:27,STP,100,CONSTRUCCION,101,ESCOMBRO SUCIO,8400,18500,10100,5,2,CAJA ABIERTA 6 M3,,,,,SERVICIO DE EVALUACION DE LA CALIDAD Y CONTROL AMBIENTAL,,,,,,50041,62828,1,SERVICIO DE EVALUACION DE LA CALIDAD Y CONTROL AMBIENTAL,,34,ETRA (Estacion de Transferencia),1,AUTOMATICA,NO,16/01/24 10:48,,22/12/23 15:33,2,ETRA,1,DESCARGA
4019310,22/12/23 00:00,22/12/23 15:32,SDC,1,TIPO DOMICILIARIO,3,LIMPIEZA DE DEPOSITOS,980,4630,3650,5,3,CAJA CERRADA,,,,,SERVICIO DE EVALUACION DE LA CALIDAD Y CONTROL AMBIENTAL,,,,,,50041,62828,1,SERVICIO DE EVALUACION DE LA CALIDAD Y CONTROL AMBIENTAL,,34,ETRA (Estacion de Transferencia),1,AUTOMATICA,NO,16/01/24 10:48,,22/12/23 15:43,2,ETRA,1,DESCARGA
4019315,22/12/23 00:00,22/12/23 16:50,SIM,1,TIPO DOMICILIARIO,1,ASIMILABLE A DOMICILIARIO,7980,24860,16880,5,1,COMPACTADOR LEVANTE LAT.,,,,,SIN PERMISO,,,,,,,,,,,34,ETRA (Estacion de Transferencia),1,AUTOMATICA,NO,16/01/24 10:48,22/12/23 00:00,22/12/23 16:56,2,ETRA,1,DESCARGA
4019317,22/12/23 00:00,22/12/23 16:58,SIM,1,TIPO DOMICILIARIO,1,ASIMILABLE A DOMICILIARIO,8710,25710,17000,5,1,COMPACTADOR LEVANTE LAT.,,,,,SIN PERMISO,,,,,,,,,,,34,ETRA (Estacion de Transferencia),1,AUTOMATICA,NO,16/01/24 10:48,22/12/23 00:00,22/12/23 17:04,2,ETRA,1,DESCARGA
4019318,22/12/23 00:00,22/12/23 17:04,STP,100,CONSTRUCCION,101,ESCOMBRO SUCIO,890,10720,9830,5,12,CAJA ABIERTA 10 M3,,,,,SERVICIO DE EVALUACION DE LA CALIDAD Y CONTROL AMBIENTAL,,,,,,50041,62828,1,SERVICIO DE EVALUACION DE LA CALIDAD Y CONTROL AMBIENTAL,,34,ETRA (Estacion de Transferencia),1,AUTOMATICA,NO,16/01/24 10:48,,22/12/23 17:11,2,ETRA,1,DESCARGA
4019319,22/12/23 00:00,22/12/23 17:05,SIM,1,TIPO DOMICILIARIO,1,ASIMILABLE A DOMICILIARIO,12990,30700,17710,5,1,COMPACTADOR LEVANTE LAT.,,,,,SIN PERMISO,,,,,,,,,,,34,ETRA (Estacion de Transferencia),1,AUTOMATICA,NO,16/01/24 10:48,21/12/23 00:00,22/12/23 17:12,2,ETRA,1,DESCARGA
4019320,22/12/23 00:00,22/12/23 17:09,SIM,1,TIPO DOMICILIARIO,1,ASIMILABLE A DOMICILIARIO,9500,27070,17570,5,1,COMPACTADOR LEVANTE LAT.,,,,,SIN PERMISO,,,,,,,,,,,34,ETRA (Estacion de Transferencia),1,AUTOMATICA,NO,16/01/24 10:48,21/12/23 00:00,22/12/23 17:17,2,ETRA,1,DESCARGA
4019321,22/12/23 00:00,22/12/23 17:16,STP,100,CONSTRUCCION,104,TIERRA SUCIA,300,10560,10260,5,2,CAJA ABIERTA 6 M3,,,,,SERVICIO DE EVALUACION DE LA CALIDAD Y CONTROL AMBIENTAL,,,,,,50041,62828,1,SERVICIO DE EVALUACION DE LA CALIDAD Y CONTROL AMBIENTAL,,34,ETRA (Estacion de Transferencia),1,AUTOMATICA,NO,16/01/24 10:48,,22/12/23 17:23,2,ETRA,1,DESCARGA
4019322,22/12/23 00:00,22/12/23 17:23,STP,100,CONSTRUCCION,101,ESCOMBRO SUCIO,580,10670,10090,5,2,CAJA ABIERTA 6 M3,,,,,SERVICIO DE EVALUACION DE LA CALIDAD Y CONTROL AMBIENTAL,,,,,,50041,62828,1,SERVICIO DE EVALUACION DE LA CALIDAD Y CONTROL AMBIENTAL,,34,ETRA (Estacion de Transferencia),1,AUTOMATICA,NO,16/01/24 10:48,,22/12/23 17:28,2,ETRA,1,DESCARGA
4019323,22/12/23 00:00,22/12/23 17:40,SIM,1,TIPO DOMICILIARIO,1,ASIMILABLE A DOMICILIARIO,8530,25710,17180,5,1,COMPACTADOR LEVANTE LAT.,,,,,SIN PERMISO,,,,,,,,,,,34,ETRA (Estacion de Transferencia),1,AUTOMATICA,NO,16/01/24 10:48,22/12/23 00:00,22/12/23 17:57,2,ETRA,1,DESCARGA
4019327,22/12/23 00:00,22/12/23 19:08,SIM,1,TIPO DOMICILIARIO,1,ASIMILABLE A DOMICILIARIO,8560,25850,17290,5,1,COMPACTADOR LEVANTE LAT.,,,,,SIN PERMISO,,,,,,,,,,,34,ETRA (Estacion de Transferencia),1,AUTOMATICA,NO,16/01/24 10:48,21/12/23 00:00,22/12/23 19:15,2,ETRA,1,DESCARGA
4019329,22/12/23 00:00,22/12/23 19:11,SIM,1,TIPO DOMICILIARIO,1,ASIMILABLE A DOMICILIARIO,5950,23570,17620,5,1,COMPACTADOR LEVANTE LAT.,,,,,SIN PERMISO,,,,,,,,,,,34,ETRA (Estacion de Transferencia),1,AUTOMATICA,NO,16/01/24 10:48,22/12/23 00:00,22/12/23 19:16,2,ETRA,1,DESCARGA
4019330,22/12/23 00:00,22/12/23 19:12,SIM,1,TIPO DOMICILIARIO,1,ASIMILABLE A DOMICILIARIO,11000,28710,17710,5,1,COMPACTADOR LEVANTE LAT.,,,,,SIN PERMISO,,,,,,,,,,,34,ETRA (Estacion de Transferencia),1,AUTOMATICA,NO,16/01/24 10:48,21/12/23 00:00,22/12/23 19:18,2,ETRA,1,DESCARGA
4019331,22/12/23 00:00,22/12/23 19:22,SIM,1,TIPO DOMICILIARIO,1,ASIMILABLE A DOMICILIARIO,6990,24020,17030,5,1,COMPACTADOR LEVANTE LAT.,,,,,SIN PERMISO,,,,,,,,,,,34,ETRA (Estacion de Transferencia),1,AUTOMATICA,NO,16/01/24 10:48,22/12/23 00:00,22/12/23 19:28,2,ETRA,1,DESCARGA
4019332,22/12/23 00:00,22/12/23 19:37,SIM,1,TIPO DOMICILIARIO,1,ASIMILABLE A DOMICILIARIO,6500,24730,18230,5,1,COMPACTADOR LEVANTE LAT.,,,,,SIN PERMISO,,,,,,,,,,,34,ETRA (Estacion de Transferencia),1,AUTOMATICA,NO,16/01/24 10:48,21/12/23 00:00,22/12/23 20:01,2,ETRA,1,DESCARGA
4019333,22/12/23 00:00,22/12/23 19:46,SDC,1,TIPO DOMICILIARIO,3,LIMPIEZA DE DEPOSITOS,470,4130,3660,5,3,CAJA CERRADA,,,,,SERVICIO DE EVALUACION DE LA CALIDAD Y CONTROL AMBIENTAL,,,,,,50041,62828,1,SERVICIO DE EVALUACION DE LA CALIDAD Y CONTROL AMBIENTAL,,34,ETRA (Estacion de Transferencia),1,AUTOMATICA,NO,16/01/24 10:48,,22/12/23 19:53,2,ETRA,1,DESCARGA
4019335,26/12/23 00:00,26/12/23 13:23,STP,1,TIPO DOMICILIARIO,3,LIMPIEZA DE DEPOSITOS,3530,10090,6560,5,2,CAJA ABIERTA 6 M3,,,,,SERVICIO DE EVALUACION DE LA CALIDAD Y CONTROL AMBIENTAL,,,,,,50041,62828,1,SERVICIO DE EVALUACION DE LA CALIDAD Y CONTROL AMBIENTAL,,34,ETRA (Estacion de Transferencia),1,AUTOMATICA,NO,16/01/24 10:49,,26/12/23 13:30,2,ETRA,1,DESCARGA
4019336,26/12/23 00:00,26/12/23 13:31,SDB,1,TIPO DOMICILIARIO,1,ASIMILABLE A DOMICILIARIO,4460,13730,9270,5,10,COMPACTADOR CONVENCIONAL,,,,,SERVICIO DE EVALUACION DE LA CALIDAD Y CONTROL AMBIENTAL,,,,,,50041,62828,1,SERVICIO DE EVALUACION DE LA CALIDAD Y CONTROL AMBIENTAL,,34,ETRA (Estacion de Transferencia),1,AUTOMATICA,NO,16/01/24 10:49,,26/12/23 13:39,2,ETRA,1,DESCARGA
4019341,26/12/23 00:00,26/12/23 14:15,SCX,1,TIPO DOMICILIARIO,3,LIMPIEZA DE DEPOSITOS,1200,4480,3280,5,3,CAJA CERRADA,,,,,SERVICIO DE EVALUACION DE LA CALIDAD Y CONTROL AMBIENTAL,,,,,,50041,62828,1,SERVICIO DE EVALUACION DE LA CALIDAD Y CONTROL AMBIENTAL,,34,ETRA (Estacion de Transferencia),1,AUTOMATICA,NO,16/01/24 10:49,,26/12/23 14:23,2,ETRA,1,DESCARGA
4019342,26/12/23 00:00,26/12/23 14:17,STP,1,TIPO DOMICILIARIO,3,LIMPIEZA DE DEPOSITOS,2340,9440,7100,5,21,RETROEXCAVADORA,,,,,SERVICIO DE EVALUACION DE LA CALIDAD Y CONTROL AMBIENTAL,,,,,,49439,62142,1,SERVICIO DE EVALUACION DE LA CALIDAD Y CONTROL AMBIENTAL,,34,ETRA (Estacion de Transferencia),1,AUTOMATICA,NO,16/01/24 10:49,,26/12/23 14:25,2,ETRA,1,DESCARGA
4019343,26/12/23 00:00,26/12/23 14:19,STP,1,TIPO DOMICILIARIO,1,ASIMILABLE A DOMICILIARIO,2920,10320,7400,5,2,CAJA ABIERTA 6 M3,,,,,SERVICIO DE EVALUACION DE LA CALIDAD Y CONTROL AMBIENTAL,,,,,,49439,62142,1,SERVICIO DE EVALUACION DE LA CALIDAD Y CONTROL AMBIENTAL,,34,ETRA (Estacion de Transferencia),1,AUTOMATICA,NO,16/01/24 10:49,,26/12/23 14:27,2,ETRA,1,DESCARGA
4019344,26/12/23 00:00,26/12/23 14:22,STP,1,TIPO DOMICILIARIO,3,LIMPIEZA DE DEPOSITOS,720,7330,6610,5,2,CAJA ABIERTA 6 M3,,,,,SERVICIO DE EVALUACION DE LA CALIDAD Y CONTROL AMBIENTAL,,,,,,49439,62142,1,SERVICIO DE EVALUACION DE LA CALIDAD Y CONTROL AMBIENTAL,,34,ETRA (Estacion de Transferencia),1,AUTOMATICA,NO,16/01/24 10:49,,26/12/23 14:30,2,ETRA,1,DESCARGA
4019345,26/12/23 00:00,26/12/23 14:35,STP,100,CONSTRUCCION,104,TIERRA SUCIA,4620,14920,10300,5,2,CAJA ABIERTA 6 M3,,,,,SERVICIO DE EVALUACION DE LA CALIDAD Y CONTROL AMBIENTAL,,,,,,49439,62142,1,SERVICIO DE EVALUACION DE LA CALIDAD Y CONTROL AMBIENTAL,,34,ETRA (Estacion de Transferencia),1,AUTOMATICA,NO,16/01/24 10:49,,26/12/23 14:44,2,ETRA,1,DESCARGA
4019347,26/12/23 00:00,26/12/23 14:46,STP,1,TIPO DOMICILIARIO,3,LIMPIEZA DE DEPOSITOS,1890,8460,6570,5,2,CAJA ABIERTA 6 M3,,,,,SERVICIO DE EVALUACION DE LA CALIDAD Y CONTROL AMBIENTAL,,,,,,49439,62142,1,SERVICIO DE EVALUACION DE LA CALIDAD Y CONTROL AMBIENTAL,,34,ETRA (Estacion de Transferencia),1,AUTOMATICA,NO,16/01/24 10:49,,26/12/23 14:53,2,ETRA,1,DESCARGA
4019348,26/12/23 00:00,26/12/23 15:50,STP,1,TIPO DOMICILIARIO,3,LIMPIEZA DE DEPOSITOS,980,7460,6480,5,2,CAJA ABIERTA 6 M3,,,,,SERVICIO DE EVALUACION DE LA CALIDAD Y CONTROL AMBIENTAL,,,,,,49439,62142,1,SERVICIO DE EVALUACION DE LA CALIDAD Y CONTROL AMBIENTAL,,34,ETRA (Estacion de Transferencia),1,AUTOMATICA,NO,16/01/24 10:49,,26/12/23 16:01,2,ETRA,1,DESCARGA
4019349,26/12/23 00:00,26/12/23 15:50,SIM,1,TIPO DOMICILIARIO,1,ASIMILABLE A DOMICILIARIO,4130,14530,10400,5,11,COMPACTADOR LEVANTE TRAS.,,,,,SIN PERMISO,,,,,,,,,,,34,ETRA (Estacion de Transferencia),1,AUTOMATICA,NO,16/01/24 10:49,,26/12/23 16:00,2,ETRA,1,DESCARGA
4019351,26/12/23 00:00,26/12/23 16:05,STP,100,CONSTRUCCION,101,ESCOMBRO SUCIO,3540,13340,9800,5,12,CAJA ABIERTA 10 M3,,,,,SERVICIO DE EVALUACION DE LA CALIDAD Y CONTROL AMBIENTAL,,,,,,49439,62142,1,SERVICIO DE EVALUACION DE LA CALIDAD Y CONTROL AMBIENTAL,,34,ETRA (Estacion de Transferencia),1,AUTOMATICA,NO,16/01/24 10:49,,26/12/23 16:11,2,ETRA,1,DESCARGA
4019352,26/12/23 00:00,26/12/23 16:12,SIM,1,TIPO DOMICILIARIO,1,ASIMILABLE A DOMICILIARIO,8570,25640,17070,5,1,COMPACTADOR LEVANTE LAT.,,,,,SIN PERMISO,,,,,,,,,,,34,ETRA (Estacion de Transferencia),1,AUTOMATICA,NO,16/01/24 10:49,26/12/23 00:00,26/12/23 16:18,2,ETRA,1,DESCARGA
4019355,26/12/23 00:00,26/12/23 16:32,SIM,1,TIPO DOMICILIARIO,1,ASIMILABLE A DOMICILIARIO,7790,24130,16340,5,1,COMPACTADOR LEVANTE LAT.,,,,,SIN PERMISO,,,,,,,,,,,34,ETRA (Estacion de Transferencia),1,AUTOMATICA,NO,16/01/24 10:49,26/12/23 00:00,26/12/23 16:50,2,ETRA,1,DESCARGA
4019357,26/12/23 00:00,26/12/23 16:34,SIM,1,TIPO DOMICILIARIO,1,ASIMILABLE A DOMICILIARIO,11840,29360,17520,5,1,COMPACTADOR LEVANTE LAT.,,,,,SIN PERMISO,,,,,,,,,,,34,ETRA (Estacion de Transferencia),1,AUTOMATICA,NO,16/01/24 10:49,26/12/23 00:00,26/12/23 16:46,2,ETRA,1,DESCARGA
4019359,26/12/23 00:00,26/12/23 16:59,SIM,1,TIPO DOMICILIARIO,1,ASIMILABLE A DOMICILIARIO,9130,26300,17170,5,1,COMPACTADOR LEVANTE LAT.,,,,,SIN PERMISO,,,,,,,,,,,34,ETRA (Estacion de Transferencia),1,AUTOMATICA,NO,16/01/24 10:49,26/12/23 00:00,26/12/23 17:03,2,ETRA,1,DESCARGA
4019360,26/12/23 00:00,26/12/23 17:10,STP,100,CONSTRUCCION,101,ESCOMBRO SUCIO,530,10330,9800,5,12,CAJA ABIERTA 10 M3,,,,,SERVICIO DE EVALUACION DE LA CALIDAD Y CONTROL AMBIENTAL,,,,,,49439,62142,1,SERVICIO DE EVALUACION DE LA CALIDAD Y CONTROL AMBIENTAL,,34,ETRA (Estacion de Transferencia),1,AUTOMATICA,NO,16/01/24 10:49,,26/12/23 17:16,2,ETRA,1,DESCARGA
4019361,26/12/23 00:00,26/12/23 17:12,SIM,1,TIPO DOMICILIARIO,1,ASIMILABLE A DOMICILIARIO,12150,29120,16970,5,1,COMPACTADOR LEVANTE LAT.,,,,,SIN PERMISO,,,,,,,,,,,34,ETRA (Estacion de Transferencia),1,AUTOMATICA,NO,16/01/24 10:49,26/12/23 00:00,26/12/23 17:19,2,ETRA,1,DESCARGA
4019362,26/12/23 00:00,26/12/23 17:22,STP,100,CONSTRUCCION,104,TIERRA SUCIA,2980,13260,10280,5,2,CAJA ABIERTA 6 M3,,,,,SERVICIO DE EVALUACION DE LA CALIDAD Y CONTROL AMBIENTAL,,,,,,49439,62142,1,SERVICIO DE EVALUACION DE LA CALIDAD Y CONTROL AMBIENTAL,,34,ETRA (Estacion de Transferencia),1,AUTOMATICA,NO,16/01/24 10:49,,26/12/23 17:33,2,ETRA,1,DESCARGA
4019366,26/12/23 00:00,26/12/23 17:47,SIM,1,TIPO DOMICILIARIO,1,ASIMILABLE A DOMICILIARIO,1710,11940,10230,5,10,COMPACTADOR CONVENCIONAL,,,,,SIN PERMISO,,,,,,,,,,,34,ETRA (Estacion de Transferencia),1,AUTOMATICA,NO,16/01/24 10:49,,26/12/23 17:59,2,ETRA,1,DESCARGA
4019367,26/12/23 00:00,26/12/23 17:58,SIM,1,TIPO DOMICILIARIO,1,ASIMILABLE A DOMICILIARIO,1460,11840,10380,5,11,COMPACTADOR LEVANTE TRAS.,,,,,SIN PERMISO,,,,,,,,,,,34,ETRA (Estacion de Transferencia),1,AUTOMATICA,NO,16/01/24 10:49,,26/12/23 18:02,2,ETRA,1,DESCARGA
4019370,26/12/23 00:00,26/12/23 18:38,SIM,1,TIPO DOMICILIARIO,1,ASIMILABLE A DOMICILIARIO,11240,28820,17580,5,1,COMPACTADOR LEVANTE LAT.,,,,,SIN PERMISO,,,,,,,,,,,34,ETRA (Estacion de Transferencia),1,AUTOMATICA,NO,16/01/24 10:49,26/12/23 00:00,26/12/23 18:45,2,ETRA,1,DESCARGA
4019371,26/12/23 00:00,26/12/23 18:42,SIM,1,TIPO DOMICILIARIO,1,ASIMILABLE A DOMICILIARIO,4960,21860,16900,5,1,COMPACTADOR LEVANTE LAT.,,,,,SIN PERMISO,,,,,,,,,,,34,ETRA (Estacion de Transferencia),1,AUTOMATICA,NO,16/01/24 10:49,26/12/23 00:00,26/12/23 18:48,2,ETRA,1,DESCARGA
4019373,26/12/23 00:00,26/12/23 18:51,SIM,1,TIPO DOMICILIARIO,1,ASIMILABLE A DOMICILIARIO,9300,26690,17390,5,1,COMPACTADOR LEVANTE LAT.,,,,,SIN PERMISO,,,,,,,,,,,34,ETRA (Estacion de Transferencia),1,AUTOMATICA,NO,16/01/24 10:49,26/12/23 00:00,26/12/23 18:56,2,ETRA,1,DESCARGA
4019374,26/12/23 00:00,26/12/23 18:52,SIM,1,TIPO DOMICILIARIO,1,ASIMILABLE A DOMICILIARIO,12030,29240,17210,5,1,COMPACTADOR LEVANTE LAT.,,,,,SIN PERMISO,,,,,,,,,,,34,ETRA (Estacion de Transferencia),1,AUTOMATICA,NO,16/01/24 10:49,26/12/23 00:00,26/12/23 18:59,2,ETRA,1,DESCARGA
4019375,26/12/23 00:00,26/12/23 18:53,SIM,1,TIPO DOMICILIARIO,1,ASIMILABLE A DOMICILIARIO,11070,27420,16350,5,1,COMPACTADOR LEVANTE LAT.,,,,,SIN PERMISO,,,,,,,,,,,34,ETRA (Estacion de Transferencia),1,AUTOMATICA,NO,16/01/24 10:49,26/12/23 00:00,26/12/23 19:02,2,ETRA,1,DESCARGA
4019378,27/12/23 00:00,27/12/23 14:12,STP,1,TIPO DOMICILIARIO,1,ASIMILABLE A DOMICILIARIO,3780,11270,7490,5,2,CAJA ABIERTA 6 M3,,,,,SERVICIO DE EVALUACION DE LA CALIDAD Y CONTROL AMBIENTAL,,,,,,49439,62142,1,SERVICIO DE EVALUACION DE LA CALIDAD Y CONTROL AMBIENTAL,,34,ETRA (Estacion de Transferencia),1,AUTOMATICA,NO,16/01/24 10:50,,27/12/23 14:25,2,ETRA,1,DESCARGA
4019379,27/12/23 00:00,27/12/23 14:17,STP,1,TIPO DOMICILIARIO,3,LIMPIEZA DE DEPOSITOS,1780,8850,7070,5,21,RETROEXCAVADORA,,,,,SERVICIO DE EVALUACION DE LA CALIDAD Y CONTROL AMBIENTAL,,,,,,49439,62142,1,SERVICIO DE EVALUACION DE LA CALIDAD Y CONTROL AMBIENTAL,,34,ETRA (Estacion de Transferencia),1,AUTOMATICA,NO,16/01/24 10:50,,27/12/23 14:28,2,ETRA,1,DESCARGA
4019380,27/12/23 00:00,27/12/23 14:19,STP,1,TIPO DOMICILIARIO,3,LIMPIEZA DE DEPOSITOS,2320,8910,6590,5,2,CAJA ABIERTA 6 M3,,,,,SERVICIO DE EVALUACION DE LA CALIDAD Y CONTROL AMBIENTAL,,,,,,49439,62142,1,SERVICIO DE EVALUACION DE LA CALIDAD Y CONTROL AMBIENTAL,,34,ETRA (Estacion de Transferencia),1,AUTOMATICA,NO,16/01/24 10:50,,27/12/23 14:31,2,ETRA,1,DESCARGA
4019381,27/12/23 00:00,27/12/23 14:21,STP,100,CONSTRUCCION,104,TIERRA SUCIA,1810,12100,10290,5,2,CAJA ABIERTA 6 M3,,,,,SERVICIO DE EVALUACION DE LA CALIDAD Y CONTROL AMBIENTAL,,,,,,49439,62142,1,SERVICIO DE EVALUACION DE LA CALIDAD Y CONTROL AMBIENTAL,,34,ETRA (Estacion de Transferencia),1,AUTOMATICA,NO,16/01/24 10:50,,27/12/23 14:32,2,ETRA,1,DESCARGA
4019382,27/12/23 00:00,27/12/23 14:26,STP,1,TIPO DOMICILIARIO,3,LIMPIEZA DE DEPOSITOS,2690,9650,6960,5,2,CAJA ABIERTA 6 M3,,,,,SERVICIO DE EVALUACION DE LA CALIDAD Y CONTROL AMBIENTAL,,,,,,49439,62142,1,SERVICIO DE EVALUACION DE LA CALIDAD Y CONTROL AMBIENTAL,,34,ETRA (Estacion de Transferencia),1,AUTOMATICA,NO,16/01/24 10:50,,27/12/23 14:35,2,ETRA,1,DESCARGA
4019383,27/12/23 00:00,27/12/23 14:42,SIM,1,TIPO DOMICILIARIO,1,ASIMILABLE A DOMICILIARIO,4510,14940,10430,5,10,COMPACTADOR CONVENCIONAL,,,,,SIN PERMISO,,,,,,,,,,,34,ETRA (Estacion de Transferencia),1,AUTOMATICA,NO,16/01/24 10:50,26/12/23 00:00,27/12/23 14:49,2,ETRA,1,DESCARGA
4019386,27/12/23 00:00,27/12/23 15:00,STP,500,BARROS Y LODOS,501,BARROS,1730,11760,10030,5,44,CAJA ABIERTA CON VOLCADOR,,,,,SERVICIO DE EVALUACION DE LA CALIDAD Y CONTROL AMBIENTAL,,,,,,49439,62142,1,SERVICIO DE EVALUACION DE LA CALIDAD Y CONTROL AMBIENTAL,,34,ETRA (Estacion de Transferencia),1,AUTOMATICA,NO,16/01/24 10:50,,27/12/23 15:16,2,ETRA,1,DESCARGA
4019389,27/12/23 00:00,27/12/23 16:15,SIM,1,TIPO DOMICILIARIO,1,ASIMILABLE A DOMICILIARIO,9950,26310,16360,5,1,COMPACTADOR LEVANTE LAT.,,,,,SIN PERMISO,,,,,,,,,,,34,ETRA (Estacion de Transferencia),1,AUTOMATICA,NO,16/01/24 10:50,27/12/23 00:00,27/12/23 16:26,2,ETRA,1,DESCARGA
4019390,27/12/23 00:00,27/12/23 16:21,SIM,1,TIPO DOMICILIARIO,1,ASIMILABLE A DOMICILIARIO,7950,24900,16950,5,1,COMPACTADOR LEVANTE LAT.,,,,,SIN PERMISO,,,,,,,,,,,34,ETRA (Estacion de Transferencia),1,AUTOMATICA,NO,16/01/24 10:50,27/12/23 00:00,27/12/23 16:29,2,ETRA,1,DESCARGA
4019391,27/12/23 00:00,27/12/23 16:28,SIM,1,TIPO DOMICILIARIO,1,ASIMILABLE A DOMICILIARIO,10360,27700,17340,5,1,COMPACTADOR LEVANTE LAT.,,,,,SIN PERMISO,,,,,,,,,,,34,ETRA (Estacion de Transferencia),1,AUTOMATICA,NO,16/01/24 10:50,26/12/23 00:00,27/12/23 16:35,2,ETRA,1,DESCARGA
4019392,27/12/23 00:00,27/12/23 16:35,SIM,1,TIPO DOMICILIARIO,1,ASIMILABLE A DOMICILIARIO,8430,25190,16760,5,1,COMPACTADOR LEVANTE LAT.,,,,,SIN PERMISO,,,,,,,,,,,34,ETRA (Estacion de Transferencia),1,AUTOMATICA,NO,16/01/24 10:50,27/12/23 00:00,27/12/23 16:44,2,ETRA,1,DESCARGA
4019393,27/12/23 00:00,27/12/23 16:53,SIM,1,TIPO DOMICILIARIO,1,ASIMILABLE A DOMICILIARIO,10250,27510,17260,5,1,COMPACTADOR LEVANTE LAT.,,,,,SIN PERMISO,,,,,,,,,,,34,ETRA (Estacion de Transferencia),1,AUTOMATICA,NO,16/01/24 10:50,27/12/23 00:00,27/12/23 17:04,2,ETRA,1,DESCARGA
4019394,27/12/23 00:00,27/12/23 16:56,STP,100,CONSTRUCCION,101,ESCOMBRO SUCIO,6900,16700,9800,5,12,CAJA ABIERTA 10 M3,,,,,SERVICIO DE EVALUACION DE LA CALIDAD Y CONTROL AMBIENTAL,,,,,,49439,62142,1,SERVICIO DE EVALUACION DE LA CALIDAD Y CONTROL AMBIENTAL,,34,ETRA (Estacion de Transferencia),1,AUTOMATICA,NO,16/01/24 10:50,,27/12/23 17:06,2,ETRA,1,DESCARGA
4019395,27/12/23 00:00,27/12/23 16:57,STP,100,CONSTRUCCION,104,TIERRA SUCIA,2240,12500,10260,5,2,CAJA ABIERTA 6 M3,,,,,SERVICIO DE EVALUACION DE LA CALIDAD Y CONTROL AMBIENTAL,,,,,,49439,62142,1,SERVICIO DE EVALUACION DE LA CALIDAD Y CONTROL AMBIENTAL,,34,ETRA (Estacion de Transferencia),1,AUTOMATICA,NO,16/01/24 10:50,,27/12/23 17:08,2,ETRA,1,DESCARGA
4019397,27/12/23 00:00,27/12/23 17:00,SIM,1,TIPO DOMICILIARIO,1,ASIMILABLE A DOMICILIARIO,9970,26970,17000,5,1,COMPACTADOR LEVANTE LAT.,,,,,SIN PERMISO,,,,,,,,,,,34,ETRA (Estacion de Transferencia),1,AUTOMATICA,NO,16/01/24 10:50,27/12/23 00:00,27/12/23 17:10,2,ETRA,1,DESCARGA
4019399,27/12/23 00:00,27/12/23 17:35,STP,500,BARROS Y LODOS,501,BARROS,760,10760,10000,5,44,CAJA ABIERTA CON VOLCADOR,,,,,SERVICIO DE EVALUACION DE LA CALIDAD Y CONTROL AMBIENTAL,,,,,,49439,62142,1,SERVICIO DE EVALUACION DE LA CALIDAD Y CONTROL AMBIENTAL,,34,ETRA (Estacion de Transferencia),1,AUTOMATICA,NO,16/01/24 10:50,,27/12/23 17:46,2,ETRA,1,DESCARGA
4019402,27/12/23 00:00,27/12/23 17:52,SIM,1,TIPO DOMICILIARIO,1,ASIMILABLE A DOMICILIARIO,10600,27930,17330,5,1,COMPACTADOR LEVANTE LAT.,,,,,SIN PERMISO,,,,,,,,,,,34,ETRA (Estacion de Transferencia),1,AUTOMATICA,NO,16/01/24 10:50,27/12/23 00:00,27/12/23 18:00,2,ETRA,1,DESCARGA
4019403,27/12/23 00:00,27/12/23 17:59,SIM,1,TIPO DOMICILIARIO,1,ASIMILABLE A DOMICILIARIO,3350,13790,10440,5,10,COMPACTADOR CONVENCIONAL,,,,,SIN PERMISO,,,,,,,,,,,34,ETRA (Estacion de Transferencia),1,AUTOMATICA,NO,16/01/24 10:50,,27/12/23 18:08,2,ETRA,1,DESCARGA
4019404,27/12/23 00:00,27/12/23 18:07,SIM,1,TIPO DOMICILIARIO,1,ASIMILABLE A DOMICILIARIO,9450,26840,17390,5,1,COMPACTADOR LEVANTE LAT.,,,,,SIN PERMISO,,,,,,,,,,,34,ETRA (Estacion de Transferencia),1,AUTOMATICA,NO,16/01/24 10:50,27/12/23 00:00,27/12/23 18:15,2,ETRA,1,DESCARGA
4019405,27/12/23 00:00,27/12/23 18:14,SIM,1,TIPO DOMICILIARIO,1,ASIMILABLE A DOMICILIARIO,9290,26250,16960,5,1,COMPACTADOR LEVANTE LAT.,,,,,SIN PERMISO,,,,,,,,,,,34,ETRA (Estacion de Transferencia),1,AUTOMATICA,NO,16/01/24 10:50,27/12/23 00:00,27/12/23 18:24,2,ETRA,1,DESCARGA
4019406,27/12/23 00:00,27/12/23 18:52,SIM,1,TIPO DOMICILIARIO,1,ASIMILABLE A DOMICILIARIO,10670,27460,16790,5,1,COMPACTADOR LEVANTE LAT.,,,,,SIN PERMISO,,,,,,,,,,,34,ETRA (Estacion de Transferencia),1,AUTOMATICA,NO,16/01/24 10:50,27/12/23 00:00,27/12/23 18:59,2,ETRA,1,DESCARGA
4019407,27/12/23 00:00,27/12/23 18:55,SIM,1,TIPO DOMICILIARIO,1,ASIMILABLE A DOMICILIARIO,9770,26850,17080,5,1,COMPACTADOR LEVANTE LAT.,,,,,SIN PERMISO,,,,,,,,,,,34,ETRA (Estacion de Transferencia),1,AUTOMATICA,NO,16/01/24 10:50,27/12/23 00:00,27/12/23 19:04,2,ETRA,1,DESCARGA
4019408,27/12/23 00:00,27/12/23 18:55,SIM,1,TIPO DOMICILIARIO,1,ASIMILABLE A DOMICILIARIO,10350,27690,17340,5,1,COMPACTADOR LEVANTE LAT.,,,,,SIN PERMISO,,,,,,,,,,,34,ETRA (Estacion de Transferencia),1,AUTOMATICA,NO,16/01/24 10:50,26/12/23 00:00,27/12/23 19:05,2,ETRA,1,DESCARGA
4019409,27/12/23 00:00,27/12/23 19:08,SDA,1,TIPO DOMICILIARIO,3,LIMPIEZA DE DEPOSITOS,1410,4900,3490,5,3,CAJA CERRADA,,,,,SERVICIO DE EVALUACION DE LA CALIDAD Y CONTROL AMBIENTAL,,,,,,50011,62873,1,SERVICIO DE EVALUACION DE LA CALIDAD Y CONTROL AMBIENTAL,,34,ETRA (Estacion de Transferencia),1,AUTOMATICA,NO,16/01/24 10:50,,27/12/23 19:17,2,ETRA,1,DESCARGA
4019411,27/12/23 00:00,27/12/23 19:10,SIM,2,TIPO NO DOMICILIARIO,22,NO DOMICILIARIO - FRACCIÓN HÚMEDA,1620,11820,10200,5,11,COMPACTADOR LEVANTE TRAS.,,,,,SIN PERMISO,,,,,,,,,,,34,ETRA (Estacion de Transferencia),1,AUTOMATICA,NO,16/01/24 10:50,26/12/23 00:00,27/12/23 19:20,2,ETRA,1,DESCARGA
4019413,27/12/23 00:00,27/12/23 19:21,SDC,1,TIPO DOMICILIARIO,3,LIMPIEZA DE DEPOSITOS,600,4190,3590,5,3,CAJA CERRADA,,,,,SERVICIO DE EVALUACION DE LA CALIDAD Y CONTROL AMBIENTAL,,,,,,50011,62873,1,SERVICIO DE EVALUACION DE LA CALIDAD Y CONTROL AMBIENTAL,,34,ETRA (Estacion de Transferencia),1,AUTOMATICA,NO,16/01/24 10:50,,27/12/23 19:26,2,ETRA,1,DESCARGA
4019417,27/12/23 00:00,27/12/23 19:52,SIM,1,TIPO DOMICILIARIO,1,ASIMILABLE A DOMICILIARIO,6780,24180,17400,5,1,COMPACTADOR LEVANTE LAT.,,,,,SIN PERMISO,,,,,,,,,,,34,ETRA (Estacion de Transferencia),1,AUTOMATICA,NO,16/01/24 10:50,27/12/23 00:00,27/12/23 19:59,2,ETRA,1,DESCARGA
4019419,28/12/23 00:00,28/12/23 13:44,SDC,1,TIPO DOMICILIARIO,3,LIMPIEZA DE DEPOSITOS,760,4380,3620,5,3,CAJA CERRADA,,,,,SERVICIO DE EVALUACION DE LA CALIDAD Y CONTROL AMBIENTAL,,,,,,50011,62873,1,SERVICIO DE EVALUACION DE LA CALIDAD Y CONTROL AMBIENTAL,,34,ETRA (Estacion de Transferencia),1,AUTOMATICA,NO,16/01/24 10:50,,28/12/23 13:54,2,ETRA,1,DESCARGA
4019420,28/12/23 00:00,28/12/23 13:47,STP,100,CONSTRUCCION,104,TIERRA SUCIA,3390,13640,10250,5,2,CAJA ABIERTA 6 M3,,,,,SERVICIO DE EVALUACION DE LA CALIDAD Y CONTROL AMBIENTAL,,,,,,49439,62142,1,SERVICIO DE EVALUACION DE LA CALIDAD Y CONTROL AMBIENTAL,,34,ETRA (Estacion de Transferencia),1,AUTOMATICA,NO,16/01/24 10:50,,28/12/23 13:57,2,ETRA,1,DESCARGA
4019421,28/12/23 00:00,28/12/23 13:49,STP,100,CONSTRUCCION,104,TIERRA SUCIA,2510,9080,6570,5,2,CAJA ABIERTA 6 M3,,,,,SERVICIO DE EVALUACION DE LA CALIDAD Y CONTROL AMBIENTAL,,,,,,49439,62142,1,SERVICIO DE EVALUACION DE LA CALIDAD Y CONTROL AMBIENTAL,,34,ETRA (Estacion de Transferencia),1,AUTOMATICA,NO,16/01/24 10:50,,28/12/23 13:56,2,ETRA,1,DESCARGA
4019422,28/12/23 00:00,28/12/23 13:54,STP,1,TIPO DOMICILIARIO,3,LIMPIEZA DE DEPOSITOS,1960,9020,7060,5,21,RETROEXCAVADORA,,,,,SERVICIO DE EVALUACION DE LA CALIDAD Y CONTROL AMBIENTAL,,,,,,49439,62142,1,SERVICIO DE EVALUACION DE LA CALIDAD Y CONTROL AMBIENTAL,,34,ETRA (Estacion de Transferencia),1,AUTOMATICA,NO,16/01/24 10:50,,28/12/23 14:01,2,ETRA,1,DESCARGA
4019423,28/12/23 00:00,28/12/23 14:03,STP,1,TIPO DOMICILIARIO,1,ASIMILABLE A DOMICILIARIO,2170,9610,7440,5,2,CAJA ABIERTA 6 M3,,,,,SERVICIO DE EVALUACION DE LA CALIDAD Y CONTROL AMBIENTAL,,,,,,49439,62142,1,SERVICIO DE EVALUACION DE LA CALIDAD Y CONTROL AMBIENTAL,,34,ETRA (Estacion de Transferencia),1,AUTOMATICA,NO,16/01/24 10:50,,28/12/23 14:15,2,ETRA,1,DESCARGA
4019424,28/12/23 00:00,28/12/23 14:06,STP,1,TIPO DOMICILIARIO,3,LIMPIEZA DE DEPOSITOS,1700,8120,6420,5,2,CAJA ABIERTA 6 M3,,,,,SERVICIO DE EVALUACION DE LA CALIDAD Y CONTROL AMBIENTAL,,,,,,49439,62142,1,SERVICIO DE EVALUACION DE LA CALIDAD Y CONTROL AMBIENTAL,,34,ETRA (Estacion de Transferencia),1,AUTOMATICA,NO,16/01/24 10:50,,28/12/23 14:11,2,ETRA,1,DESCARGA
4019428,28/12/23 00:00,28/12/23 14:21,STP,1,TIPO DOMICILIARIO,3,LIMPIEZA DE DEPOSITOS,1780,8380,6600,5,2,CAJA ABIERTA 6 M3,,,,,SERVICIO DE EVALUACION DE LA CALIDAD Y CONTROL AMBIENTAL,,,,,,49439,62142,1,SERVICIO DE EVALUACION DE LA CALIDAD Y CONTROL AMBIENTAL,,34,ETRA (Estacion de Transferencia),1,AUTOMATICA,NO,16/01/24 10:50,,28/12/23 14:28,2,ETRA,1,DESCARGA
4019429,28/12/23 00:00,28/12/23 14:23,STP,1,TIPO DOMICILIARIO,3,LIMPIEZA DE DEPOSITOS,2940,9980,7040,5,2,CAJA ABIERTA 6 M3,,,,,SERVICIO DE EVALUACION DE LA CALIDAD Y CONTROL AMBIENTAL,,,,,,49439,62142,1,SERVICIO DE EVALUACION DE LA CALIDAD Y CONTROL AMBIENTAL,,34,ETRA (Estacion de Transferencia),1,AUTOMATICA,NO,16/01/24 10:50,,28/12/23 14:30,2,ETRA,1,DESCARGA
4019431,28/12/23 00:00,28/12/23 14:27,SDB,1,TIPO DOMICILIARIO,1,ASIMILABLE A DOMICILIARIO,4900,14050,9150,5,10,COMPACTADOR CONVENCIONAL,,,,,SERVICIO DE EVALUACION DE LA CALIDAD Y CONTROL AMBIENTAL,,,,,,50041,62828,1,SERVICIO DE EVALUACION DE LA CALIDAD Y CONTROL AMBIENTAL,,34,ETRA (Estacion de Transferencia),1,AUTOMATICA,NO,16/01/24 10:50,,28/12/23 14:33,2,ETRA,1,DESCARGA
4019434,28/12/23 00:00,28/12/23 15:09,STP,100,CONSTRUCCION,101,ESCOMBRO SUCIO,5460,15260,9800,5,12,CAJA ABIERTA 10 M3,,,,,SERVICIO DE EVALUACION DE LA CALIDAD Y CONTROL AMBIENTAL,,,,,,49439,62142,1,SERVICIO DE EVALUACION DE LA CALIDAD Y CONTROL AMBIENTAL,,34,ETRA (Estacion de Transferencia),1,AUTOMATICA,NO,16/01/24 10:50,,28/12/23 15:26,2,ETRA,1,DESCARGA
4019435,28/12/23 00:00,28/12/23 15:15,STP,100,CONSTRUCCION,104,TIERRA SUCIA,5150,15400,10250,5,2,CAJA ABIERTA 6 M3,,,,,SERVICIO DE EVALUACION DE LA CALIDAD Y CONTROL AMBIENTAL,,,,,,49439,62142,1,SERVICIO DE EVALUACION DE LA CALIDAD Y CONTROL AMBIENTAL,,34,ETRA (Estacion de Transferencia),1,AUTOMATICA,NO,16/01/24 10:50,,28/12/23 15:28,2,ETRA,1,DESCARGA
4019437,28/12/23 00:00,28/12/23 15:57,STP,500,BARROS Y LODOS,501,BARROS,1750,11760,10010,5,44,CAJA ABIERTA CON VOLCADOR,,,,,SERVICIO DE EVALUACION DE LA CALIDAD Y CONTROL AMBIENTAL,,,,,,49439,62142,1,SERVICIO DE EVALUACION DE LA CALIDAD Y CONTROL AMBIENTAL,,34,ETRA (Estacion de Transferencia),1,AUTOMATICA,NO,16/01/24 10:50,,28/12/23 16:11,2,ETRA,1,DESCARGA
4019438,28/12/23 00:00,28/12/23 16:07,SCO,1,TIPO DOMICILIARIO,3,LIMPIEZA DE DEPOSITOS,1000,5190,4190,5,3,CAJA CERRADA,,,,,SERVICIO DE EVALUACION DE LA CALIDAD Y CONTROL AMBIENTAL,,,,,,49439,62142,1,SERVICIO DE EVALUACION DE LA CALIDAD Y CONTROL AMBIENTAL,,34,ETRA (Estacion de Transferencia),1,AUTOMATICA,NO,16/01/24 10:50,,28/12/23 16:16,2,ETRA,1,DESCARGA
4019441,28/12/23 00:00,28/12/23 16:39,SIM,1,TIPO DOMICILIARIO,1,ASIMILABLE A DOMICILIARIO,11670,28790,17120,5,1,COMPACTADOR LEVANTE LAT.,,,,,SIN PERMISO,,,,,,,,,,,34,ETRA (Estacion de Transferencia),1,AUTOMATICA,NO,16/01/24 10:50,28/12/23 00:00,28/12/23 16:46,2,ETRA,1,DESCARGA
4019442,28/12/23 00:00,28/12/23 16:45,SIM,1,TIPO DOMICILIARIO,1,ASIMILABLE A DOMICILIARIO,7020,24440,17420,5,1,COMPACTADOR LEVANTE LAT.,,,,,SIN PERMISO,,,,,,,,,,,34,ETRA (Estacion de Transferencia),1,AUTOMATICA,NO,16/01/24 10:50,27/12/23 00:00,28/12/23 16:53,2,ETRA,1,DESCARGA
4019443,28/12/23 00:00,28/12/23 16:46,SIM,1,TIPO DOMICILIARIO,1,ASIMILABLE A DOMICILIARIO,9840,26750,16910,5,1,COMPACTADOR LEVANTE LAT.,,,,,SIN PERMISO,,,,,,,,,,,34,ETRA (Estacion de Transferencia),1,AUTOMATICA,NO,16/01/24 10:50,27/12/23 00:00,28/12/23 16:54,2,ETRA,1,DESCARGA
4019444,28/12/23 00:00,28/12/23 16:59,SIM,1,TIPO DOMICILIARIO,1,ASIMILABLE A DOMICILIARIO,11470,28030,16560,5,1,COMPACTADOR LEVANTE LAT.,,,,,SIN PERMISO,,,,,,,,,,,34,ETRA (Estacion de Transferencia),1,AUTOMATICA,NO,16/01/24 10:50,28/12/23 00:00,28/12/23 17:08,2,ETRA,1,DESCARGA
4019447,28/12/23 00:00,28/12/23 17:28,STP,100,CONSTRUCCION,104,TIERRA SUCIA,6920,17160,10240,5,2,CAJA ABIERTA 6 M3,,,,,SERVICIO DE EVALUACION DE LA CALIDAD Y CONTROL AMBIENTAL,,,,,,49439,62142,1,SERVICIO DE EVALUACION DE LA CALIDAD Y CONTROL AMBIENTAL,,34,ETRA (Estacion de Transferencia),1,AUTOMATICA,NO,16/01/24 10:50,,28/12/23 17:42,2,ETRA,1,DESCARGA
4019448,28/12/23 00:00,28/12/23 17:31,SIM,1,TIPO DOMICILIARIO,1,ASIMILABLE A DOMICILIARIO,10900,28590,17690,5,1,COMPACTADOR LEVANTE LAT.,,,,,SIN PERMISO,,,,,,,,,,,34,ETRA (Estacion de Transferencia),1,AUTOMATICA,NO,16/01/24 10:50,28/12/23 00:00,28/12/23 17:37,2,ETRA,1,DESCARGA
4019449,28/12/23 00:00,28/12/23 17:33,STP,100,CONSTRUCCION,101,ESCOMBRO SUCIO,1080,10870,9790,5,12,CAJA ABIERTA 10 M3,,,,,SERVICIO DE EVALUACION DE LA CALIDAD Y CONTROL AMBIENTAL,,,,,,49439,62142,1,SERVICIO DE EVALUACION DE LA CALIDAD Y CONTROL AMBIENTAL,,34,ETRA (Estacion de Transferencia),1,AUTOMATICA,NO,16/01/24 10:50,,28/12/23 17:41,2,ETRA,1,DESCARGA
4019450,28/12/23 00:00,28/12/23 18:01,SCI,1,TIPO DOMICILIARIO,3,LIMPIEZA DE DEPOSITOS,700,4630,3930,5,3,CAJA CERRADA,,,,,SERVICIO DE EVALUACION DE LA CALIDAD Y CONTROL AMBIENTAL,,,,,,49439,62142,1,SERVICIO DE EVALUACION DE LA CALIDAD Y CONTROL AMBIENTAL,,34,ETRA (Estacion de Transferencia),1,AUTOMATICA,NO,16/01/24 10:50,,28/12/23 18:08,2,ETRA,1,DESCARGA
4019453,28/12/23 00:00,28/12/23 18:26,SIM,1,TIPO DOMICILIARIO,1,ASIMILABLE A DOMICILIARIO,2240,12550,10310,5,10,COMPACTADOR CONVENCIONAL,,,,,SIN PERMISO,,,,,,,,,,,34,ETRA (Estacion de Transferencia),1,AUTOMATICA,NO,16/01/24 10:50,28/12/23 00:00,28/12/23 18:32,2,ETRA,1,DESCARGA
4019454,28/12/23 00:00,28/12/23 18:29,SIM,1,TIPO DOMICILIARIO,1,ASIMILABLE A DOMICILIARIO,10720,27580,16860,5,1,COMPACTADOR LEVANTE LAT.,,,,,SIN PERMISO,,,,,,,,,,,34,ETRA (Estacion de Transferencia),1,AUTOMATICA,NO,16/01/24 10:50,28/12/23 00:00,28/12/23 18:39,2,ETRA,1,DESCARGA
4019455,28/12/23 00:00,28/12/23 18:42,SIM,1,TIPO DOMICILIARIO,1,ASIMILABLE A DOMICILIARIO,11490,28420,16930,5,1,COMPACTADOR LEVANTE LAT.,,,,,SIN PERMISO,,,,,,,,,,,34,ETRA (Estacion de Transferencia),1,AUTOMATICA,NO,16/01/24 10:50,28/12/23 00:00,28/12/23 18:50,2,ETRA,1,DESCARGA
4019457,28/12/23 00:00,28/12/23 19:17,SDC,1,TIPO DOMICILIARIO,3,LIMPIEZA DE DEPOSITOS,1620,5230,3610,5,3,CAJA CERRADA,,,,,SERVICIO DE EVALUACION DE LA CALIDAD Y CONTROL AMBIENTAL,,,,,,50011,62873,1,SERVICIO DE EVALUACION DE LA CALIDAD Y CONTROL AMBIENTAL,,34,ETRA (Estacion de Transferencia),1,AUTOMATICA,NO,16/01/24 10:50,,28/12/23 19:26,2,ETRA,1,DESCARGA
4019458,28/12/23 00:00,28/12/23 19:18,SIM,1,TIPO DOMICILIARIO,1,ASIMILABLE A DOMICILIARIO,6420,24090,17670,5,1,COMPACTADOR LEVANTE LAT.,,,,,SIN PERMISO,,,,,,,,,,,34,ETRA (Estacion de Transferencia),1,AUTOMATICA,NO,16/01/24 10:50,28/12/23 00:00,28/12/23 19:24,2,ETRA,1,DESCARGA
4019459,28/12/23 00:00,28/12/23 19:19,SDC,1,TIPO DOMICILIARIO,3,LIMPIEZA DE DEPOSITOS,1050,4480,3430,5,3,CAJA CERRADA,,,,,SERVICIO DE EVALUACION DE LA CALIDAD Y CONTROL AMBIENTAL,,,,,,50011,62873,1,SERVICIO DE EVALUACION DE LA CALIDAD Y CONTROL AMBIENTAL,,34,ETRA (Estacion de Transferencia),1,AUTOMATICA,NO,16/01/24 10:50,,28/12/23 19:25,2,ETRA,1,DESCARGA
4019462,28/12/23 00:00,28/12/23 20:14,SCO,1,TIPO DOMICILIARIO,3,LIMPIEZA DE DEPOSITOS,1260,5430,4170,5,3,CAJA CERRADA,,,,,SERVICIO DE EVALUACION DE LA CALIDAD Y CONTROL AMBIENTAL,,,,,,49439,62142,1,SERVICIO DE EVALUACION DE LA CALIDAD Y CONTROL AMBIENTAL,,34,ETRA (Estacion de Transferencia),1,AUTOMATICA,NO,16/01/24 10:50,,28/12/23 20:21,2,ETRA,1,DESCARGA
4019473,29/12/23 00:00,29/12/23 12:11,STP,1,TIPO DOMICILIARIO,2,BARRIDO,1840,9110,7270,5,2,CAJA ABIERTA 6 M3,,,,,SERVICIO DE EVALUACION DE LA CALIDAD Y CONTROL AMBIENTAL,,,,,,50041,62828,1,SERVICIO DE EVALUACION DE LA CALIDAD Y CONTROL AMBIENTAL,,34,ETRA (Estacion de Transferencia),1,AUTOMATICA,NO,16/01/24 10:50,,29/12/23 12:17,2,ETRA,1,DESCARGA
4019481,29/12/23 00:00,29/12/23 12:15,STP,1,TIPO DOMICILIARIO,3,LIMPIEZA DE DEPOSITOS,3400,10450,7050,5,21,RETROEXCAVADORA,,,,,SERVICIO DE EVALUACION DE LA CALIDAD Y CONTROL AMBIENTAL,,,,,,50041,62828,1,SERVICIO DE EVALUACION DE LA CALIDAD Y CONTROL AMBIENTAL,,34,ETRA (Estacion de Transferencia),1,AUTOMATICA,NO,16/01/24 10:50,,29/12/23 12:22,2,ETRA,1,DESCARGA
4019485,29/12/23 00:00,29/12/23 12:16,STP,1,TIPO DOMICILIARIO,3,LIMPIEZA DE DEPOSITOS,2370,8960,6590,5,2,CAJA ABIERTA 6 M3,,,,,SERVICIO DE EVALUACION DE LA CALIDAD Y CONTROL AMBIENTAL,,,,,,50041,62828,1,SERVICIO DE EVALUACION DE LA CALIDAD Y CONTROL AMBIENTAL,,34,ETRA (Estacion de Transferencia),1,AUTOMATICA,NO,16/01/24 10:50,,29/12/23 12:24,2,ETRA,1,DESCARGA
4019498,29/12/23 00:00,29/12/23 12:26,STP,1,TIPO DOMICILIARIO,3,LIMPIEZA DE DEPOSITOS,2380,8930,6550,5,2,CAJA ABIERTA 6 M3,,,,,SERVICIO DE EVALUACION DE LA CALIDAD Y CONTROL AMBIENTAL,,,,,,50041,62828,1,SERVICIO DE EVALUACION DE LA CALIDAD Y CONTROL AMBIENTAL,,34,ETRA (Estacion de Transferencia),1,AUTOMATICA,NO,16/01/24 10:50,,29/12/23 12:34,2,ETRA,1,DESCARGA
4019499,29/12/23 00:00,29/12/23 12:29,SDB,1,TIPO DOMICILIARIO,1,ASIMILABLE A DOMICILIARIO,2540,11560,9020,5,11,COMPACTADOR LEVANTE TRAS.,,,,,SERVICIO DE EVALUACION DE LA CALIDAD Y CONTROL AMBIENTAL,,,,,,50041,62828,1,SERVICIO DE EVALUACION DE LA CALIDAD Y CONTROL AMBIENTAL,,34,ETRA (Estacion de Transferencia),1,AUTOMATICA,NO,16/01/24 10:50,,29/12/23 12:36,2,ETRA,1,DESCARGA
4019501,29/12/23 00:00,29/12/23 12:27,SDB,1,TIPO DOMICILIARIO,1,ASIMILABLE A DOMICILIARIO,3680,12750,9070,5,11,COMPACTADOR LEVANTE TRAS.,,,,,SERVICIO DE EVALUACION DE LA CALIDAD Y CONTROL AMBIENTAL,,,,,,50041,62828,1,SERVICIO DE EVALUACION DE LA CALIDAD Y CONTROL AMBIENTAL,,34,ETRA (Estacion de Transferencia),1,AUTOMATICA,NO,16/01/24 10:50,,29/12/23 12:37,2,ETRA,1,DESCARGA
4019504,29/12/23 00:00,29/12/23 12:33,SCX,1,TIPO DOMICILIARIO,3,LIMPIEZA DE DEPOSITOS,1340,4620,3280,5,3,CAJA CERRADA,,,,,SERVICIO DE EVALUACION DE LA CALIDAD Y CONTROL AMBIENTAL,,,,,,50011,62873,1,SERVICIO DE EVALUACION DE LA CALIDAD Y CONTROL AMBIENTAL,,34,ETRA (Estacion de Transferencia),1,AUTOMATICA,NO,16/01/24 10:50,,29/12/23 12:39,2,ETRA,1,DESCARGA
4019505,29/12/23 00:00,29/12/23 12:36,SDB,1,TIPO DOMICILIARIO,1,ASIMILABLE A DOMICILIARIO,4200,13550,9350,5,11,COMPACTADOR LEVANTE TRAS.,,,,,SERVICIO DE EVALUACION DE LA CALIDAD Y CONTROL AMBIENTAL,,,,,,50041,62828,1,SERVICIO DE EVALUACION DE LA CALIDAD Y CONTROL AMBIENTAL,,34,ETRA (Estacion de Transferencia),1,AUTOMATICA,NO,16/01/24 10:50,,29/12/23 12:40,2,ETRA,1,DESCARGA
4019520,29/12/23 00:00,29/12/23 12:49,SDB,1,TIPO DOMICILIARIO,1,ASIMILABLE A DOMICILIARIO,4300,13330,9030,5,42,COMPACTADOR TRASERO,,,,,SERVICIO DE EVALUACION DE LA CALIDAD Y CONTROL AMBIENTAL,,,,,,50041,62828,1,SERVICIO DE EVALUACION DE LA CALIDAD Y CONTROL AMBIENTAL,,34,ETRA (Estacion de Transferencia),1,AUTOMATICA,NO,16/01/24 10:50,,29/12/23 12:54,2,ETRA,1,DESCARGA
4019542,29/12/23 00:00,29/12/23 13:02,STP,500,BARROS Y LODOS,501,BARROS,4210,14270,10060,5,44,CAJA ABIERTA CON VOLCADOR,,,,,SERVICIO DE EVALUACION DE LA CALIDAD Y CONTROL AMBIENTAL,,,,,,50041,62828,1,SERVICIO DE EVALUACION DE LA CALIDAD Y CONTROL AMBIENTAL,,34,ETRA (Estacion de Transferencia),1,AUTOMATICA,NO,16/01/24 10:50,,29/12/23 13:15,2,ETRA,1,DESCARGA
4019559,29/12/23 00:00,29/12/23 13:22,STP,500,BARROS Y LODOS,503,SEDIMENTOS Y ARRASTRE,920,10170,9250,5,2,CAJA ABIERTA 6 M3,,,,,SERVICIO DE EVALUACION DE LA CALIDAD Y CONTROL AMBIENTAL,,,,,,50041,62828,1,SERVICIO DE EVALUACION DE LA CALIDAD Y CONTROL AMBIENTAL,,34,ETRA (Estacion de Transferencia),1,AUTOMATICA,NO,16/01/24 10:50,,29/12/23 13:29,2,ETRA,1,DESCARGA
4019566,29/12/23 00:00,29/12/23 13:33,SDB,1,TIPO DOMICILIARIO,1,ASIMILABLE A DOMICILIARIO,4670,14080,9410,5,10,COMPACTADOR CONVENCIONAL,,,,,SERVICIO DE EVALUACION DE LA CALIDAD Y CONTROL AMBIENTAL,,,,,,50041,62828,1,SERVICIO DE EVALUACION DE LA CALIDAD Y CONTROL AMBIENTAL,,34,ETRA (Estacion de Transferencia),1,AUTOMATICA,NO,16/01/24 10:50,,29/12/23 13:37,2,ETRA,1,DESCARGA
4019598,29/12/23 00:00,29/12/23 14:06,STP,100,CONSTRUCCION,104,TIERRA SUCIA,1460,8000,6540,5,2,CAJA ABIERTA 6 M3,,,,,SERVICIO DE EVALUACION DE LA CALIDAD Y CONTROL AMBIENTAL,,,,,,49439,62142,1,SERVICIO DE EVALUACION DE LA CALIDAD Y CONTROL AMBIENTAL,,34,ETRA (Estacion de Transferencia),1,AUTOMATICA,NO,16/01/24 10:50,,29/12/23 14:13,2,ETRA,1,DESCARGA
4019599,29/12/23 00:00,29/12/23 14:05,STP,1,TIPO DOMICILIARIO,1,ASIMILABLE A DOMICILIARIO,3050,10440,7390,5,2,CAJA ABIERTA 6 M3,,,,,SERVICIO DE EVALUACION DE LA CALIDAD Y CONTROL AMBIENTAL,,,,,,49439,62142,1,SERVICIO DE EVALUACION DE LA CALIDAD Y CONTROL AMBIENTAL,,34,ETRA (Estacion de Transferencia),1,AUTOMATICA,NO,16/01/24 10:50,,29/12/23 14:16,2,ETRA,1,DESCARGA
4019602,29/12/23 00:00,29/12/23 14:10,STP,1,TIPO DOMICILIARIO,3,LIMPIEZA DE DEPOSITOS,2490,9500,7010,5,2,CAJA ABIERTA 6 M3,,,,,SERVICIO DE EVALUACION DE LA CALIDAD Y CONTROL AMBIENTAL,,,,,,49439,62142,1,SERVICIO DE EVALUACION DE LA CALIDAD Y CONTROL AMBIENTAL,,34,ETRA (Estacion de Transferencia),1,AUTOMATICA,NO,16/01/24 10:50,,29/12/23 14:18,2,ETRA,1,DESCARGA
4019606,29/12/23 00:00,29/12/23 14:09,STP,1,TIPO DOMICILIARIO,3,LIMPIEZA DE DEPOSITOS,770,7350,6580,5,2,CAJA ABIERTA 6 M3,,,,,SERVICIO DE EVALUACION DE LA CALIDAD Y CONTROL AMBIENTAL,,,,,,49439,62142,1,SERVICIO DE EVALUACION DE LA CALIDAD Y CONTROL AMBIENTAL,,34,ETRA (Estacion de Transferencia),1,AUTOMATICA,NO,16/01/24 10:50,,29/12/23 14:19,2,ETRA,1,DESCARGA
4019610,29/12/23 00:00,29/12/23 14:15,STP,1,TIPO DOMICILIARIO,3,LIMPIEZA DE DEPOSITOS,960,8020,7060,5,21,RETROEXCAVADORA,,,,,SERVICIO DE EVALUACION DE LA CALIDAD Y CONTROL AMBIENTAL,,,,,,49439,62142,1,SERVICIO DE EVALUACION DE LA CALIDAD Y CONTROL AMBIENTAL,,34,ETRA (Estacion de Transferencia),1,AUTOMATICA,NO,16/01/24 10:50,,29/12/23 14:21,2,ETRA,1,DESCARGA
4019653,29/12/23 00:00,29/12/23 14:35,STP,1,TIPO DOMICILIARIO,3,LIMPIEZA DE DEPOSITOS,2750,9130,6380,5,2,CAJA ABIERTA 6 M3,,,,,SERVICIO DE EVALUACION DE LA CALIDAD Y CONTROL AMBIENTAL,,,,,,49439,62142,1,SERVICIO DE EVALUACION DE LA CALIDAD Y CONTROL AMBIENTAL,,34,ETRA (Estacion de Transferencia),1,AUTOMATICA,NO,16/01/24 10:50,,29/12/23 14:43,2,ETRA,1,DESCARGA
4019657,29/12/23 00:00,29/12/23 14:29,STP,100,CONSTRUCCION,104,TIERRA SUCIA,4080,14330,10250,5,2,CAJA ABIERTA 6 M3,,,,,SERVICIO DE EVALUACION DE LA CALIDAD Y CONTROL AMBIENTAL,,,,,,49439,62142,1,SERVICIO DE EVALUACION DE LA CALIDAD Y CONTROL AMBIENTAL,,34,ETRA (Estacion de Transferencia),1,AUTOMATICA,NO,16/01/24 10:50,,29/12/23 14:44,2,ETRA,1,DESCARGA
4019709,29/12/23 00:00,29/12/23 15:03,STP,500,BARROS Y LODOS,501,BARROS,2740,12740,10000,5,44,CAJA ABIERTA CON VOLCADOR,,,,,SERVICIO DE EVALUACION DE LA CALIDAD Y CONTROL AMBIENTAL,,,,,,49439,62142,1,SERVICIO DE EVALUACION DE LA CALIDAD Y CONTROL AMBIENTAL,,34,ETRA (Estacion de Transferencia),1,AUTOMATICA,NO,16/01/24 10:50,,29/12/23 15:18,2,ETRA,1,DESCARGA
4019711,29/12/23 00:00,29/12/23 15:04,STP,100,CONSTRUCCION,101,ESCOMBRO SUCIO,2090,11880,9790,5,12,CAJA ABIERTA 10 M3,,,,,SERVICIO DE EVALUACION DE LA CALIDAD Y CONTROL AMBIENTAL,,,,,,49439,62142,1,SERVICIO DE EVALUACION DE LA CALIDAD Y CONTROL AMBIENTAL,,34,ETRA (Estacion de Transferencia),1,AUTOMATICA,NO,16/01/24 10:50,,29/12/23 15:20,2,ETRA,1,DESCARGA
4019771,29/12/23 00:00,29/12/23 16:05,SDC,1,TIPO DOMICILIARIO,3,LIMPIEZA DE DEPOSITOS,1060,4660,3600,5,3,CAJA CERRADA,,,,,SERVICIO DE EVALUACION DE LA CALIDAD Y CONTROL AMBIENTAL,,,,,,50041,62828,1,SERVICIO DE EVALUACION DE LA CALIDAD Y CONTROL AMBIENTAL,,34,ETRA (Estacion de Transferencia),1,AUTOMATICA,NO,16/01/24 10:50,,29/12/23 16:18,2,ETRA,1,DESCARGA
4019780,29/12/23 00:00,29/12/23 16:13,SIM,1,TIPO DOMICILIARIO,99,OTROS,5590,22510,16920,5,1,COMPACTADOR LEVANTE LAT.,,,,,SIN PERMISO,,,,,,,,,,,34,ETRA (Estacion de Transferencia),1,AUTOMATICA,NO,16/01/24 10:50,28/12/23 00:00,29/12/23 16:24,2,ETRA,1,DESCARGA
4019803,29/12/23 00:00,29/12/23 16:30,STP,500,BARROS Y LODOS,503,SEDIMENTOS Y ARRASTRE,1840,11090,9250,5,2,CAJA ABIERTA 6 M3,,,,,SERVICIO DE EVALUACION DE LA CALIDAD Y CONTROL AMBIENTAL,,,,,,49439,62142,1,SERVICIO DE EVALUACION DE LA CALIDAD Y CONTROL AMBIENTAL,,34,ETRA (Estacion de Transferencia),1,AUTOMATICA,NO,16/01/24 10:50,,29/12/23 16:40,2,ETRA,1,DESCARGA
4019827,29/12/23 00:00,29/12/23 16:56,SIM,1,TIPO DOMICILIARIO,1,ASIMILABLE A DOMICILIARIO,10670,27680,17010,5,1,COMPACTADOR LEVANTE LAT.,,,,,SIN PERMISO,,,,,,,,,,,34,ETRA (Estacion de Transferencia),1,AUTOMATICA,NO,16/01/24 10:50,29/12/23 00:00,29/12/23 17:05,2,ETRA,1,DESCARGA
4019834,29/12/23 00:00,29/12/23 17:04,SIM,1,TIPO DOMICILIARIO,1,ASIMILABLE A DOMICILIARIO,6750,23820,17070,5,1,COMPACTADOR LEVANTE LAT.,,,,,SIN PERMISO,,,,,,,,,,,34,ETRA (Estacion de Transferencia),1,AUTOMATICA,NO,16/01/24 10:50,29/12/23 00:00,29/12/23 17:13,2,ETRA,1,DESCARGA
4019838,29/12/23 00:00,29/12/23 17:01,STP,500,BARROS Y LODOS,501,BARROS,1910,11880,9970,5,44,CAJA ABIERTA CON VOLCADOR,,,,,SERVICIO DE EVALUACION DE LA CALIDAD Y CONTROL AMBIENTAL,,,,,,49439,62142,1,SERVICIO DE EVALUACION DE LA CALIDAD Y CONTROL AMBIENTAL,,34,ETRA (Estacion de Transferencia),1,AUTOMATICA,NO,16/01/24 10:50,,29/12/23 17:14,2,ETRA,1,DESCARGA
4019845,29/12/23 00:00,29/12/23 17:05,SIM,1,TIPO DOMICILIARIO,1,ASIMILABLE A DOMICILIARIO,11330,28490,17160,5,1,COMPACTADOR LEVANTE LAT.,,,,,SIN PERMISO,,,,,,,,,,,34,ETRA (Estacion de Transferencia),1,AUTOMATICA,NO,16/01/24 10:50,29/12/23 00:00,29/12/23 17:20,2,ETRA,1,DESCARGA
4019848,29/12/23 00:00,29/12/23 17:07,STP,100,CONSTRUCCION,104,TIERRA SUCIA,940,11190,10250,5,2,CAJA ABIERTA 6 M3,,,,,SERVICIO DE EVALUACION DE LA CALIDAD Y CONTROL AMBIENTAL,,,,,,49439,62142,1,SERVICIO DE EVALUACION DE LA CALIDAD Y CONTROL AMBIENTAL,,34,ETRA (Estacion de Transferencia),1,AUTOMATICA,NO,16/01/24 10:50,,29/12/23 17:21,2,ETRA,1,DESCARGA
4019855,29/12/23 00:00,29/12/23 17:20,STP,100,CONSTRUCCION,101,ESCOMBRO SUCIO,860,10610,9750,5,12,CAJA ABIERTA 10 M3,,,,,SERVICIO DE EVALUACION DE LA CALIDAD Y CONTROL AMBIENTAL,,,,,,49439,62142,1,SERVICIO DE EVALUACION DE LA CALIDAD Y CONTROL AMBIENTAL,,34,ETRA (Estacion de Transferencia),1,AUTOMATICA,NO,16/01/24 10:50,,29/12/23 17:30,2,ETRA,1,DESCARGA
4019860,29/12/23 00:00,29/12/23 17:33,SIM,1,TIPO DOMICILIARIO,1,ASIMILABLE A DOMICILIARIO,7990,25330,17340,5,1,COMPACTADOR LEVANTE LAT.,,,,,SIN PERMISO,,,,,,,,,,,34,ETRA (Estacion de Transferencia),1,AUTOMATICA,NO,16/01/24 10:50,28/12/23 00:00,29/12/23 17:38,2,ETRA,1,DESCARGA
4019871,29/12/23 00:00,29/12/23 17:31,SIM,1,TIPO DOMICILIARIO,99,OTROS,11430,28470,17040,5,1,COMPACTADOR LEVANTE LAT.,,,,,SIN PERMISO,,,,,,,,,,,34,ETRA (Estacion de Transferencia),1,AUTOMATICA,NO,16/01/24 10:50,29/12/23 00:00,29/12/23 17:48,2,ETRA,1,DESCARGA
4019904,29/12/23 00:00,29/12/23 18:26,SCI,1,TIPO DOMICILIARIO,3,LIMPIEZA DE DEPOSITOS,680,4560,3880,5,3,CAJA CERRADA,,,,,SERVICIO DE EVALUACION DE LA CALIDAD Y CONTROL AMBIENTAL,,,,,,49439,62142,1,SERVICIO DE EVALUACION DE LA CALIDAD Y CONTROL AMBIENTAL,,34,ETRA (Estacion de Transferencia),1,AUTOMATICA,NO,16/01/24 10:50,,29/12/23 18:33,2,ETRA,1,DESCARGA
4019907,29/12/23 00:00,29/12/23 18:22,SIM,1,TIPO DOMICILIARIO,1,ASIMILABLE A DOMICILIARIO,5200,15430,10230,5,11,COMPACTADOR LEVANTE TRAS.,,,,,SIN PERMISO,,,,,,,,,,,34,ETRA (Estacion de Transferencia),1,AUTOMATICA,NO,16/01/24 10:50,,29/12/23 18:35,2,ETRA,1,DESCARGA
4019910,29/12/23 00:00,29/12/23 18:31,SIM,1,TIPO DOMICILIARIO,99,OTROS,12940,29900,16960,5,1,COMPACTADOR LEVANTE LAT.,,,,,SIN PERMISO,,,,,,,,,,,34,ETRA (Estacion de Transferencia),1,AUTOMATICA,NO,16/01/24 10:50,28/12/23 00:00,29/12/23 18:40,2,ETRA,1,DESCARGA
4019912,29/12/23 00:00,29/12/23 14:07,SIM,1,TIPO DOMICILIARIO,1,ASIMILABLE A DOMICILIARIO,2180,12550,10370,5,16,GRÚA,,,,,SIN PERMISO,,,,,,,,,,,34,ETRA (Estacion de Transferencia),1,AUTOMATICA,NO,16/01/24 10:50,29/12/23 00:00,29/12/23 18:43,2,ETRA,1,DESCARGA
4019913,29/12/23 00:00,29/12/23 18:41,SIM,1,TIPO DOMICILIARIO,1,ASIMILABLE A DOMICILIARIO,4230,14720,10490,5,3,CAJA CERRADA,,,,,SERVICIO DE EVALUACION DE LA CALIDAD Y CONTROL AMBIENTAL,,,,,,49439,62142,1,SERVICIO DE EVALUACION DE LA CALIDAD Y CONTROL AMBIENTAL,,34,ETRA (Estacion de Transferencia),1,AUTOMATICA,NO,16/01/24 10:50,,29/12/23 18:48,2,ETRA,1,DESCARGA
4019918,29/12/23 00:00,29/12/23 18:46,SIM,1,TIPO DOMICILIARIO,1,ASIMILABLE A DOMICILIARIO,2630,13110,10480,5,10,COMPACTADOR CONVENCIONAL,,,,,SIN PERMISO,,,,,,,,,,,34,ETRA (Estacion de Transferencia),1,AUTOMATICA,NO,16/01/24 10:50,29/12/23 00:00,29/12/23 18:53,2,ETRA,1,DESCARGA
4019921,29/12/23 00:00,29/12/23 18:56,SIM,1,TIPO DOMICILIARIO,1,ASIMILABLE A DOMICILIARIO,8640,26000,17360,5,1,COMPACTADOR LEVANTE LAT.,,,,,SIN PERMISO,,,,,,,,,,,34,ETRA (Estacion de Transferencia),1,AUTOMATICA,NO,16/01/24 10:50,28/12/23 00:00,29/12/23 19:01,2,ETRA,1,DESCARGA
4019931,29/12/23 00:00,29/12/23 19:07,SIM,1,TIPO DOMICILIARIO,1,ASIMILABLE A DOMICILIARIO,12830,30310,17480,5,1,COMPACTADOR LEVANTE LAT.,,,,,SIN PERMISO,,,,,,,,,,,34,ETRA (Estacion de Transferencia),1,AUTOMATICA,NO,16/01/24 10:50,29/12/23 00:00,29/12/23 19:13,2,ETRA,1,DESCARGA
4019938,29/12/23 00:00,29/12/23 19:15,SIM,1,TIPO DOMICILIARIO,99,OTROS,2980,20020,17040,5,1,COMPACTADOR LEVANTE LAT.,,,,,SIN PERMISO,,,,,,,,,,,34,ETRA (Estacion de Transferencia),1,AUTOMATICA,NO,16/01/24 10:50,29/12/23 00:00,29/12/23 19:20,2,ETRA,1,DESCARGA
4019957,29/12/23 00:00,29/12/23 19:51,SDA,1,TIPO DOMICILIARIO,3,LIMPIEZA DE DEPOSITOS,1650,5150,3500,5,3,CAJA CERRADA,,,,,SERVICIO DE EVALUACION DE LA CALIDAD Y CONTROL AMBIENTAL,,,,,,50011,62873,1,SERVICIO DE EVALUACION DE LA CALIDAD Y CONTROL AMBIENTAL,,34,ETRA (Estacion de Transferencia),1,AUTOMATICA,NO,16/01/24 10:50,,29/12/23 19:57,2,ETRA,1,DESCARGA
4019959,29/12/23 00:00,29/12/23 20:08,SCI,1,TIPO DOMICILIARIO,3,LIMPIEZA DE DEPOSITOS,520,4390,3870,5,3,CAJA CERRADA,,,,,SERVICIO DE EVALUACION DE LA CALIDAD Y CONTROL AMBIENTAL,,,,,,49439,62142,1,SERVICIO DE EVALUACION DE LA CALIDAD Y CONTROL AMBIENTAL,,34,ETRA (Estacion de Transferencia),1,AUTOMATICA,NO,16/01/24 10:50,,29/12/23 20:21,2,ETRA,1,DESCARGA
4019961,29/12/23 00:00,29/12/23 20:09,SCO,1,TIPO DOMICILIARIO,3,LIMPIEZA DE DEPOSITOS,900,5100,4200,5,3,CAJA CERRADA,,,,,SERVICIO DE EVALUACION DE LA CALIDAD Y CONTROL AMBIENTAL,,,,,,49439,62142,1,SERVICIO DE EVALUACION DE LA CALIDAD Y CONTROL AMBIENTAL,,34,ETRA (Estacion de Transferencia),1,AUTOMATICA,NO,16/01/24 10:50,,29/12/23 20:22,2,ETRA,1,DESCARGA
4020059,30/12/23 00:00,30/12/23 07:40,SDB,1,TIPO DOMICILIARIO,2,BARRIDO,2390,12040,9650,5,11,COMPACTADOR LEVANTE TRAS.,,,,,SERVICIO DE EVALUACION DE LA CALIDAD Y CONTROL AMBIENTAL,,,,,,50041,62828,1,SERVICIO DE EVALUACION DE LA CALIDAD Y CONTROL AMBIENTAL,,34,ETRA (Estacion de Transferencia),1,AUTOMATICA,NO,16/01/24 10:51,,30/12/23 07:48,2,ETRA,1,DESCARGA
4020061,30/12/23 00:00,30/12/23 07:44,SDB,1,TIPO DOMICILIARIO,2,BARRIDO,2520,11860,9340,5,2,CAJA ABIERTA 6 M3,,,,,SERVICIO DE EVALUACION DE LA CALIDAD Y CONTROL AMBIENTAL,,,,,,50041,62828,1,SERVICIO DE EVALUACION DE LA CALIDAD Y CONTROL AMBIENTAL,,34,ETRA (Estacion de Transferencia),1,AUTOMATICA,NO,16/01/24 10:51,,30/12/23 07:49,2,ETRA,1,DESCARGA
4020062,30/12/23 00:00,30/12/23 07:38,SIM,1,TIPO DOMICILIARIO,1,ASIMILABLE A DOMICILIARIO,11040,28470,17430,5,1,COMPACTADOR LEVANTE LAT.,,,,,SIN PERMISO,,,,,,,,,,,34,ETRA (Estacion de Transferencia),1,AUTOMATICA,NO,16/01/24 10:51,30/12/23 00:00,30/12/23 07:50,2,ETRA,1,DESCARGA
4020084,30/12/23 00:00,30/12/23 08:09,SIM,1,TIPO DOMICILIARIO,1,ASIMILABLE A DOMICILIARIO,10340,26800,16460,5,1,COMPACTADOR LEVANTE LAT.,,,,,SIN PERMISO,,,,,,,,,,,34,ETRA (Estacion de Transferencia),1,AUTOMATICA,NO,16/01/24 10:51,30/12/23 00:00,30/12/23 08:14,2,ETRA,1,DESCARGA
4020086,30/12/23 00:00,30/12/23 08:07,SIM,1,TIPO DOMICILIARIO,1,ASIMILABLE A DOMICILIARIO,8900,27730,18830,5,50,COMPACTADOR LAT.CAJA DESM,,,,,SIN PERMISO,,,,,,,,,,,34,ETRA (Estacion de Transferencia),1,AUTOMATICA,NO,16/01/24 10:51,30/12/23 00:00,30/12/23 08:17,2,ETRA,1,DESCARGA
4020093,30/12/23 00:00,30/12/23 08:18,SCX,1,TIPO DOMICILIARIO,3,LIMPIEZA DE DEPOSITOS,740,4030,3290,5,3,CAJA CERRADA,,,,,SERVICIO DE EVALUACION DE LA CALIDAD Y CONTROL AMBIENTAL,,,,,,50011,62873,1,SERVICIO DE EVALUACION DE LA CALIDAD Y CONTROL AMBIENTAL,,34,ETRA (Estacion de Transferencia),1,AUTOMATICA,NO,16/01/24 10:51,,30/12/23 08:24,2,ETRA,1,DESCARGA
4020099,30/12/23 00:00,30/12/23 08:23,SIM,1,TIPO DOMICILIARIO,1,ASIMILABLE A DOMICILIARIO,9790,27150,17360,5,1,COMPACTADOR LEVANTE LAT.,,,,,SIN PERMISO,,,,,,,,,,,34,ETRA (Estacion de Transferencia),1,AUTOMATICA,NO,16/01/24 10:51,30/12/23 00:00,30/12/23 08:30,2,ETRA,1,DESCARGA
4020104,30/12/23 00:00,30/12/23 08:27,SIM,1,TIPO DOMICILIARIO,1,ASIMILABLE A DOMICILIARIO,10680,28100,17420,5,1,COMPACTADOR LEVANTE LAT.,,,,,SIN PERMISO,,,,,,,,,,,34,ETRA (Estacion de Transferencia),1,AUTOMATICA,NO,16/01/24 10:51,30/12/23 00:00,30/12/23 08:33,2,ETRA,1,DESCARGA
4020116,30/12/23 00:00,30/12/23 08:40,SIM,1,TIPO DOMICILIARIO,1,ASIMILABLE A DOMICILIARIO,9260,26370,17110,5,1,COMPACTADOR LEVANTE LAT.,,,,,SIN PERMISO,,,,,,,,,,,34,ETRA (Estacion de Transferencia),1,AUTOMATICA,NO,16/01/24 10:51,30/12/23 00:00,30/12/23 08:47,2,ETRA,1,DESCARGA
4020124,30/12/23 00:00,30/12/23 08:45,SIM,1,TIPO DOMICILIARIO,1,ASIMILABLE A DOMICILIARIO,8030,25170,17140,5,1,COMPACTADOR LEVANTE LAT.,,,,,SIN PERMISO,,,,,,,,,,,34,ETRA (Estacion de Transferencia),1,AUTOMATICA,NO,16/01/24 10:51,29/12/23 00:00,30/12/23 08:52,2,ETRA,1,DESCARGA
4020151,30/12/23 00:00,30/12/23 09:10,SIM,1,TIPO DOMICILIARIO,1,ASIMILABLE A DOMICILIARIO,6330,23180,16850,5,1,COMPACTADOR LEVANTE LAT.,,,,,SIN PERMISO,,,,,,,,,,,34,ETRA (Estacion de Transferencia),1,AUTOMATICA,NO,16/01/24 10:51,30/12/23 00:00,30/12/23 09:18,2,ETRA,1,DESCARGA
4020156,30/12/23 00:00,30/12/23 09:07,SIM,1,TIPO DOMICILIARIO,1,ASIMILABLE A DOMICILIARIO,7700,26460,18760,5,50,COMPACTADOR LAT.CAJA DESM,,,,,SIN PERMISO,,,,,,,,,,,34,ETRA (Estacion de Transferencia),1,AUTOMATICA,NO,16/01/24 10:51,30/12/23 00:00,30/12/23 09:21,2,ETRA,1,DESCARGA
4020195,30/12/23 00:00,30/12/23 09:46,SIM,1,TIPO DOMICILIARIO,1,ASIMILABLE A DOMICILIARIO,10470,27020,16550,5,1,COMPACTADOR LEVANTE LAT.,,,,,SIN PERMISO,,,,,,,,,,,34,ETRA (Estacion de Transferencia),1,AUTOMATICA,NO,16/01/24 10:51,30/12/23 00:00,30/12/23 09:52,2,ETRA,1,DESCARGA
4020198,30/12/23 00:00,30/12/23 09:45,SIM,1,TIPO DOMICILIARIO,1,ASIMILABLE A DOMICILIARIO,9300,28120,18820,5,50,COMPACTADOR LAT.CAJA DESM,,,,,SIN PERMISO,,,,,,,,,,,34,ETRA (Estacion de Transferencia),1,AUTOMATICA,NO,16/01/24 10:51,30/12/23 00:00,30/12/23 09:56,2,ETRA,1,DESCARGA
4020200,30/12/23 00:00,30/12/23 09:47,SIM,1,TIPO DOMICILIARIO,1,ASIMILABLE A DOMICILIARIO,7230,24650,17420,5,1,COMPACTADOR LEVANTE LAT.,,,,,SIN PERMISO,,,,,,,,,,,34,ETRA (Estacion de Transferencia),1,AUTOMATICA,NO,16/01/24 10:51,30/12/23 00:00,30/12/23 09:57,2,ETRA,1,DESCARGA
4020208,30/12/23 00:00,30/12/23 09:55,SIM,1,TIPO DOMICILIARIO,1,ASIMILABLE A DOMICILIARIO,10070,27270,17200,5,1,COMPACTADOR LEVANTE LAT.,,,,,SIN PERMISO,,,,,,,,,,,34,ETRA (Estacion de Transferencia),1,AUTOMATICA,NO,16/01/24 10:51,30/12/23 00:00,30/12/23 10:01,2,ETRA,1,DESCARGA
4020213,30/12/23 00:00,30/12/23 09:58,SDA,1,TIPO DOMICILIARIO,3,LIMPIEZA DE DEPOSITOS,1070,4670,3600,5,3,CAJA CERRADA,,,,,SERVICIO DE EVALUACION DE LA CALIDAD Y CONTROL AMBIENTAL,,,,,,50011,62873,1,SERVICIO DE EVALUACION DE LA CALIDAD Y CONTROL AMBIENTAL,,34,ETRA (Estacion de Transferencia),1,AUTOMATICA,NO,16/01/24 10:51,,30/12/23 10:04,2,ETRA,1,DESCARGA
4020221,30/12/23 00:00,30/12/23 10:03,SDA,1,TIPO DOMICILIARIO,3,LIMPIEZA DE DEPOSITOS,720,4280,3560,5,3,CAJA CERRADA,,,,,SERVICIO DE EVALUACION DE LA CALIDAD Y CONTROL AMBIENTAL,,,,,,50011,62873,1,SERVICIO DE EVALUACION DE LA CALIDAD Y CONTROL AMBIENTAL,,34,ETRA (Estacion de Transferencia),1,AUTOMATICA,NO,16/01/24 10:51,,30/12/23 10:10,2,ETRA,1,DESCARGA
4020225,30/12/23 00:00,30/12/23 10:05,STP,500,BARROS Y LODOS,503,SEDIMENTOS Y ARRASTRE,4290,13550,9260,5,2,CAJA ABIERTA 6 M3,,,,,SERVICIO DE EVALUACION DE LA CALIDAD Y CONTROL AMBIENTAL,,,,,,50041,62828,1,SERVICIO DE EVALUACION DE LA CALIDAD Y CONTROL AMBIENTAL,,34,ETRA (Estacion de Transferencia),1,AUTOMATICA,NO,16/01/24 10:51,,30/12/23 10:12,2,ETRA,1,DESCARGA
4020233,30/12/23 00:00,30/12/23 10:07,SIM,1,TIPO DOMICILIARIO,1,ASIMILABLE A DOMICILIARIO,10780,27230,16450,5,1,COMPACTADOR LEVANTE LAT.,,,,,SIN PERMISO,,,,,,,,,,,34,ETRA (Estacion de Transferencia),1,AUTOMATICA,NO,16/01/24 10:51,30/12/23 00:00,30/12/23 10:18,2,ETRA,1,DESCARGA
4020244,30/12/23 00:00,30/12/23 10:18,SIM,1,TIPO DOMICILIARIO,1,ASIMILABLE A DOMICILIARIO,8420,25440,17020,5,1,COMPACTADOR LEVANTE LAT.,,,,,SIN PERMISO,,,,,,,,,,,34,ETRA (Estacion de Transferencia),1,AUTOMATICA,NO,16/01/24 10:51,30/12/23 00:00,30/12/23 10:25,2,ETRA,1,DESCARGA
4020254,30/12/23 00:00,30/12/23 10:23,STP,100,CONSTRUCCION,104,TIERRA SUCIA,2610,9270,6660,5,2,CAJA ABIERTA 6 M3,,,,,SERVICIO DE EVALUACION DE LA CALIDAD Y CONTROL AMBIENTAL,,,,,,50041,62828,1,SERVICIO DE EVALUACION DE LA CALIDAD Y CONTROL AMBIENTAL,,34,ETRA (Estacion de Transferencia),1,AUTOMATICA,NO,16/01/24 10:51,,30/12/23 10:31,2,ETRA,1,DESCARGA
4020260,30/12/23 00:00,30/12/23 10:27,SCI,1,TIPO DOMICILIARIO,3,LIMPIEZA DE DEPOSITOS,970,4830,3860,5,3,CAJA CERRADA,,,,,SERVICIO DE EVALUACION DE LA CALIDAD Y CONTROL AMBIENTAL,,,,,,50041,62828,1,SERVICIO DE EVALUACION DE LA CALIDAD Y CONTROL AMBIENTAL,,34,ETRA (Estacion de Transferencia),1,AUTOMATICA,NO,16/01/24 10:51,,30/12/23 10:34,2,ETRA,1,DESCARGA
4020266,30/12/23 00:00,30/12/23 10:33,SIM,1,TIPO DOMICILIARIO,1,ASIMILABLE A DOMICILIARIO,8730,25550,16820,5,1,COMPACTADOR LEVANTE LAT.,,,,,SIN PERMISO,,,,,,,,,,,34,ETRA (Estacion de Transferencia),1,AUTOMATICA,NO,16/01/24 10:51,,30/12/23 10:39,2,ETRA,1,DESCARGA
4020270,30/12/23 00:00,30/12/23 10:36,SIM,2,TIPO NO DOMICILIARIO,22,NO DOMICILIARIO - FRACCIÓN HÚMEDA,2500,12710,10210,5,11,COMPACTADOR LEVANTE TRAS.,,,,,SIN PERMISO,,,,,,,,,,,34,ETRA (Estacion de Transferencia),1,AUTOMATICA,NO,16/01/24 10:51,29/12/23 00:00,30/12/23 10:44,2,ETRA,1,DESCARGA
4020282,30/12/23 00:00,30/12/23 10:43,SIM,1,TIPO DOMICILIARIO,1,ASIMILABLE A DOMICILIARIO,11070,28470,17400,5,1,COMPACTADOR LEVANTE LAT.,,,,,SIN PERMISO,,,,,,,,,,,34,ETRA (Estacion de Transferencia),1,AUTOMATICA,NO,16/01/24 10:51,30/12/23 00:00,30/12/23 10:52,2,ETRA,1,DESCARGA
4020289,30/12/23 00:00,30/12/23 10:46,STP,100,CONSTRUCCION,101,ESCOMBRO SUCIO,1420,11180,9760,5,12,CAJA ABIERTA 10 M3,,,,,SERVICIO DE EVALUACION DE LA CALIDAD Y CONTROL AMBIENTAL,,,,,,50041,62828,1,SERVICIO DE EVALUACION DE LA CALIDAD Y CONTROL AMBIENTAL,,34,ETRA (Estacion de Transferencia),1,AUTOMATICA,NO,16/01/24 10:51,,30/12/23 10:56,2,ETRA,1,DESCARGA
4020291,30/12/23 00:00,30/12/23 10:51,SIM,1,TIPO DOMICILIARIO,1,ASIMILABLE A DOMICILIARIO,3220,13580,10360,5,10,COMPACTADOR CONVENCIONAL,,,,,SIN PERMISO,,,,,,,,,,,34,ETRA (Estacion de Transferencia),1,AUTOMATICA,NO,16/01/24 10:51,30/12/23 00:00,30/12/23 10:58,2,ETRA,1,DESCARGA
4020298,30/12/23 00:00,30/12/23 11:00,SIM,1,TIPO DOMICILIARIO,1,ASIMILABLE A DOMICILIARIO,6450,22980,16530,5,1,COMPACTADOR LEVANTE LAT.,,,,,SIN PERMISO,,,,,,,,,,,34,ETRA (Estacion de Transferencia),1,AUTOMATICA,NO,16/01/24 10:51,30/12/23 00:00,30/12/23 11:04,2,ETRA,1,DESCARGA
4020317,30/12/23 00:00,30/12/23 11:07,STP,100,CONSTRUCCION,104,TIERRA SUCIA,1470,11730,10260,5,2,CAJA ABIERTA 6 M3,,,,,SERVICIO DE EVALUACION DE LA CALIDAD Y CONTROL AMBIENTAL,,,,,,50041,62828,1,SERVICIO DE EVALUACION DE LA CALIDAD Y CONTROL AMBIENTAL,,34,ETRA (Estacion de Transferencia),1,AUTOMATICA,NO,16/01/24 10:51,,30/12/23 11:21,2,ETRA,1,DESCARGA
4020320,30/12/23 00:00,30/12/23 11:13,SIM,1,TIPO DOMICILIARIO,1,ASIMILABLE A DOMICILIARIO,6870,23730,16860,5,1,COMPACTADOR LEVANTE LAT.,,,,,SIN PERMISO,,,,,,,,,,,34,ETRA (Estacion de Transferencia),1,AUTOMATICA,NO,16/01/24 10:51,30/12/23 00:00,30/12/23 11:22,2,ETRA,1,DESCARGA
4020325,30/12/23 00:00,30/12/23 11:18,STP,1,TIPO DOMICILIARIO,2,BARRIDO,1170,8520,7350,5,2,CAJA ABIERTA 6 M3,,,,,SERVICIO DE EVALUACION DE LA CALIDAD Y CONTROL AMBIENTAL,,,,,,50041,62828,1,SERVICIO DE EVALUACION DE LA CALIDAD Y CONTROL AMBIENTAL,,34,ETRA (Estacion de Transferencia),1,AUTOMATICA,NO,16/01/24 10:51,,30/12/23 11:25,2,ETRA,1,DESCARGA
4020333,30/12/23 00:00,30/12/23 11:20,SIM,1,TIPO DOMICILIARIO,1,ASIMILABLE A DOMICILIARIO,8040,27270,19230,5,50,COMPACTADOR LAT.CAJA DESM,,,,,SIN PERMISO,,,,,,,,,,,34,ETRA (Estacion de Transferencia),1,AUTOMATICA,NO,16/01/24 10:51,30/12/23 00:00,30/12/23 11:30,2,ETRA,1,DESCARGA
4020335,30/12/23 00:00,30/12/23 11:23,STP,1,TIPO DOMICILIARIO,1,ASIMILABLE A DOMICILIARIO,2480,9900,7420,5,2,CAJA ABIERTA 6 M3,,,,,SERVICIO DE EVALUACION DE LA CALIDAD Y CONTROL AMBIENTAL,,,,,,50041,62828,1,SERVICIO DE EVALUACION DE LA CALIDAD Y CONTROL AMBIENTAL,,34,ETRA (Estacion de Transferencia),1,AUTOMATICA,NO,16/01/24 10:51,,30/12/23 11:31,2,ETRA,1,DESCARGA
4020337,30/12/23 00:00,30/12/23 11:24,SIM,1,TIPO DOMICILIARIO,1,ASIMILABLE A DOMICILIARIO,3000,13480,10480,5,10,COMPACTADOR CONVENCIONAL,,,,,SIN PERMISO,,,,,,,,,,,34,ETRA (Estacion de Transferencia),1,AUTOMATICA,NO,16/01/24 10:51,30/12/23 00:00,30/12/23 11:34,2,ETRA,1,DESCARGA
4020341,30/12/23 00:00,30/12/23 11:26,SIM,1,TIPO DOMICILIARIO,1,ASIMILABLE A DOMICILIARIO,1800,12130,10330,5,11,COMPACTADOR LEVANTE TRAS.,,,,,SIN PERMISO,,,,,,,,,,,34,ETRA (Estacion de Transferencia),1,AUTOMATICA,NO,16/01/24 10:51,,30/12/23 11:38,2,ETRA,1,DESCARGA
4020345,30/12/23 00:00,30/12/23 11:33,SIM,1,TIPO DOMICILIARIO,1,ASIMILABLE A DOMICILIARIO,12830,30020,17190,5,1,COMPACTADOR LEVANTE LAT.,,,,,SIN PERMISO,,,,,,,,,,,34,ETRA (Estacion de Transferencia),1,AUTOMATICA,NO,16/01/24 10:51,29/12/23 00:00,30/12/23 11:43,2,ETRA,1,DESCARGA
4020357,30/12/23 00:00,30/12/23 11:44,STP,1,TIPO DOMICILIARIO,3,LIMPIEZA DE DEPOSITOS,3360,10460,7100,5,2,CAJA ABIERTA 6 M3,,,,,SERVICIO DE EVALUACION DE LA CALIDAD Y CONTROL AMBIENTAL,,,,,,49439,62142,1,SERVICIO DE EVALUACION DE LA CALIDAD Y CONTROL AMBIENTAL,,34,ETRA (Estacion de Transferencia),1,AUTOMATICA,NO,16/01/24 10:51,,30/12/23 11:53,2,ETRA,1,DESCARGA
4020359,30/12/23 00:00,30/12/23 11:46,SIM,1,TIPO DOMICILIARIO,1,ASIMILABLE A DOMICILIARIO,10980,28270,17290,5,1,COMPACTADOR LEVANTE LAT.,,,,,SIN PERMISO,,,,,,,,,,,34,ETRA (Estacion de Transferencia),1,AUTOMATICA,NO,16/01/24 10:51,30/12/23 00:00,30/12/23 11:54,2,ETRA,1,DESCARGA
4020365,30/12/23 00:00,30/12/23 11:47,SIM,1,TIPO DOMICILIARIO,1,ASIMILABLE A DOMICILIARIO,5500,22910,17410,5,1,COMPACTADOR LEVANTE LAT.,,,,,SIN PERMISO,,,,,,,,,,,34,ETRA (Estacion de Transferencia),1,AUTOMATICA,NO,16/01/24 10:51,30/12/23 00:00,30/12/23 11:57,2,ETRA,1,DESCARGA
4020375,30/12/23 00:00,30/12/23 11:53,SIM,1,TIPO DOMICILIARIO,1,ASIMILABLE A DOMICILIARIO,3090,13320,10230,5,42,COMPACTADOR TRASERO,,,,,SIN PERMISO,,,,,,,,,,,34,ETRA (Estacion de Transferencia),1,AUTOMATICA,NO,16/01/24 10:51,,30/12/23 12:04,2,ETRA,1,DESCARGA
4020384,30/12/23 00:00,30/12/23 12:02,STP,1,TIPO DOMICILIARIO,3,LIMPIEZA DE DEPOSITOS,1020,8080,7060,5,21,RETROEXCAVADORA,,,,,SERVICIO DE EVALUACION DE LA CALIDAD Y CONTROL AMBIENTAL,,,,,,50041,62828,1,SERVICIO DE EVALUACION DE LA CALIDAD Y CONTROL AMBIENTAL,,34,ETRA (Estacion de Transferencia),1,AUTOMATICA,NO,16/01/24 10:51,,30/12/23 12:09,2,ETRA,1,DESCARGA
4020392,30/12/23 00:00,30/12/23 12:03,SCX,1,TIPO DOMICILIARIO,3,LIMPIEZA DE DEPOSITOS,1120,4400,3280,5,3,CAJA CERRADA,,,,,SERVICIO DE EVALUACION DE LA CALIDAD Y CONTROL AMBIENTAL,,,,,,50011,62873,1,SERVICIO DE EVALUACION DE LA CALIDAD Y CONTROL AMBIENTAL,,34,ETRA (Estacion de Transferencia),1,AUTOMATICA,NO,16/01/24 10:51,,30/12/23 12:13,2,ETRA,1,DESCARGA
4020404,30/12/23 00:00,30/12/23 12:12,STP,1,TIPO DOMICILIARIO,3,LIMPIEZA DE DEPOSITOS,2580,9160,6580,5,2,CAJA ABIERTA 6 M3,,,,,SERVICIO DE EVALUACION DE LA CALIDAD Y CONTROL AMBIENTAL,,,,,,50041,62828,1,SERVICIO DE EVALUACION DE LA CALIDAD Y CONTROL AMBIENTAL,,34,ETRA (Estacion de Transferencia),1,AUTOMATICA,NO,16/01/24 10:51,,30/12/23 12:20,2,ETRA,1,DESCARGA
4020408,30/12/23 00:00,30/12/23 12:18,SDA,1,TIPO DOMICILIARIO,3,LIMPIEZA DE DEPOSITOS,600,4190,3590,5,3,CAJA CERRADA,,,,,SERVICIO DE EVALUACION DE LA CALIDAD Y CONTROL AMBIENTAL,,,,,,50011,62873,1,SERVICIO DE EVALUACION DE LA CALIDAD Y CONTROL AMBIENTAL,,34,ETRA (Estacion de Transferencia),1,AUTOMATICA,NO,16/01/24 10:51,,30/12/23 12:24,2,ETRA,1,DESCARGA
4020409,30/12/23 00:00,30/12/23 12:16,STP,1,TIPO DOMICILIARIO,3,LIMPIEZA DE DEPOSITOS,2280,8690,6410,5,2,CAJA ABIERTA 6 M3,,,,,SERVICIO DE EVALUACION DE LA CALIDAD Y CONTROL AMBIENTAL,,,,,,49439,62142,1,SERVICIO DE EVALUACION DE LA CALIDAD Y CONTROL AMBIENTAL,,34,ETRA (Estacion de Transferencia),1,AUTOMATICA,NO,16/01/24 10:51,,30/12/23 12:26,2,ETRA,1,DESCARGA
4020416,30/12/23 00:00,30/12/23 12:25,SDB,1,TIPO DOMICILIARIO,1,ASIMILABLE A DOMICILIARIO,3500,12800,9300,5,11,COMPACTADOR LEVANTE TRAS.,,,,,SERVICIO DE EVALUACION DE LA CALIDAD Y CONTROL AMBIENTAL,,,,,,50041,62828,1,SERVICIO DE EVALUACION DE LA CALIDAD Y CONTROL AMBIENTAL,,34,ETRA (Estacion de Transferencia),1,AUTOMATICA,NO,16/01/24 10:51,,30/12/23 12:31,2,ETRA,1,DESCARGA
4020417,30/12/23 00:00,30/12/23 12:19,SDB,1,TIPO DOMICILIARIO,1,ASIMILABLE A DOMICILIARIO,3370,12490,9120,5,11,COMPACTADOR LEVANTE TRAS.,,,,,SERVICIO DE EVALUACION DE LA CALIDAD Y CONTROL AMBIENTAL,,,,,,50041,62828,1,SERVICIO DE EVALUACION DE LA CALIDAD Y CONTROL AMBIENTAL,,34,ETRA (Estacion de Transferencia),1,AUTOMATICA,NO,16/01/24 10:51,,30/12/23 12:33,2,ETRA,1,DESCARGA
4020420,30/12/23 00:00,30/12/23 12:32,SDB,1,TIPO DOMICILIARIO,1,ASIMILABLE A DOMICILIARIO,3950,13310,9360,5,42,COMPACTADOR TRASERO,,,,,SERVICIO DE EVALUACION DE LA CALIDAD Y CONTROL AMBIENTAL,,,,,,50041,62828,1,SERVICIO DE EVALUACION DE LA CALIDAD Y CONTROL AMBIENTAL,,34,ETRA (Estacion de Transferencia),1,AUTOMATICA,NO,16/01/24 10:51,,30/12/23 12:36,2,ETRA,1,DESCARGA
4020424,30/12/23 00:00,30/12/23 12:30,SDB,1,TIPO DOMICILIARIO,2,BARRIDO,2540,12100,9560,5,11,COMPACTADOR LEVANTE TRAS.,,,,,SERVICIO DE EVALUACION DE LA CALIDAD Y CONTROL AMBIENTAL,,,,,,50041,62828,1,SERVICIO DE EVALUACION DE LA CALIDAD Y CONTROL AMBIENTAL,,34,ETRA (Estacion de Transferencia),1,AUTOMATICA,NO,16/01/24 10:51,,30/12/23 12:38,2,ETRA,1,DESCARGA
4020440,30/12/23 00:00,30/12/23 12:42,SDB,1,TIPO DOMICILIARIO,1,ASIMILABLE A DOMICILIARIO,4250,13410,9160,5,11,COMPACTADOR LEVANTE TRAS.,,,,,SERVICIO DE EVALUACION DE LA CALIDAD Y CONTROL AMBIENTAL,,,,,,50041,62828,1,SERVICIO DE EVALUACION DE LA CALIDAD Y CONTROL AMBIENTAL,,34,ETRA (Estacion de Transferencia),1,AUTOMATICA,NO,16/01/24 10:51,,30/12/23 12:47,2,ETRA,1,DESCARGA
4020444,30/12/23 00:00,30/12/23 12:45,SDB,1,TIPO DOMICILIARIO,2,BARRIDO,2100,11270,9170,5,2,CAJA ABIERTA 6 M3,,,,,SERVICIO DE EVALUACION DE LA CALIDAD Y CONTROL AMBIENTAL,,,,,,50011,62873,1,SERVICIO DE EVALUACION DE LA CALIDAD Y CONTROL AMBIENTAL,,34,ETRA (Estacion de Transferencia),1,AUTOMATICA,NO,16/01/24 10:51,,30/12/23 12:51,2,ETRA,1,DESCARGA
4020449,30/12/23 00:00,30/12/23 12:46,STP,500,BARROS Y LODOS,503,SEDIMENTOS Y ARRASTRE,1120,10380,9260,5,2,CAJA ABIERTA 6 M3,,,,,SERVICIO DE EVALUACION DE LA CALIDAD Y CONTROL AMBIENTAL,,,,,,50041,62828,1,SERVICIO DE EVALUACION DE LA CALIDAD Y CONTROL AMBIENTAL,,34,ETRA (Estacion de Transferencia),1,AUTOMATICA,NO,16/01/24 10:51,,30/12/23 12:57,2,ETRA,1,DESCARGA
4020454,30/12/23 00:00,30/12/23 13:02,STP,100,CONSTRUCCION,101,ESCOMBRO SUCIO,1240,11340,10100,5,2,CAJA ABIERTA 6 M3,,,,,SERVICIO DE EVALUACION DE LA CALIDAD Y CONTROL AMBIENTAL,,,,,,50041,62828,1,SERVICIO DE EVALUACION DE LA CALIDAD Y CONTROL AMBIENTAL,,34,ETRA (Estacion de Transferencia),1,AUTOMATICA,NO,16/01/24 10:51,,30/12/23 13:09,2,ETRA,1,DESCARGA
4020457,30/12/23 00:00,30/12/23 13:15,SDB,1,TIPO DOMICILIARIO,1,ASIMILABLE A DOMICILIARIO,4010,13390,9380,5,10,COMPACTADOR CONVENCIONAL,,,,,SERVICIO DE EVALUACION DE LA CALIDAD Y CONTROL AMBIENTAL,,,,,,50041,62828,1,SERVICIO DE EVALUACION DE LA CALIDAD Y CONTROL AMBIENTAL,,34,ETRA (Estacion de Transferencia),1,AUTOMATICA,NO,16/01/24 10:51,,30/12/23 13:18,2,ETRA,1,DESCARGA
4020468,30/12/23 00:00,30/12/23 13:25,STP,1,TIPO DOMICILIARIO,3,LIMPIEZA DE DEPOSITOS,2620,9660,7040,5,21,RETROEXCAVADORA,,,,,SERVICIO DE EVALUACION DE LA CALIDAD Y CONTROL AMBIENTAL,,,,,,49439,62142,1,SERVICIO DE EVALUACION DE LA CALIDAD Y CONTROL AMBIENTAL,,34,ETRA (Estacion de Transferencia),1,AUTOMATICA,NO,16/01/24 10:51,,30/12/23 13:31,2,ETRA,1,DESCARGA
4020498,30/12/23 00:00,30/12/23 13:59,STP,1,TIPO DOMICILIARIO,1,ASIMILABLE A DOMICILIARIO,1970,9400,7430,5,2,CAJA ABIERTA 6 M3,,,,,SERVICIO DE EVALUACION DE LA CALIDAD Y CONTROL AMBIENTAL,,,,,,49439,62142,1,SERVICIO DE EVALUACION DE LA CALIDAD Y CONTROL AMBIENTAL,,34,ETRA (Estacion de Transferencia),1,AUTOMATICA,NO,16/01/24 10:51,,30/12/23 14:05,2,ETRA,1,DESCARGA
4020503,30/12/23 00:00,30/12/23 14:03,SCI,1,TIPO DOMICILIARIO,3,LIMPIEZA DE DEPOSITOS,530,4390,3860,5,3,CAJA CERRADA,,,,,SERVICIO DE EVALUACION DE LA CALIDAD Y CONTROL AMBIENTAL,,,,,,49439,62142,1,SERVICIO DE EVALUACION DE LA CALIDAD Y CONTROL AMBIENTAL,,34,ETRA (Estacion de Transferencia),1,AUTOMATICA,NO,16/01/24 10:51,,30/12/23 14:11,2,ETRA,1,DESCARGA
4020505,30/12/23 00:00,30/12/23 14:07,STP,100,CONSTRUCCION,104,TIERRA SUCIA,2240,8880,6640,5,2,CAJA ABIERTA 6 M3,,,,,SERVICIO DE EVALUACION DE LA CALIDAD Y CONTROL AMBIENTAL,,,,,,49439,62142,1,SERVICIO DE EVALUACION DE LA CALIDAD Y CONTROL AMBIENTAL,,34,ETRA (Estacion de Transferencia),1,AUTOMATICA,NO,16/01/24 10:51,,30/12/23 14:13,2,ETRA,1,DESCARGA
4020508,30/12/23 00:00,30/12/23 14:11,SCO,1,TIPO DOMICILIARIO,3,LIMPIEZA DE DEPOSITOS,910,5060,4150,5,3,CAJA CERRADA,,,,,SERVICIO DE EVALUACION DE LA CALIDAD Y CONTROL AMBIENTAL,,,,,,50041,62828,1,SERVICIO DE EVALUACION DE LA CALIDAD Y CONTROL AMBIENTAL,,34,ETRA (Estacion de Transferencia),1,AUTOMATICA,NO,16/01/24 10:51,,30/12/23 14:15,2,ETRA,1,DESCARGA
4020522,30/12/23 00:00,30/12/23 14:21,STP,1,TIPO DOMICILIARIO,3,LIMPIEZA DE DEPOSITOS,2590,8990,6400,5,2,CAJA ABIERTA 6 M3,,,,,SERVICIO DE EVALUACION DE LA CALIDAD Y CONTROL AMBIENTAL,,,,,,49439,62142,1,SERVICIO DE EVALUACION DE LA CALIDAD Y CONTROL AMBIENTAL,,34,ETRA (Estacion de Transferencia),1,AUTOMATICA,NO,16/01/24 10:51,,30/12/23 14:32,2,ETRA,1,DESCARGA
4020526,30/12/23 00:00,30/12/23 14:29,STP,1,TIPO DOMICILIARIO,3,LIMPIEZA DE DEPOSITOS,2850,9930,7080,5,2,CAJA ABIERTA 6 M3,,,,,SERVICIO DE EVALUACION DE LA CALIDAD Y CONTROL AMBIENTAL,,,,,,49439,62142,1,SERVICIO DE EVALUACION DE LA CALIDAD Y CONTROL AMBIENTAL,,34,ETRA (Estacion de Transferencia),1,AUTOMATICA,NO,16/01/24 10:51,,30/12/23 14:35,2,ETRA,1,DESCARGA
4020528,30/12/23 00:00,30/12/23 14:30,STP,100,CONSTRUCCION,101,ESCOMBRO SUCIO,1750,11500,9750,5,12,CAJA ABIERTA 10 M3,,,,,SERVICIO DE EVALUACION DE LA CALIDAD Y CONTROL AMBIENTAL,,,,,,49439,62142,1,SERVICIO DE EVALUACION DE LA CALIDAD Y CONTROL AMBIENTAL,,34,ETRA (Estacion de Transferencia),1,AUTOMATICA,NO,16/01/24 10:51,,30/12/23 14:40,2,ETRA,1,DESCARGA
4020529,30/12/23 00:00,30/12/23 14:34,SIM,2,TIPO NO DOMICILIARIO,22,NO DOMICILIARIO - FRACCIÓN HÚMEDA,2820,13010,10190,5,11,COMPACTADOR LEVANTE TRAS.,,,,,SIN PERMISO,,,,,,,,,,,34,ETRA (Estacion de Transferencia),1,AUTOMATICA,NO,16/01/24 10:51,,30/12/23 14:42,2,ETRA,1,DESCARGA
4020530,30/12/23 00:00,30/12/23 14:37,STP,1,TIPO DOMICILIARIO,3,LIMPIEZA DE DEPOSITOS,1380,7950,6570,5,2,CAJA ABIERTA 6 M3,,,,,SERVICIO DE EVALUACION DE LA CALIDAD Y CONTROL AMBIENTAL,,,,,,49439,62142,1,SERVICIO DE EVALUACION DE LA CALIDAD Y CONTROL AMBIENTAL,,34,ETRA (Estacion de Transferencia),1,AUTOMATICA,NO,16/01/24 10:51,,30/12/23 14:44,2,ETRA,1,DESCARGA
4020534,30/12/23 00:00,30/12/23 14:39,STP,100,CONSTRUCCION,101,ESCOMBRO SUCIO,1600,11670,10070,5,2,CAJA ABIERTA 6 M3,,,,,SERVICIO DE EVALUACION DE LA CALIDAD Y CONTROL AMBIENTAL,,,,,,49439,62142,1,SERVICIO DE EVALUACION DE LA CALIDAD Y CONTROL AMBIENTAL,,34,ETRA (Estacion de Transferencia),1,AUTOMATICA,NO,16/01/24 10:51,,30/12/23 14:49,2,ETRA,1,DESCARGA
4020542,30/12/23 00:00,30/12/23 14:48,SIM,1,TIPO DOMICILIARIO,1,ASIMILABLE A DOMICILIARIO,7880,24970,17090,5,1,COMPACTADOR LEVANTE LAT.,,,,,SIN PERMISO,,,,,,,,,,,34,ETRA (Estacion de Transferencia),1,AUTOMATICA,NO,16/01/24 10:51,30/12/23 00:00,30/12/23 15:00,2,ETRA,1,DESCARGA
4020563,30/12/23 00:00,30/12/23 15:38,SDC,1,TIPO DOMICILIARIO,3,LIMPIEZA DE DEPOSITOS,900,4490,3590,5,3,CAJA CERRADA,,,,,SERVICIO DE EVALUACION DE LA CALIDAD Y CONTROL AMBIENTAL,,,,,,50011,62873,1,SERVICIO DE EVALUACION DE LA CALIDAD Y CONTROL AMBIENTAL,,34,ETRA (Estacion de Transferencia),1,AUTOMATICA,NO,16/01/24 10:51,,30/12/23 15:44,2,ETRA,1,DESCARGA
4020569,30/12/23 00:00,30/12/23 15:46,STP,100,CONSTRUCCION,101,ESCOMBRO SUCIO,2040,11790,9750,5,12,CAJA ABIERTA 10 M3,,,,,SERVICIO DE EVALUACION DE LA CALIDAD Y CONTROL AMBIENTAL,,,,,,49439,62142,1,SERVICIO DE EVALUACION DE LA CALIDAD Y CONTROL AMBIENTAL,,34,ETRA (Estacion de Transferencia),1,AUTOMATICA,NO,16/01/24 10:51,,30/12/23 15:54,2,ETRA,1,DESCARGA
4020578,30/12/23 00:00,30/12/23 16:03,STP,500,BARROS Y LODOS,503,SEDIMENTOS Y ARRASTRE,2240,11490,9250,5,2,CAJA ABIERTA 6 M3,,,,,SERVICIO DE EVALUACION DE LA CALIDAD Y CONTROL AMBIENTAL,,,,,,49439,62142,1,SERVICIO DE EVALUACION DE LA CALIDAD Y CONTROL AMBIENTAL,,34,ETRA (Estacion de Transferencia),1,AUTOMATICA,NO,16/01/24 10:51,,30/12/23 16:12,2,ETRA,1,DESCARGA
4020580,30/12/23 00:00,30/12/23 16:15,SIM,1,TIPO DOMICILIARIO,1,ASIMILABLE A DOMICILIARIO,7910,25200,17290,5,1,COMPACTADOR LEVANTE LAT.,,,,,SIN PERMISO,,,,,,,,,,,34,ETRA (Estacion de Transferencia),1,AUTOMATICA,NO,16/01/24 10:51,30/12/23 00:00,30/12/23 16:22,2,ETRA,1,DESCARGA
4020582,30/12/23 00:00,30/12/23 16:20,SIM,1,TIPO DOMICILIARIO,1,ASIMILABLE A DOMICILIARIO,6830,23970,17140,5,1,COMPACTADOR LEVANTE LAT.,,,,,SIN PERMISO,,,,,,,,,,,34,ETRA (Estacion de Transferencia),1,AUTOMATICA,NO,16/01/24 10:51,29/12/23 00:00,30/12/23 16:27,2,ETRA,1,DESCARGA
4020593,30/12/23 00:00,30/12/23 16:33,SIM,1,TIPO DOMICILIARIO,1,ASIMILABLE A DOMICILIARIO,11370,28760,17390,5,1,COMPACTADOR LEVANTE LAT.,,,,,SIN PERMISO,,,,,,,,,,,34,ETRA (Estacion de Transferencia),1,AUTOMATICA,NO,16/01/24 10:51,30/12/23 00:00,30/12/23 16:47,2,ETRA,1,DESCARGA
4020595,30/12/23 00:00,30/12/23 16:25,SDA,1,TIPO DOMICILIARIO,3,LIMPIEZA DE DEPOSITOS,1480,5060,3580,5,3,CAJA CERRADA,,,,,SERVICIO DE EVALUACION DE LA CALIDAD Y CONTROL AMBIENTAL,,,,,,50011,62873,1,SERVICIO DE EVALUACION DE LA CALIDAD Y CONTROL AMBIENTAL,,34,ETRA (Estacion de Transferencia),1,AUTOMATICA,NO,16/01/24 10:51,,30/12/23 16:48,2,ETRA,1,DESCARGA
4020597,30/12/23 00:00,30/12/23 16:38,SIM,1,TIPO DOMICILIARIO,1,ASIMILABLE A DOMICILIARIO,11220,28330,17110,5,1,COMPACTADOR LEVANTE LAT.,,,,,SIN PERMISO,,,,,,,,,,,34,ETRA (Estacion de Transferencia),1,AUTOMATICA,NO,16/01/24 10:51,30/12/23 00:00,30/12/23 16:50,2,ETRA,1,DESCARGA
4020599,30/12/23 00:00,30/12/23 16:37,STP,100,CONSTRUCCION,104,TIERRA SUCIA,2160,12390,10230,5,2,CAJA ABIERTA 6 M3,,,,,SERVICIO DE EVALUACION DE LA CALIDAD Y CONTROL AMBIENTAL,,,,,,49439,62142,1,SERVICIO DE EVALUACION DE LA CALIDAD Y CONTROL AMBIENTAL,,34,ETRA (Estacion de Transferencia),1,AUTOMATICA,NO,16/01/24 10:51,,30/12/23 16:52,2,ETRA,1,DESCARGA
4020602,30/12/23 00:00,30/12/23 16:48,SIM,1,TIPO DOMICILIARIO,1,ASIMILABLE A DOMICILIARIO,11600,28620,17020,5,1,COMPACTADOR LEVANTE LAT.,,,,,SIN PERMISO,,,,,,,,,,,34,ETRA (Estacion de Transferencia),1,AUTOMATICA,NO,16/01/24 10:51,30/12/23 00:00,30/12/23 16:56,2,ETRA,1,DESCARGA
4020604,30/12/23 00:00,30/12/23 16:52,STP,100,CONSTRUCCION,101,ESCOMBRO SUCIO,3350,13090,9740,5,12,CAJA ABIERTA 10 M3,,,,,SERVICIO DE EVALUACION DE LA CALIDAD Y CONTROL AMBIENTAL,,,,,,49439,62142,1,SERVICIO DE EVALUACION DE LA CALIDAD Y CONTROL AMBIENTAL,,34,ETRA (Estacion de Transferencia),1,AUTOMATICA,NO,16/01/24 10:51,,30/12/23 17:01,2,ETRA,1,DESCARGA
4020609,30/12/23 00:00,30/12/23 17:02,SIM,1,TIPO DOMICILIARIO,1,ASIMILABLE A DOMICILIARIO,10190,26970,16780,5,1,COMPACTADOR LEVANTE LAT.,,,,,SIN PERMISO,,,,,,,,,,,34,ETRA (Estacion de Transferencia),1,AUTOMATICA,NO,16/01/24 10:51,30/12/23 00:00,30/12/23 17:09,2,ETRA,1,DESCARGA
4020615,30/12/23 00:00,30/12/23 17:23,SIM,1,TIPO DOMICILIARIO,1,ASIMILABLE A DOMICILIARIO,2250,12480,10230,5,42,COMPACTADOR TRASERO,,,,,SIN PERMISO,,,,,,,,,,,34,ETRA (Estacion de Transferencia),1,AUTOMATICA,NO,16/01/24 10:51,,30/12/23 17:28,2,ETRA,1,DESCARGA
4020626,30/12/23 00:00,30/12/23 17:54,STP,100,CONSTRUCCION,101,ESCOMBRO SUCIO,3670,13740,10070,5,2,CAJA ABIERTA 6 M3,,,,,SERVICIO DE EVALUACION DE LA CALIDAD Y CONTROL AMBIENTAL,,,,,,50041,62828,1,SERVICIO DE EVALUACION DE LA CALIDAD Y CONTROL AMBIENTAL,,34,ETRA (Estacion de Transferencia),1,AUTOMATICA,NO,16/01/24 10:51,,30/12/23 18:03,2,ETRA,1,DESCARGA
4020629,30/12/23 00:00,30/12/23 18:02,SIM,1,TIPO DOMICILIARIO,1,ASIMILABLE A DOMICILIARIO,1600,11830,10230,5,11,COMPACTADOR LEVANTE TRAS.,,,,,SIN PERMISO,,,,,,,,,,,34,ETRA (Estacion de Transferencia),1,AUTOMATICA,NO,16/01/24 10:51,30/12/23 00:00,30/12/23 18:08,2,ETRA,1,DESCARGA
4020637,30/12/23 00:00,30/12/23 18:11,SIM,1,TIPO DOMICILIARIO,1,ASIMILABLE A DOMICILIARIO,8320,25000,16680,5,1,COMPACTADOR LEVANTE LAT.,,,,,SIN PERMISO,,,,,,,,,,,34,ETRA (Estacion de Transferencia),1,AUTOMATICA,NO,16/01/24 10:51,30/12/23 00:00,30/12/23 18:18,2,ETRA,1,DESCARGA
4020639,30/12/23 00:00,30/12/23 18:15,SIM,1,TIPO DOMICILIARIO,1,ASIMILABLE A DOMICILIARIO,7500,24870,17370,5,1,COMPACTADOR LEVANTE LAT.,,,,,SIN PERMISO,,,,,,,,,,,34,ETRA (Estacion de Transferencia),1,AUTOMATICA,NO,16/01/24 10:51,30/12/23 00:00,30/12/23 18:24,2,ETRA,1,DESCARGA
4020642,30/12/23 00:00,30/12/23 18:19,SIM,1,TIPO DOMICILIARIO,1,ASIMILABLE A DOMICILIARIO,9280,26370,17090,5,1,COMPACTADOR LEVANTE LAT.,,,,,SIN PERMISO,,,,,,,,,,,34,ETRA (Estacion de Transferencia),1,AUTOMATICA,NO,16/01/24 10:51,30/12/23 00:00,30/12/23 18:33,2,ETRA,1,DESCARGA
4020651,30/12/23 00:00,30/12/23 18:46,SDA,1,TIPO DOMICILIARIO,3,LIMPIEZA DE DEPOSITOS,1270,4790,3520,5,3,CAJA CERRADA,,,,,SERVICIO DE EVALUACION DE LA CALIDAD Y CONTROL AMBIENTAL,,,,,,50011,62873,1,SERVICIO DE EVALUACION DE LA CALIDAD Y CONTROL AMBIENTAL,,34,ETRA (Estacion de Transferencia),1,AUTOMATICA,NO,16/01/24 10:51,,30/12/23 18:53,2,ETRA,1,DESCARGA
4020658,30/12/23 00:00,30/12/23 18:55,SCX,1,TIPO DOMICILIARIO,3,LIMPIEZA DE DEPOSITOS,760,3940,3180,5,3,CAJA CERRADA,,,,,SERVICIO DE EVALUACION DE LA CALIDAD Y CONTROL AMBIENTAL,,,,,,50011,62873,1,SERVICIO DE EVALUACION DE LA CALIDAD Y CONTROL AMBIENTAL,,34,ETRA (Estacion de Transferencia),1,AUTOMATICA,NO,16/01/24 10:51,,30/12/23 19:00,2,ETRA,1,DESCARGA
4020659,30/12/23 00:00,30/12/23 18:47,SIM,1,TIPO DOMICILIARIO,1,ASIMILABLE A DOMICILIARIO,9470,26880,17410,5,1,COMPACTADOR LEVANTE LAT.,,,,,SIN PERMISO,,,,,,,,,,,34,ETRA (Estacion de Transferencia),1,AUTOMATICA,NO,16/01/24 10:51,30/12/23 00:00,30/12/23 19:02,2,ETRA,1,DESCARGA
4020660,30/12/23 00:00,30/12/23 18:58,SIM,1,TIPO DOMICILIARIO,1,ASIMILABLE A DOMICILIARIO,10800,27850,17050,5,1,COMPACTADOR LEVANTE LAT.,,,,,SIN PERMISO,,,,,,,,,,,34,ETRA (Estacion de Transferencia),1,AUTOMATICA,NO,16/01/24 10:51,30/12/23 00:00,30/12/23 19:04,2,ETRA,1,DESCARGA
4020667,30/12/23 00:00,30/12/23 19:09,SIM,1,TIPO DOMICILIARIO,1,ASIMILABLE A DOMICILIARIO,10130,26920,16790,5,1,COMPACTADOR LEVANTE LAT.,,,,,SIN PERMISO,,,,,,,,,,,34,ETRA (Estacion de Transferencia),1,AUTOMATICA,NO,16/01/24 10:51,30/12/23 00:00,30/12/23 19:16,2,ETRA,1,DESCARGA
4020669,30/12/23 00:00,30/12/23 19:11,SDC,1,TIPO DOMICILIARIO,3,LIMPIEZA DE DEPOSITOS,740,4330,3590,5,3,CAJA CERRADA,,,,,SERVICIO DE EVALUACION DE LA CALIDAD Y CONTROL AMBIENTAL,,,,,,50011,62873,1,SERVICIO DE EVALUACION DE LA CALIDAD Y CONTROL AMBIENTAL,,34,ETRA (Estacion de Transferencia),1,AUTOMATICA,NO,16/01/24 10:51,,30/12/23 19:17,2,ETRA,1,DESCARGA
4020672,30/12/23 00:00,30/12/23 19:19,SIM,1,TIPO DOMICILIARIO,1,ASIMILABLE A DOMICILIARIO,2300,19680,17380,5,1,COMPACTADOR LEVANTE LAT.,,,,,SIN PERMISO,,,,,,,,,,,34,ETRA (Estacion de Transferencia),1,AUTOMATICA,NO,16/01/24 10:51,30/12/23 00:00,30/12/23 19:26,2,ETRA,1,DESCARGA
4020691,31/12/23 00:00,31/12/23 00:53,SIM,1,TIPO DOMICILIARIO,1,ASIMILABLE A DOMICILIARIO,10820,27530,16710,5,1,COMPACTADOR LEVANTE LAT.,,,,,SIN PERMISO,,,,,,,,,,,34,ETRA (Estacion de Transferencia),1,AUTOMATICA,NO,16/01/24 10:51,30/12/23 00:00,31/12/23 01:04,2,ETRA,1,DESCARGA
4020704,31/12/23 00:00,31/12/23 02:45,SIM,1,TIPO DOMICILIARIO,1,ASIMILABLE A DOMICILIARIO,10720,28060,17340,5,1,COMPACTADOR LEVANTE LAT.,,,,,SIN PERMISO,,,,,,,,,,,34,ETRA (Estacion de Transferencia),1,AUTOMATICA,NO,16/01/24 10:51,30/12/23 00:00,31/12/23 02:54,2,ETRA,1,DESCARGA
4020706,31/12/23 00:00,31/12/23 02:57,SIM,1,TIPO DOMICILIARIO,1,ASIMILABLE A DOMICILIARIO,10900,27610,16710,5,1,COMPACTADOR LEVANTE LAT.,,,,,SIN PERMISO,,,,,,,,,,,34,ETRA (Estacion de Transferencia),1,AUTOMATICA,NO,16/01/24 10:51,30/12/23 00:00,31/12/23 03:04,2,ETRA,1,DESCARGA
4020713,31/12/23 00:00,31/12/23 03:59,SIM,1,TIPO DOMICILIARIO,1,ASIMILABLE A DOMICILIARIO,4310,21000,16690,5,1,COMPACTADOR LEVANTE LAT.,,,,,SIN PERMISO,,,,,,,,,,,34,ETRA (Estacion de Transferencia),1,AUTOMATICA,NO,16/01/24 10:51,30/12/23 00:00,31/12/23 04:05,2,ETRA,1,DESCARGA
4020716,31/12/23 00:00,31/12/23 04:11,SIM,1,TIPO DOMICILIARIO,1,ASIMILABLE A DOMICILIARIO,2340,19650,17310,5,1,COMPACTADOR LEVANTE LAT.,,,,,SIN PERMISO,,,,,,,,,,,34,ETRA (Estacion de Transferencia),1,AUTOMATICA,NO,16/01/24 10:51,30/12/23 00:00,31/12/23 04:17,2,ETRA,1,DESCARGA
4020730,31/12/23 00:00,31/12/23 07:57,SCX,1,TIPO DOMICILIARIO,3,LIMPIEZA DE DEPOSITOS,830,4120,3290,5,3,CAJA CERRADA,,,,,SERVICIO DE EVALUACION DE LA CALIDAD Y CONTROL AMBIENTAL,,,,,,50011,62873,1,SERVICIO DE EVALUACION DE LA CALIDAD Y CONTROL AMBIENTAL,,34,ETRA (Estacion de Transferencia),1,AUTOMATICA,NO,16/01/24 10:51,,31/12/23 08:04,2,ETRA,1,DESCARGA
4020731,31/12/23 00:00,31/12/23 07:58,SIM,1,TIPO DOMICILIARIO,1,ASIMILABLE A DOMICILIARIO,6780,25800,19020,5,50,COMPACTADOR LAT.CAJA DESM,,,,,SIN PERMISO,,,,,,,,,,,34,ETRA (Estacion de Transferencia),1,AUTOMATICA,NO,16/01/24 10:51,30/12/23 00:00,31/12/23 08:06,2,ETRA,1,DESCARGA
4020733,31/12/23 00:00,31/12/23 08:24,SIM,1,TIPO DOMICILIARIO,1,ASIMILABLE A DOMICILIARIO,10440,27370,16930,5,1,COMPACTADOR LEVANTE LAT.,,,,,SIN PERMISO,,,,,,,,,,,34,ETRA (Estacion de Transferencia),1,AUTOMATICA,NO,16/01/24 10:51,30/12/23 00:00,31/12/23 08:30,2,ETRA,1,DESCARGA
4020735,31/12/23 00:00,31/12/23 08:04,SIM,1,TIPO DOMICILIARIO,1,ASIMILABLE A DOMICILIARIO,7580,24870,17290,5,1,COMPACTADOR LEVANTE LAT.,,,,,SIN PERMISO,,,,,,,,,,,34,ETRA (Estacion de Transferencia),1,AUTOMATICA,NO,16/01/24 10:51,30/12/23 00:00,31/12/23 08:31,2,ETRA,1,DESCARGA
4020740,31/12/23 00:00,31/12/23 08:20,SIM,1,TIPO DOMICILIARIO,1,ASIMILABLE A DOMICILIARIO,6990,24050,17060,5,1,COMPACTADOR LEVANTE LAT.,,,,,SIN PERMISO,,,,,,,,,,,34,ETRA (Estacion de Transferencia),1,AUTOMATICA,NO,16/01/24 10:51,30/12/23 00:00,31/12/23 08:45,2,ETRA,1,DESCARGA
4020741,31/12/23 00:00,31/12/23 08:46,SIM,1,TIPO DOMICILIARIO,1,ASIMILABLE A DOMICILIARIO,7330,26140,18810,5,50,COMPACTADOR LAT.CAJA DESM,,,,,SIN PERMISO,,,,,,,,,,,34,ETRA (Estacion de Transferencia),1,AUTOMATICA,NO,16/01/24 10:51,30/12/23 00:00,31/12/23 08:56,2,ETRA,1,DESCARGA
4020746,31/12/23 00:00,31/12/23 08:48,SIM,1,TIPO DOMICILIARIO,1,ASIMILABLE A DOMICILIARIO,7700,26540,18840,5,50,COMPACTADOR LAT.CAJA DESM,,,,,SIN PERMISO,,,,,,,,,,,34,ETRA (Estacion de Transferencia),1,AUTOMATICA,NO,16/01/24 10:51,31/12/23 00:00,31/12/23 09:00,2,ETRA,1,DESCARGA
4020751,31/12/23 00:00,31/12/23 09:12,SIM,1,TIPO DOMICILIARIO,1,ASIMILABLE A DOMICILIARIO,8950,26030,17080,5,1,COMPACTADOR LEVANTE LAT.,,,,,SIN PERMISO,,,,,,,,,,,34,ETRA (Estacion de Transferencia),1,AUTOMATICA,NO,16/01/24 10:51,30/12/23 00:00,31/12/23 09:22,2,ETRA,1,DESCARGA
4020755,31/12/23 00:00,31/12/23 09:41,SIM,1,TIPO DOMICILIARIO,1,ASIMILABLE A DOMICILIARIO,11420,28300,16880,5,1,COMPACTADOR LEVANTE LAT.,,,,,SIN PERMISO,,,,,,,,,,,34,ETRA (Estacion de Transferencia),1,AUTOMATICA,NO,16/01/24 10:51,31/12/23 00:00,31/12/23 09:52,2,ETRA,1,DESCARGA
4020756,31/12/23 00:00,31/12/23 09:51,SIM,1,TIPO DOMICILIARIO,1,ASIMILABLE A DOMICILIARIO,3030,13620,10590,5,10,COMPACTADOR CONVENCIONAL,,,,,SIN PERMISO,,,,,,,,,,,34,ETRA (Estacion de Transferencia),1,AUTOMATICA,NO,16/01/24 10:51,30/12/23 00:00,31/12/23 09:56,2,ETRA,1,DESCARGA
4020757,31/12/23 00:00,31/12/23 10:01,SIM,1,TIPO DOMICILIARIO,1,ASIMILABLE A DOMICILIARIO,8650,28200,19550,5,50,COMPACTADOR LAT.CAJA DESM,,,,,SIN PERMISO,,,,,,,,,,,34,ETRA (Estacion de Transferencia),1,AUTOMATICA,NO,16/01/24 10:51,30/12/23 00:00,31/12/23 10:08,2,ETRA,1,DESCARGA
4020767,31/12/23 00:00,31/12/23 10:24,SCR,1,TIPO DOMICILIARIO,3,LIMPIEZA DE DEPOSITOS,2650,10840,8190,5,3,CAJA CERRADA,,,,,SERVICIO DE EVALUACION DE LA CALIDAD Y CONTROL AMBIENTAL,,,,,,49380,62057,1,SERVICIO DE EVALUACION DE LA CALIDAD Y CONTROL AMBIENTAL,,34,ETRA (Estacion de Transferencia),1,AUTOMATICA,NO,16/01/24 10:51,,31/12/23 10:32,2,ETRA,1,DESCARGA
4020768,31/12/23 00:00,31/12/23 10:33,SIM,1,TIPO DOMICILIARIO,1,ASIMILABLE A DOMICILIARIO,11340,28280,16940,5,1,COMPACTADOR LEVANTE LAT.,,,,,SIN PERMISO,,,,,,,,,,,34,ETRA (Estacion de Transferencia),1,AUTOMATICA,NO,16/01/24 10:51,30/12/23 00:00,31/12/23 10:39,2,ETRA,1,DESCARGA
4020773,31/12/23 00:00,31/12/23 10:34,SIM,1,TIPO DOMICILIARIO,1,ASIMILABLE A DOMICILIARIO,7910,26700,18790,5,50,COMPACTADOR LAT.CAJA DESM,,,,,SIN PERMISO,,,,,,,,,,,34,ETRA (Estacion de Transferencia),1,AUTOMATICA,NO,16/01/24 10:51,31/12/23 00:00,31/12/23 10:46,2,ETRA,1,DESCARGA
4020775,31/12/23 00:00,31/12/23 10:52,SCX,1,TIPO DOMICILIARIO,3,LIMPIEZA DE DEPOSITOS,410,3510,3100,5,3,CAJA CERRADA,,,,,SERVICIO DE EVALUACION DE LA CALIDAD Y CONTROL AMBIENTAL,,,,,,50011,62873,1,SERVICIO DE EVALUACION DE LA CALIDAD Y CONTROL AMBIENTAL,,34,ETRA (Estacion de Transferencia),1,AUTOMATICA,NO,16/01/24 10:51,,31/12/23 10:58,2,ETRA,1,DESCARGA
4020779,31/12/23 00:00,31/12/23 11:09,SIM,1,TIPO DOMICILIARIO,1,ASIMILABLE A DOMICILIARIO,11690,28980,17290,5,1,COMPACTADOR LEVANTE LAT.,,,,,SIN PERMISO,,,,,,,,,,,34,ETRA (Estacion de Transferencia),1,AUTOMATICA,NO,16/01/24 10:51,30/12/23 00:00,31/12/23 11:17,2,ETRA,1,DESCARGA
4020782,31/12/23 00:00,31/12/23 11:11,SDA,1,TIPO DOMICILIARIO,3,LIMPIEZA DE DEPOSITOS,760,4280,3520,5,3,CAJA CERRADA,,,,,SERVICIO DE EVALUACION DE LA CALIDAD Y CONTROL AMBIENTAL,,,,,,50011,62873,1,SERVICIO DE EVALUACION DE LA CALIDAD Y CONTROL AMBIENTAL,,34,ETRA (Estacion de Transferencia),1,AUTOMATICA,NO,16/01/24 10:51,,31/12/23 11:19,2,ETRA,1,DESCARGA
4020783,31/12/23 00:00,31/12/23 11:08,SIM,1,TIPO DOMICILIARIO,1,ASIMILABLE A DOMICILIARIO,10140,28950,18810,5,50,COMPACTADOR LAT.CAJA DESM,,,,,SIN PERMISO,,,,,,,,,,,34,ETRA (Estacion de Transferencia),1,AUTOMATICA,NO,16/01/24 10:51,30/12/23 00:00,31/12/23 11:20,2,ETRA,1,DESCARGA
4020786,31/12/23 00:00,31/12/23 11:19,SIM,1,TIPO DOMICILIARIO,1,ASIMILABLE A DOMICILIARIO,1760,18690,16930,5,1,COMPACTADOR LEVANTE LAT.,,,,,SIN PERMISO,,,,,,,,,,,34,ETRA (Estacion de Transferencia),1,AUTOMATICA,NO,16/01/24 10:51,30/12/23 00:00,31/12/23 11:25,2,ETRA,1,DESCARGA
4020789,31/12/23 00:00,31/12/23 11:17,SCM,1,TIPO DOMICILIARIO,3,LIMPIEZA DE DEPOSITOS,2530,8340,5810,5,3,CAJA CERRADA,,,,,SERVICIO DE EVALUACION DE LA CALIDAD Y CONTROL AMBIENTAL,,,,,,49380,62057,1,SERVICIO DE EVALUACION DE LA CALIDAD Y CONTROL AMBIENTAL,,34,ETRA (Estacion de Transferencia),1,AUTOMATICA,NO,16/01/24 10:51,,31/12/23 11:28,2,ETRA,1,DESCARGA
4020792,31/12/23 00:00,31/12/23 11:26,SIM,1,TIPO DOMICILIARIO,1,ASIMILABLE A DOMICILIARIO,7960,25140,17180,5,1,COMPACTADOR LEVANTE LAT.,,,,,SIN PERMISO,,,,,,,,,,,34,ETRA (Estacion de Transferencia),1,AUTOMATICA,NO,16/01/24 10:51,30/12/23 00:00,31/12/23 11:32,2,ETRA,1,DESCARGA
4020793,31/12/23 00:00,31/12/23 11:26,SIM,1,TIPO DOMICILIARIO,1,ASIMILABLE A DOMICILIARIO,7150,26030,18880,5,50,COMPACTADOR LAT.CAJA DESM,,,,,SIN PERMISO,,,,,,,,,,,34,ETRA (Estacion de Transferencia),1,AUTOMATICA,NO,16/01/24 10:51,30/12/23 00:00,31/12/23 11:33,2,ETRA,1,DESCARGA
4020798,31/12/23 00:00,31/12/23 11:47,SDB,1,TIPO DOMICILIARIO,2,BARRIDO,400,9960,9560,5,2,CAJA ABIERTA 6 M3,,,,,SERVICIO DE EVALUACION DE LA CALIDAD Y CONTROL AMBIENTAL,,,,,,50041,62828,1,SERVICIO DE EVALUACION DE LA CALIDAD Y CONTROL AMBIENTAL,,34,ETRA (Estacion de Transferencia),1,AUTOMATICA,NO,16/01/24 10:51,,31/12/23 11:53,2,ETRA,1,DESCARGA
4020804,31/12/23 00:00,31/12/23 11:48,SIM,1,TIPO DOMICILIARIO,1,ASIMILABLE A DOMICILIARIO,7110,24070,16960,5,1,COMPACTADOR LEVANTE LAT.,,,,,SIN PERMISO,,,,,,,,,,,34,ETRA (Estacion de Transferencia),1,AUTOMATICA,NO,16/01/24 10:51,31/12/23 00:00,31/12/23 11:56,2,ETRA,1,DESCARGA
4020812,31/12/23 00:00,31/12/23 12:02,SDB,1,TIPO DOMICILIARIO,1,ASIMILABLE A DOMICILIARIO,3170,12510,9340,5,42,COMPACTADOR TRASERO,,,,,SERVICIO DE EVALUACION DE LA CALIDAD Y CONTROL AMBIENTAL,,,,,,50041,62828,1,SERVICIO DE EVALUACION DE LA CALIDAD Y CONTROL AMBIENTAL,,34,ETRA (Estacion de Transferencia),1,AUTOMATICA,NO,16/01/24 10:51,,31/12/23 12:11,2,ETRA,1,DESCARGA
4020815,31/12/23 00:00,31/12/23 12:12,SDB,1,TIPO DOMICILIARIO,1,ASIMILABLE A DOMICILIARIO,2770,11970,9200,5,11,COMPACTADOR LEVANTE TRAS.,,,,,SERVICIO DE EVALUACION DE LA CALIDAD Y CONTROL AMBIENTAL,,,,,,50041,62828,1,SERVICIO DE EVALUACION DE LA CALIDAD Y CONTROL AMBIENTAL,,34,ETRA (Estacion de Transferencia),1,AUTOMATICA,NO,16/01/24 10:51,,31/12/23 12:17,2,ETRA,1,DESCARGA
4020822,31/12/23 00:00,31/12/23 12:23,SDB,1,TIPO DOMICILIARIO,1,ASIMILABLE A DOMICILIARIO,2180,11500,9320,5,11,COMPACTADOR LEVANTE TRAS.,,,,,SERVICIO DE EVALUACION DE LA CALIDAD Y CONTROL AMBIENTAL,,,,,,50041,62828,1,SERVICIO DE EVALUACION DE LA CALIDAD Y CONTROL AMBIENTAL,,34,ETRA (Estacion de Transferencia),1,AUTOMATICA,NO,16/01/24 10:51,,31/12/23 12:33,2,ETRA,1,DESCARGA
4020825,31/12/23 00:00,31/12/23 12:36,SDC,1,TIPO DOMICILIARIO,3,LIMPIEZA DE DEPOSITOS,860,4380,3520,5,3,CAJA CERRADA,,,,,SERVICIO DE EVALUACION DE LA CALIDAD Y CONTROL AMBIENTAL,,,,,,50011,62873,1,SERVICIO DE EVALUACION DE LA CALIDAD Y CONTROL AMBIENTAL,,34,ETRA (Estacion de Transferencia),1,AUTOMATICA,NO,16/01/24 10:51,,31/12/23 12:44,2,ETRA,1,DESCARGA
4020826,31/12/23 00:00,31/12/23 12:32,SDB,1,TIPO DOMICILIARIO,2,BARRIDO,3580,12910,9330,5,11,COMPACTADOR LEVANTE TRAS.,,,,,SERVICIO DE EVALUACION DE LA CALIDAD Y CONTROL AMBIENTAL,,,,,,50041,62828,1,SERVICIO DE EVALUACION DE LA CALIDAD Y CONTROL AMBIENTAL,,34,ETRA (Estacion de Transferencia),1,AUTOMATICA,NO,16/01/24 10:51,,31/12/23 12:45,2,ETRA,1,DESCARGA
4020828,31/12/23 00:00,31/12/23 12:47,SDB,1,TIPO DOMICILIARIO,1,ASIMILABLE A DOMICILIARIO,1450,10590,9140,5,11,COMPACTADOR LEVANTE TRAS.,,,,,SERVICIO DE EVALUACION DE LA CALIDAD Y CONTROL AMBIENTAL,,,,,,50041,62828,1,SERVICIO DE EVALUACION DE LA CALIDAD Y CONTROL AMBIENTAL,,34,ETRA (Estacion de Transferencia),1,AUTOMATICA,NO,16/01/24 10:51,,31/12/23 12:54,2,ETRA,1,DESCARGA
4020832,31/12/23 00:00,31/12/23 13:08,SDB,1,TIPO DOMICILIARIO,1,ASIMILABLE A DOMICILIARIO,3590,12860,9270,5,10,COMPACTADOR CONVENCIONAL,,,,,SERVICIO DE EVALUACION DE LA CALIDAD Y CONTROL AMBIENTAL,,,,,,50041,62828,1,SERVICIO DE EVALUACION DE LA CALIDAD Y CONTROL AMBIENTAL,,34,ETRA (Estacion de Transferencia),1,AUTOMATICA,NO,16/01/24 10:51,,31/12/23 13:13,2,ETRA,1,DESCARGA
4020833,31/12/23 00:00,31/12/23 13:40,SCR,1,TIPO DOMICILIARIO,3,LIMPIEZA DE DEPOSITOS,1810,9890,8080,5,3,CAJA CERRADA,,,,,SERVICIO DE EVALUACION DE LA CALIDAD Y CONTROL AMBIENTAL,,,,,,49380,62057,1,SERVICIO DE EVALUACION DE LA CALIDAD Y CONTROL AMBIENTAL,,34,ETRA (Estacion de Transferencia),1,AUTOMATICA,NO,16/01/24 10:51,,31/12/23 13:47,2,ETRA,1,DESCARGA
4020834,31/12/23 00:00,31/12/23 14:40,SCX,1,TIPO DOMICILIARIO,3,LIMPIEZA DE DEPOSITOS,880,4230,3350,5,3,CAJA CERRADA,,,,,SERVICIO DE EVALUACION DE LA CALIDAD Y CONTROL AMBIENTAL,,,,,,50011,62873,1,SERVICIO DE EVALUACION DE LA CALIDAD Y CONTROL AMBIENTAL,,34,ETRA (Estacion de Transferencia),1,AUTOMATICA,NO,16/01/24 10:51,,31/12/23 14:47,2,ETRA,1,DESCARGA
4020835,31/12/23 00:00,31/12/23 15:39,SDC,1,TIPO DOMICILIARIO,3,LIMPIEZA DE DEPOSITOS,1090,4640,3550,5,3,CAJA CERRADA,,,,,SERVICIO DE EVALUACION DE LA CALIDAD Y CONTROL AMBIENTAL,,,,,,50011,62873,1,SERVICIO DE EVALUACION DE LA CALIDAD Y CONTROL AMBIENTAL,,34,ETRA (Estacion de Transferencia),1,AUTOMATICA,NO,16/01/24 10:51,,31/12/23 15:50,2,ETRA,1,DESCARGA
4020836,31/12/23 00:00,31/12/23 16:10,SDA,1,TIPO DOMICILIARIO,3,LIMPIEZA DE DEPOSITOS,900,4450,3550,5,3,CAJA CERRADA,,,,,SERVICIO DE EVALUACION DE LA CALIDAD Y CONTROL AMBIENTAL,,,,,,50011,62873,1,SERVICIO DE EVALUACION DE LA CALIDAD Y CONTROL AMBIENTAL,,34,ETRA (Estacion de Transferencia),1,AUTOMATICA,NO,16/01/24 10:51,,31/12/23 16:22,2,ETRA,1,DESCARGA
4020837,31/12/23 00:00,31/12/23 16:53,STP,1,TIPO DOMICILIARIO,3,LIMPIEZA DE DEPOSITOS,540,3590,3050,5,44,CAJA ABIERTA CON VOLCADOR,,,,,SERVICIO DE EVALUACION DE LA CALIDAD Y CONTROL AMBIENTAL,,,,,,51113,64013,1,SERVICIO DE EVALUACION DE LA CALIDAD Y CONTROL AMBIENTAL,,34,ETRA (Estacion de Transferencia),1,AUTOMATICA,NO,16/01/24 10:51,,31/12/23 17:12,2,ETRA,1,DESCARGA
